image_file,image_id,role,word,surface,s_det,n_instances,n_patches,patch_frac,outside_crop,leak_max,seg,ell,ell_masked,delta,delta_lo,delta_ins,delta_lo_ins,delta_ctrl,delta_lo_ctrl,conf_drop_pct,mu_hat,sigma_hat,tau,decision,gt_label,outcome
COCO_val2014_000000144305.jpg,144305,candidate,laptop,laptop computer,0.6024,1,358,0.6215,0,0.000e+00,sam,-0.30435,-3.78480,3.48045,2.90625,3.22239,2.62500,0.59149,-0.03125,96.921,-0.74133,1.03005,0.28872,VERIFIED,REAL,TN
COCO_val2014_000000144305.jpg,144305,candidate,tv,monitor,0.6386,1,207,0.3594,0,0.000e+00,sam,-13.92544,-15.05373,1.12829,-0.65625,6.44905,3.68750,4.18828,0.35938,67.641,-0.74133,1.03005,0.28872,VERIFIED,HALLUCINATED,FN
COCO_val2014_000000144305.jpg,144305,candidate,keyboard,keyboard,0.3915,1,115,0.1997,0,0.000e+00,sam,-6.98403,-7.32614,0.34211,4.18750,4.49709,2.28125,0.20939,3.64063,28.973,-0.74133,1.03005,0.28872,VERIFIED,REAL,TN
COCO_val2014_000000144305.jpg,144305,candidate,mouse,mouse,0.3086,2,399,0.6927,0,0.000e+00,sam,-9.88247,-8.40280,-1.47967,-0.48438,-0.93805,-0.23438,0.45154,-0.39062,-339.149,-0.74133,1.03005,0.28872,HALLUCINATED,HALLUCINATED,TP
COCO_val2014_000000144305.jpg,144305,candidate,dining table,desk,0.2186,1,179,0.3108,0,0.000e+00,sam,-5.46067,-4.82787,-0.63279,1.46875,0.37150,2.98438,-0.75326,1.56250,-88.286,-0.74133,1.03005,0.28872,HALLUCINATED,REAL,FP
COCO_val2014_000000144305.jpg,144305,candidate,cell phone,cell phone,0.2753,1,45,0.0781,0,0.000e+00,sam,-4.21151,-4.24435,0.03283,1.21875,1.28304,3.56250,0.22922,1.31250,3.230,-0.74133,1.03005,0.28872,HALLUCINATED,HALLUCINATED,TP
COCO_val2014_000000144305.jpg,144305,candidate,computer,computer,0.4553,1,358,0.6215,0,0.000e+00,sam,-2.05435,-1.62015,-0.43420,1.60938,0.08817,1.45313,1.00695,0.62500,-54.372,-0.74133,1.03005,0.28872,HALLUCINATED,UNKNOWN,TN
COCO_val2014_000000144305.jpg,144305,candidate,phone,phone,0.2422,1,398,0.6910,0,0.000e+00,sam,-12.19497,-9.36893,-2.82604,0.03125,-2.81834,-0.42188,0.14630,-0.79687,-1587.856,-0.74133,1.03005,0.28872,HALLUCINATED,UNKNOWN,TN
COCO_val2014_000000144305.jpg,144305,probe,fire hydrant,,0.1031,1,399,0.6927,0,0.000e+00,sam,-5.33634,-3.94222,-1.39412,-0.18750,-0.83793,0.31250,-0.71305,-0.53125,-303.144,-0.74133,1.03005,0.28872,,GT_ABSENT,
COCO_val2014_000000144305.jpg,144305,probe,vase,,0.1180,1,202,0.3507,0,0.000e+00,sam,-8.63165,-7.91450,-0.71715,0.14063,1.43395,3.20313,0.77838,0.29688,-104.859,-0.74133,1.03005,0.28872,,GT_ABSENT,
COCO_val2014_000000144305.jpg,144305,probe,toaster,,0.1935,1,45,0.0781,0,0.000e+00,sam,-4.96911,-5.17092,0.20182,0.51562,-0.03984,2.98437,0.10557,0.48437,18.276,-0.74133,1.03005,0.28872,,GT_ABSENT,
COCO_val2014_000000144305.jpg,144305,probe,frisbee,,0.1484,1,199,0.3455,0,0.000e+00,sam,-3.97725,-3.62082,-0.35642,1.79687,-0.22219,5.21875,-0.29866,3.29687,-42.821,-0.74133,1.03005,0.28872,,GT_ABSENT,
COCO_val2014_000000144305.jpg,144305,probe,toothbrush,,0.1096,1,45,0.0781,0,0.000e+00,sam,-3.17720,-3.16471,-0.01249,-0.09375,0.50224,4.48437,0.23190,-0.20313,-1.257,-0.74133,1.03005,0.28872,,GT_ABSENT,
COCO_val2014_000000144305.jpg,144305,probe,knife,,0.1756,1,382,0.6632,0,0.000e+00,sam,-9.19645,-6.52666,-2.66979,0.01562,-2.20571,0.40625,0.31883,0.48438,-1343.699,-0.74133,1.03005,0.28872,,GT_ABSENT,
COCO_val2014_000000144305.jpg,144305,probe,,,0.0656,1,203,0.3524,0,0.000e+00,sam,-11.19497,-10.97436,-0.22061,-0.09375,1.55857,0.14062,0.97837,-0.37500,-24.683,-0.74133,1.03005,0.28872,,GT_ABSENT,
COCO_val2014_000000144305.jpg,144305,probe,potted plant,,0.0804,1,62,0.1076,0,0.000e+00,sam,-5.86703,-5.83960,-0.02743,0.00000,3.12275,1.42188,0.06079,-0.04687,-2.781,-0.74133,1.03005,0.28872,,GT_ABSENT,
COCO_val2014_000000144305.jpg,144305,probe,parking meter,,0.0831,1,202,0.3507,0,0.000e+00,sam,-5.58432,-5.23714,-0.34718,0.10938,0.03425,3.09375,0.07832,0.12500,-41.507,-0.74133,1.03005,0.28872,,GT_ABSENT,
COCO_val2014_000000144305.jpg,144305,probe,baseball bat,,0.1634,1,397,0.6892,0,0.000e+00,sam,-7.72021,-6.94330,-0.77691,0.39063,-0.54918,0.98437,1.37603,2.35938,-117.474,-0.74133,1.03005,0.28872,,GT_ABSENT,
COCO_val2014_000000144305.jpg,144305,probe,stop sign,,0.1059,1,202,0.3507,0,0.000e+00,sam,-7.17271,-6.51951,-0.65320,0.23438,0.08477,2.95313,-0.21751,0.28125,-92.168,-0.74133,1.03005,0.28872,,GT_ABSENT,
COCO_val2014_000000144305.jpg,144305,probe,microwave,,0.1801,1,376,0.6528,0,0.000e+00,sam,-3.64544,-2.48392,-1.16152,-0.50000,-1.05415,-0.07812,-0.08439,0.40625,-219.478,-0.74133,1.03005,0.28872,,GT_ABSENT,
COCO_val2014_000000144305.jpg,144305,probe,cat,,0.1731,1,397,0.6892,0,0.000e+00,sam,-13.82778,-9.76811,-4.05968,4.20313,-2.95512,3.81250,-1.30837,0.26563,-5695.560,-0.74133,1.03005,0.28872,,GT_ABSENT,
COCO_val2014_000000144305.jpg,144305,probe,wine glass,,0.0776,1,9,0.0156,0,0.000e+00,sam,-7.74725,-7.96022,0.21297,0.14063,2.99930,4.37500,0.20515,0.12500,19.182,-0.74133,1.03005,0.28872,,GT_ABSENT,
COCO_val2014_000000144305.jpg,144305,probe,hot dog,,0.1077,1,45,0.0781,0,0.000e+00,sam,-8.61235,-8.40411,-0.20825,-0.26562,2.91206,0.25000,0.02966,-0.03125,-23.152,-0.74133,1.03005,0.28872,,GT_ABSENT,
COCO_val2014_000000144305.jpg,144305,probe,traffic light,,0.0867,1,202,0.3507,0,0.000e+00,sam,-7.58695,-6.92056,-0.66639,-0.32813,-0.23781,1.57812,-0.16134,-0.01562,-94.719,-0.74133,1.03005,0.28872,,GT_ABSENT,
COCO_val2014_000000144305.jpg,144305,probe,hair drier,,0.0770,1,45,0.0781,0,0.000e+00,sam,-4.65673,-4.53295,-0.12378,0.20313,0.22900,3.62500,-0.20747,0.60938,-13.176,-0.74133,1.03005,0.28872,,GT_ABSENT,
COCO_val2014_000000144305.jpg,144305,probe,sports ball,,0.1335,1,45,0.0781,0,0.000e+00,sam,-7.32486,-7.29911,-0.02576,-0.37500,2.98644,2.45313,-0.10949,-1.53125,-2.609,-0.74133,1.03005,0.28872,,GT_ABSENT,
COCO_val2014_000000144305.jpg,144305,probe,bench,,0.1872,1,393,0.6823,0,0.000e+00,sam,-6.51108,-5.31779,-1.19329,0.42188,-0.84132,0.67188,-0.03568,0.43750,-229.791,-0.74133,1.03005,0.28872,,GT_ABSENT,
COCO_val2014_000000144305.jpg,144305,probe,baseball glove,,0.1290,1,397,0.6892,0,0.000e+00,sam,-5.12870,-4.50135,-0.62734,1.21875,-0.40780,1.20313,-0.09303,0.90625,-87.263,-0.74133,1.03005,0.28872,,GT_ABSENT,
COCO_val2014_000000164091.jpg,164091,candidate,bed,bed,0.4246,1,160,0.2778,0,0.000e+00,sam,-3.31313,-4.20191,0.88878,3.51563,3.73635,2.43750,1.71818,2.82813,58.884,-0.07228,0.40395,0.33166,VERIFIED,REAL,TN
COCO_val2014_000000164091.jpg,164091,candidate,teddy bear,teddy bear,0.5231,1,25,0.0434,0,0.000e+00,sam,-1.70145,-2.04281,0.34136,2.76562,0.06087,1.95312,0.34859,2.71875,28.920,-0.07228,0.40395,0.33166,VERIFIED,REAL,TN
COCO_val2014_000000164091.jpg,164091,candidate,baby carriage,baby carriage,0.9156,1,131,0.2274,0,0.000e+00,sam,-3.62834,-6.71040,3.08205,3.09375,2.19784,1.51562,3.55013,3.04688,95.413,-0.07228,0.40395,0.33166,VERIFIED,UNKNOWN,TN
COCO_val2014_000000164091.jpg,164091,candidate,black,black,0.5828,1,61,0.1059,0,0.000e+00,sam,-7.78188,-7.71424,-0.06765,0.34375,6.10959,1.95313,0.25824,0.23438,-6.999,-0.07228,0.40395,0.33166,HALLUCINATED,UNKNOWN,TN
COCO_val2014_000000164091.jpg,164091,candidate,dress,dress,0.3480,1,81,0.1406,0,0.000e+00,sam,-6.56313,-6.29345,-0.26969,-0.25000,2.39494,-0.09375,-0.28859,-0.15625,-30.955,-0.07228,0.40395,0.33166,HALLUCINATED,UNKNOWN,TN
COCO_val2014_000000164091.jpg,164091,candidate,teddy,teddy,0.3901,2,125,0.2170,0,0.000e+00,sam,-2.55112,-3.37640,0.82528,2.42188,0.90574,2.60937,1.07961,3.04687,56.189,-0.07228,0.40395,0.33166,VERIFIED,UNKNOWN,TN
COCO_val2014_000000164091.jpg,164091,candidate,white,white,0.7375,1,121,0.2101,0,0.000e+00,sam,-4.93813,-5.67142,0.73329,0.14063,2.39088,1.21875,0.86295,0.59375,51.967,-0.07228,0.40395,0.33166,VERIFIED,UNKNOWN,TN
COCO_val2014_000000164091.jpg,164091,candidate,bear,bear,0.3540,1,132,0.2292,0,0.000e+00,sam,-10.26626,-10.79187,0.52561,0.26562,-0.48773,-5.12500,0.66037,0.20312,40.881,-0.07228,0.40395,0.33166,VERIFIED,UNKNOWN,TN
COCO_val2014_000000164091.jpg,164091,candidate,doll,doll,0.4883,2,182,0.3160,0,0.000e+00,sam,-0.43813,-6.32555,5.88741,2.95312,5.14376,2.56250,5.24564,1.96875,99.723,-0.07228,0.40395,0.33166,VERIFIED,UNKNOWN,TN
COCO_val2014_000000164091.jpg,164091,probe,,,0.0530,1,141,0.2448,0,0.000e+00,sam,-10.00845,-9.96502,-0.04342,0.18750,-0.27178,0.20312,-0.00217,0.18750,-4.438,-0.07228,0.40395,0.33166,,GT_ABSENT,
COCO_val2014_000000164091.jpg,164091,probe,hot dog,,0.1881,1,133,0.2309,0,0.000e+00,sam,-7.72091,-7.61682,-0.10409,-0.21875,3.09477,2.50000,-0.05166,-0.23437,-10.970,-0.07228,0.40395,0.33166,,GT_ABSENT,
COCO_val2014_000000164091.jpg,164091,probe,potted plant,,0.1734,1,141,0.2448,0,0.000e+00,sam,-4.76149,-4.98795,0.22646,-0.01562,1.00695,-0.28125,0.26377,-0.07813,20.265,-0.07228,0.40395,0.33166,,GT_ABSENT,
COCO_val2014_000000164091.jpg,164091,probe,cup,,0.2402,1,131,0.2274,0,0.000e+00,sam,-10.43032,-10.81078,0.38046,-0.53125,3.60827,-0.75000,0.55859,-0.70313,31.645,-0.07228,0.40395,0.33166,,GT_ABSENT,
COCO_val2014_000000164091.jpg,164091,probe,frisbee,,0.1420,1,132,0.2292,0,0.000e+00,sam,-6.10705,-5.83985,-0.26720,-0.37500,3.48751,2.42188,-0.18849,-0.35937,-30.630,-0.07228,0.40395,0.33166,,GT_ABSENT,
COCO_val2014_000000164091.jpg,164091,probe,wine glass,,0.1940,1,131,0.2274,0,0.000e+00,sam,-6.23048,-6.45014,0.21966,-1.03125,1.30211,-0.17188,0.31312,-1.12500,19.721,-0.07228,0.40395,0.33166,,GT_ABSENT,
COCO_val2014_000000164091.jpg,164091,probe,handbag,,0.2623,1,130,0.2257,0,0.000e+00,sam,-6.14214,-6.30278,0.16064,-0.81250,4.05330,0.65625,0.14165,-0.98438,14.840,-0.07228,0.40395,0.33166,,GT_ABSENT,
COCO_val2014_000000164091.jpg,164091,probe,toaster,,0.1447,1,130,0.2257,0,0.000e+00,sam,-7.03362,-6.99246,-0.04117,-0.65625,2.22287,-0.65625,0.00361,-0.37500,-4.203,-0.07228,0.40395,0.33166,,GT_ABSENT,
COCO_val2014_000000164091.jpg,164091,probe,baseball bat,,0.2290,1,130,0.2257,0,0.000e+00,sam,-6.27793,-6.41383,0.13590,-1.26562,1.44275,0.57812,0.19459,-0.78125,12.707,-0.07228,0.40395,0.33166,,GT_ABSENT,
COCO_val2014_000000164091.jpg,164091,probe,knife,,0.1915,1,130,0.2257,0,0.000e+00,sam,-8.47138,-7.61282,-0.85856,-1.09375,1.40376,-2.56250,-0.71025,-0.87500,-135.975,-0.07228,0.40395,0.33166,,GT_ABSENT,
COCO_val2014_000000164091.jpg,164091,probe,bowl,,0.2641,1,132,0.2292,0,0.000e+00,sam,-6.51411,-6.68635,0.17224,0.45312,3.41291,1.12500,0.34429,0.59375,15.822,-0.07228,0.40395,0.33166,,GT_ABSENT,
COCO_val2014_000000164091.jpg,164091,probe,parking meter,,0.0844,1,131,0.2274,0,0.000e+00,sam,-7.21327,-7.57907,0.36580,-0.04688,3.82125,0.53125,0.89715,-0.01562,30.636,-0.07228,0.40395,0.33166,,GT_ABSENT,
COCO_val2014_000000164091.jpg,164091,probe,motorcycle,,0.2649,1,133,0.2309,0,0.000e+00,sam,-7.81572,-6.72138,-1.09435,-0.56250,1.55226,0.64063,-0.95179,-0.42187,-198.723,-0.07228,0.40395,0.33166,,GT_ABSENT,
COCO_val2014_000000164091.jpg,164091,probe,tennis racket,,0.2043,1,128,0.2222,0,0.000e+00,sam,-4.39760,-4.83014,0.43253,-1.21875,2.88714,0.96875,0.45201,-0.82813,35.114,-0.07228,0.40395,0.33166,,GT_ABSENT,
COCO_val2014_000000164091.jpg,164091,probe,traffic light,,0.1422,1,129,0.2240,0,0.000e+00,sam,-8.72255,-8.40524,-0.31730,-0.35937,2.22042,-0.06250,-0.10098,-0.48437,-37.342,-0.07228,0.40395,0.33166,,GT_ABSENT,
COCO_val2014_000000164091.jpg,164091,probe,toothbrush,,0.1594,1,3,0.0052,0,0.000e+00,sam,-3.30992,-3.32274,0.01282,0.01563,1.04099,2.82813,0.02078,0.03125,1.274,-0.07228,0.40395,0.33166,,GT_ABSENT,
COCO_val2014_000000164091.jpg,164091,probe,stop sign,,0.0815,1,132,0.2292,0,0.000e+00,sam,-8.84822,-8.33303,-0.51519,0.12500,2.94741,0.92187,-0.29198,-0.01563,-67.396,-0.07228,0.40395,0.33166,,GT_ABSENT,
COCO_val2014_000000164091.jpg,164091,probe,hair drier,,0.0846,1,24,0.0417,0,0.000e+00,sam,-6.52651,-6.42161,-0.10489,0.01562,2.58445,1.75000,-0.12686,0.03125,-11.059,-0.07228,0.40395,0.33166,,GT_ABSENT,
COCO_val2014_000000164091.jpg,164091,probe,surfboard,,0.2613,1,131,0.2274,0,0.000e+00,sam,-5.35757,-4.98376,-0.37381,-0.40625,1.99791,2.15625,-0.38884,-0.40625,-45.327,-0.07228,0.40395,0.33166,,GT_ABSENT,
COCO_val2014_000000164091.jpg,164091,probe,sports ball,,0.1122,1,132,0.2292,0,0.000e+00,sam,-7.10754,-7.27532,0.16778,-0.12500,3.59558,1.56250,0.63216,0.26563,15.446,-0.07228,0.40395,0.33166,,GT_ABSENT,
COCO_val2014_000000308003.jpg,308003,candidate,bench,bench,0.5340,1,413,0.7170,0,0.000e+00,sam,-0.70480,-3.62678,2.92198,7.23438,2.91194,5.53125,3.26035,3.75000,94.617,-0.63700,0.54165,-0.09535,VERIFIED,REAL,TN
COCO_val2014_000000308003.jpg,308003,candidate,green,green,0.6566,1,310,0.5382,0,0.000e+00,sam,-2.16732,-6.59527,4.42794,2.71875,4.55749,2.54688,4.53342,2.43750,98.806,-0.63700,0.54165,-0.09535,VERIFIED,UNKNOWN,TN
COCO_val2014_000000308003.jpg,308003,candidate,dirt,dirt,0.4036,1,122,0.2118,0,0.000e+00,sam,-4.43627,-4.38253,-0.05374,2.03125,0.24666,1.18750,-0.11932,1.65625,-5.521,-0.63700,0.54165,-0.09535,VERIFIED,UNKNOWN,TN
COCO_val2014_000000308003.jpg,308003,candidate,tree,tree,0.4417,2,90,0.1562,0,0.000e+00,sam,-5.68295,-5.62389,-0.05906,1.18750,-0.48871,-1.45312,-0.13832,1.04688,-6.084,-0.63700,0.54165,-0.09535,VERIFIED,UNKNOWN,TN
COCO_val2014_000000308003.jpg,308003,probe,backpack,,0.2105,1,310,0.5382,0,0.000e+00,sam,-5.32120,-4.50505,-0.81615,-1.04687,-1.14656,-1.06250,-0.80763,-0.64062,-126.178,-0.63700,0.54165,-0.09535,,GT_ABSENT,
COCO_val2014_000000308003.jpg,308003,probe,,,0.0510,1,310,0.5382,0,0.000e+00,sam,-10.78451,-10.28277,-0.50174,-0.29688,0.84265,-0.29688,0.49826,-0.14062,-65.160,-0.63700,0.54165,-0.09535,,GT_ABSENT,
COCO_val2014_000000308003.jpg,308003,probe,microwave,,0.1833,1,310,0.5382,0,0.000e+00,sam,-4.38670,-4.11731,-0.26939,-0.87500,-0.19941,-0.57812,0.01853,-0.60937,-30.917,-0.63700,0.54165,-0.09535,,GT_ABSENT,
COCO_val2014_000000308003.jpg,308003,probe,sports ball,,0.1488,1,310,0.5382,0,0.000e+00,sam,-8.20031,-6.83090,-1.36941,-1.45312,-0.16069,-1.39062,-0.11677,-1.00000,-293.302,-0.63700,0.54165,-0.09535,,GT_ABSENT,
COCO_val2014_000000308003.jpg,308003,probe,toaster,,0.0643,1,0,0.0000,1,0.000e+00,sam,-8.57366,-8.57366,0.00000,0.00000,,,,,0.000,-0.63700,0.54165,-0.09535,,GT_ABSENT,
COCO_val2014_000000308003.jpg,308003,probe,teddy bear,,0.2222,1,310,0.5382,0,0.000e+00,sam,-4.11420,-3.73748,-0.37672,-1.43750,-0.02354,-1.43750,0.02602,-0.96875,-45.749,-0.63700,0.54165,-0.09535,,GT_ABSENT,
COCO_val2014_000000308003.jpg,308003,probe,spoon,,0.1355,1,310,0.5382,0,0.000e+00,sam,-8.25727,-7.29865,-0.95861,-1.21875,-0.55202,-1.15625,-0.64144,-0.89062,-160.808,-0.63700,0.54165,-0.09535,,GT_ABSENT,
COCO_val2014_000000308003.jpg,308003,probe,baseball glove,,0.0799,1,310,0.5382,0,0.000e+00,sam,-4.91913,-4.71014,-0.20899,-0.85937,-0.21181,-0.78125,-0.03581,-0.56250,-23.243,-0.63700,0.54165,-0.09535,,GT_ABSENT,
COCO_val2014_000000308003.jpg,308003,probe,hot dog,,0.2257,1,310,0.5382,0,0.000e+00,sam,-6.69997,-6.10849,-0.59148,-0.92188,-0.07539,-0.93750,0.38036,-0.45313,-80.665,-0.63700,0.54165,-0.09535,,GT_ABSENT,
COCO_val2014_000000308003.jpg,308003,probe,bottle,,0.2306,1,310,0.5382,0,0.000e+00,sam,-6.20593,-6.04422,-0.16171,-1.42188,0.32439,-1.40625,0.33619,-0.75000,-17.552,-0.63700,0.54165,-0.09535,,GT_ABSENT,
COCO_val2014_000000308003.jpg,308003,probe,stop sign,,0.1797,1,310,0.5382,0,0.000e+00,sam,-5.08718,-4.50470,-0.58248,-1.68750,-0.69024,-1.53125,-0.28868,-1.46875,-79.046,-0.63700,0.54165,-0.09535,,GT_ABSENT,
COCO_val2014_000000308003.jpg,308003,probe,motorcycle,,0.1873,1,310,0.5382,0,0.000e+00,sam,-6.53891,-5.43576,-1.10315,-0.90625,-0.75490,-0.81250,-0.29169,-0.68750,-201.365,-0.63700,0.54165,-0.09535,,GT_ABSENT,
COCO_val2014_000000308003.jpg,308003,probe,knife,,0.2289,1,310,0.5382,0,0.000e+00,sam,-8.00379,-6.67204,-1.33175,-1.42187,-0.95833,-1.29688,-0.56962,-0.64063,-278.767,-0.63700,0.54165,-0.09535,,GT_ABSENT,
COCO_val2014_000000308003.jpg,308003,probe,toothbrush,,0.1822,1,310,0.5382,0,0.000e+00,sam,-3.46450,-2.98485,-0.47965,-2.25000,-0.06014,-2.18750,0.03802,-1.60938,-61.551,-0.63700,0.54165,-0.09535,,GT_ABSENT,
COCO_val2014_000000308003.jpg,308003,probe,tennis racket,,0.1405,1,310,0.5382,0,0.000e+00,sam,-5.19912,-5.27968,0.08056,-1.00000,0.86097,-0.82812,1.00437,-0.71875,7.740,-0.63700,0.54165,-0.09535,,GT_ABSENT,
COCO_val2014_000000308003.jpg,308003,probe,broccoli,,0.1553,1,310,0.5382,0,0.000e+00,sam,-4.47282,-3.78580,-0.68701,-1.01563,-0.51265,-1.03125,-0.09682,-0.98438,-98.777,-0.63700,0.54165,-0.09535,,GT_ABSENT,
COCO_val2014_000000308003.jpg,308003,probe,wine glass,,0.1261,1,310,0.5382,0,0.000e+00,sam,-7.80374,-6.78305,-1.02069,-1.14062,-0.49343,-1.00000,-0.44051,-0.87500,-177.511,-0.63700,0.54165,-0.09535,,GT_ABSENT,
COCO_val2014_000000308003.jpg,308003,probe,parking meter,,0.2288,1,310,0.5382,0,0.000e+00,sam,-4.35440,-3.56793,-0.78647,-1.07812,-1.10614,-0.84375,-0.17881,-0.65625,-119.564,-0.63700,0.54165,-0.09535,,GT_ABSENT,
COCO_val2014_000000308003.jpg,308003,probe,apple,,0.1844,1,310,0.5382,0,0.000e+00,sam,-16.96713,-17.27593,0.30880,-1.34375,0.65759,-1.32812,0.35721,-1.14063,26.567,-0.63700,0.54165,-0.09535,,GT_ABSENT,
COCO_val2014_000000308003.jpg,308003,probe,hair drier,,0.0671,1,310,0.5382,0,0.000e+00,sam,-7.10010,-5.21610,-1.88401,-1.60937,-1.38283,-1.53125,-0.50464,-1.25000,-557.983,-0.63700,0.54165,-0.09535,,GT_ABSENT,
COCO_val2014_000000054870.jpg,54870,candidate,sandwich,sandwich,0.3707,3,173,0.3003,0,0.000e+00,sam,-0.86437,-3.31236,2.44800,6.15625,2.27954,6.00000,2.42813,6.25000,91.353,0.06739,0.18277,0.25015,VERIFIED,REAL,TN
COCO_val2014_000000054870.jpg,54870,candidate,knife,knife,0.3870,1,52,0.0903,0,0.000e+00,sam,-2.45419,-5.00962,2.55543,6.73438,3.48134,5.95313,2.88158,6.95312,92.234,0.06739,0.18277,0.25015,VERIFIED,REAL,TN
COCO_val2014_000000054870.jpg,54870,candidate,lettuce,lettuce,0.3569,2,356,0.6181,0,0.000e+00,sam,-3.36419,-5.37165,2.00746,2.29687,2.44627,2.31250,1.87848,2.43750,86.567,0.06739,0.18277,0.25015,VERIFIED,UNKNOWN,TN
COCO_val2014_000000054870.jpg,54870,candidate,plate,plate,0.7414,1,107,0.1858,0,0.000e+00,sam,-0.66585,-1.02894,0.36310,0.90625,-1.60726,0.92188,0.40411,0.57812,30.448,0.06739,0.18277,0.25015,VERIFIED,UNKNOWN,TN
COCO_val2014_000000054870.jpg,54870,candidate,salad,salad,0.5935,1,276,0.4792,0,0.000e+00,sam,-2.18847,-4.15133,1.96286,3.53125,3.35669,4.18750,3.12959,4.23437,85.954,0.06739,0.18277,0.25015,VERIFIED,UNKNOWN,TN
COCO_val2014_000000054870.jpg,54870,candidate,half,half,0.5045,2,161,0.2795,0,0.000e+00,sam,-5.92366,-8.02223,2.09857,-0.48438,2.44284,0.98437,1.95922,-0.34375,87.737,0.06739,0.18277,0.25015,VERIFIED,UNKNOWN,TN
COCO_val2014_000000054870.jpg,54870,probe,parking meter,,0.0666,1,83,0.1441,0,0.000e+00,sam,-5.55124,-5.45492,-0.09632,0.01563,0.69507,2.62500,-0.04603,0.06250,-10.112,0.06739,0.18277,0.25015,,GT_ABSENT,
COCO_val2014_000000054870.jpg,54870,probe,potted plant,,0.1584,1,83,0.1441,0,0.000e+00,sam,-5.41577,-5.32312,-0.09265,-0.32813,1.83211,1.34375,-0.16151,-0.21875,-9.708,0.06739,0.18277,0.25015,,GT_ABSENT,
COCO_val2014_000000054870.jpg,54870,probe,skateboard,,0.1691,1,83,0.1441,0,0.000e+00,sam,-5.65765,-5.78735,0.12969,-0.09375,1.23345,2.14062,0.24871,-0.12500,12.164,0.06739,0.18277,0.25015,,GT_ABSENT,
COCO_val2014_000000054870.jpg,54870,probe,frisbee,,0.1489,1,82,0.1424,0,0.000e+00,sam,-2.97968,-3.04410,0.06442,-0.18750,0.73464,3.00000,0.07925,-0.18750,6.239,0.06739,0.18277,0.25015,,GT_ABSENT,
COCO_val2014_000000054870.jpg,54870,probe,hair drier,,0.1553,1,83,0.1441,0,0.000e+00,sam,-5.77416,-5.59313,-0.18103,-0.09375,0.42600,3.28125,0.00686,0.00000,-19.845,0.06739,0.18277,0.25015,,GT_ABSENT,
COCO_val2014_000000054870.jpg,54870,probe,motorcycle,,0.1434,1,83,0.1441,0,0.000e+00,sam,-6.91731,-6.94654,0.02923,-0.12500,0.71647,1.98438,0.13000,-0.06250,2.881,0.06739,0.18277,0.25015,,GT_ABSENT,
COCO_val2014_000000054870.jpg,54870,probe,baseball glove,,0.1651,1,83,0.1441,0,0.000e+00,sam,-4.97093,-5.31312,0.34219,-0.10938,0.37634,2.67187,0.53438,-0.17188,28.979,0.06739,0.18277,0.25015,,GT_ABSENT,
COCO_val2014_000000054870.jpg,54870,probe,baseball bat,,0.1605,1,83,0.1441,0,0.000e+00,sam,-7.09689,-7.35236,0.25547,-0.03125,-0.13467,3.51562,0.19120,0.07812,22.545,0.06739,0.18277,0.25015,,GT_ABSENT,
COCO_val2014_000000054870.jpg,54870,probe,snowboard,,0.1625,1,83,0.1441,0,0.000e+00,sam,-9.41022,-9.23335,-0.17687,-0.15625,1.82486,2.53125,0.01179,-0.14063,-19.348,0.06739,0.18277,0.25015,,GT_ABSENT,
COCO_val2014_000000054870.jpg,54870,probe,wine glass,,0.2177,1,167,0.2899,0,0.000e+00,sam,-5.97629,-6.12425,0.14797,1.45313,0.67797,1.43750,0.00000,0.00000,13.754,0.06739,0.18277,0.25015,,GT_ABSENT,
COCO_val2014_000000054870.jpg,54870,probe,,,0.0490,1,83,0.1441,0,0.000e+00,sam,-10.84553,-11.15918,0.31365,0.01562,3.09642,0.71875,0.33644,0.00000,26.923,0.06739,0.18277,0.25015,,GT_ABSENT,
COCO_val2014_000000054870.jpg,54870,probe,toothbrush,,0.1470,1,83,0.1441,0,0.000e+00,sam,-4.42316,-4.44331,0.02015,-0.06250,1.55254,3.65625,-0.15288,0.95312,1.994,0.06739,0.18277,0.25015,,GT_ABSENT,
COCO_val2014_000000054870.jpg,54870,probe,stop sign,,0.0588,1,83,0.1441,0,0.000e+00,sam,-6.19455,-6.45986,0.26531,-0.34375,1.32381,1.56250,0.33476,-0.29687,23.303,0.06739,0.18277,0.25015,,GT_ABSENT,
COCO_val2014_000000054870.jpg,54870,probe,sports ball,,0.1332,1,83,0.1441,0,0.000e+00,sam,-7.53576,-7.67266,0.13690,-0.14062,1.16974,3.01563,0.03979,-0.09375,12.794,0.06739,0.18277,0.25015,,GT_ABSENT,
COCO_val2014_000000054870.jpg,54870,probe,suitcase,,0.2041,1,83,0.1441,0,0.000e+00,sam,-6.40381,-6.43861,0.03480,-0.03125,0.30527,2.01563,0.10139,-0.00000,3.421,0.06739,0.18277,0.25015,,GT_ABSENT,
COCO_val2014_000000054870.jpg,54870,probe,tv,,0.2018,1,167,0.2899,0,0.000e+00,sam,-16.87483,-16.57269,-0.30214,0.29687,0.65796,0.01563,0.00000,0.00000,-35.275,0.06739,0.18277,0.25015,,GT_ABSENT,
COCO_val2014_000000054870.jpg,54870,probe,fire hydrant,,0.1834,1,83,0.1441,0,0.000e+00,sam,-5.89443,-6.22223,0.32781,-0.03125,2.46059,2.92188,0.41157,-0.06250,27.950,0.06739,0.18277,0.25015,,GT_ABSENT,
COCO_val2014_000000054870.jpg,54870,probe,traffic light,,0.1090,1,83,0.1441,0,0.000e+00,sam,-7.75692,-7.88296,0.12604,0.59375,2.16889,2.17187,0.19786,0.45312,11.842,0.06739,0.18277,0.25015,,GT_ABSENT,
COCO_val2014_000000054870.jpg,54870,probe,backpack,,0.2027,1,83,0.1441,0,0.000e+00,sam,-7.88600,-7.97040,0.08440,-0.09375,2.02730,2.07813,0.12991,-0.09375,8.094,0.06739,0.18277,0.25015,,GT_ABSENT,
COCO_val2014_000000054870.jpg,54870,probe,tennis racket,,0.1756,1,83,0.1441,0,0.000e+00,sam,-5.22915,-5.14789,-0.08126,-0.14062,0.49732,3.15625,-0.02251,-0.10937,-8.465,0.06739,0.18277,0.25015,,GT_ABSENT,
COCO_val2014_000000095908.jpg,95908,candidate,mouse,mouse,0.6692,1,65,0.1128,0,0.000e+00,sam,-2.28560,-5.47376,3.18816,4.57812,1.37726,-0.60937,3.11907,4.29687,95.875,0.12895,0.54656,0.67550,VERIFIED,REAL,TN
COCO_val2014_000000095908.jpg,95908,candidate,keyboard,keyboard,0.5097,2,144,0.2500,0,0.000e+00,sam,-4.52779,-5.62617,1.09838,5.62500,4.07570,5.25000,2.08599,6.04688,66.659,0.12895,0.54656,0.67550,VERIFIED,REAL,TN
COCO_val2014_000000095908.jpg,95908,candidate,dining table,desk,0.4505,1,198,0.3438,0,0.000e+00,sam,-4.35800,-4.06266,-0.29534,0.23438,1.31464,-0.09375,-0.26736,-0.62500,-34.358,0.12895,0.54656,0.67550,HALLUCINATED,REAL,FP
COCO_val2014_000000095908.jpg,95908,candidate,computer,computer,0.3376,2,127,0.2205,0,0.000e+00,sam,-0.81685,-1.10329,0.28644,1.46875,-0.44627,0.40625,-0.86572,1.31250,24.907,0.12895,0.54656,0.67550,HALLUCINATED,UNKNOWN,TN
COCO_val2014_000000095908.jpg,95908,candidate,coffee,coffee,0.4817,1,136,0.2361,0,0.000e+00,sam,-1.99654,-10.01317,8.01663,3.48438,6.33320,4.21875,8.93117,2.46875,99.967,0.12895,0.54656,0.67550,VERIFIED,UNKNOWN,TN
COCO_val2014_000000095908.jpg,95908,candidate,silver,silver,0.3748,2,201,0.3490,0,0.000e+00,sam,-2.23092,-3.67559,1.44467,-0.21875,1.94120,-0.75000,0.39432,-0.07812,76.418,0.12895,0.54656,0.67550,VERIFIED,UNKNOWN,TN
COCO_val2014_000000095908.jpg,95908,candidate,pot,pot,0.1483,1,191,0.3316,0,0.000e+00,sam,-6.94185,-12.42731,5.48546,4.03125,10.39515,4.43750,6.42585,3.92188,99.585,0.12895,0.54656,0.67550,VERIFIED,UNKNOWN,TN
COCO_val2014_000000095908.jpg,95908,probe,teddy bear,,0.1269,1,199,0.3455,0,0.000e+00,sam,-3.55529,-3.45688,-0.09842,-0.42188,-0.48354,0.75000,-0.09679,0.06250,-10.342,0.12895,0.54656,0.67550,,GT_ABSENT,
COCO_val2014_000000095908.jpg,95908,probe,baseball glove,,0.0630,1,65,0.1128,0,0.000e+00,sam,-4.46837,-4.59162,0.12325,-0.35937,0.33821,0.81250,0.21918,-0.43750,11.596,0.12895,0.54656,0.67550,,GT_ABSENT,
COCO_val2014_000000095908.jpg,95908,probe,umbrella,,0.1406,1,191,0.3316,0,0.000e+00,sam,-4.98332,-5.21568,0.23236,0.12500,-0.14861,-0.17188,0.35527,0.35937,20.734,0.12895,0.54656,0.67550,,GT_ABSENT,
COCO_val2014_000000095908.jpg,95908,probe,parking meter,,0.0904,1,65,0.1128,0,0.000e+00,sam,-4.61529,-4.20708,-0.40821,-0.28125,-0.67797,0.59375,-0.37248,-0.25000,-50.412,0.12895,0.54656,0.67550,,GT_ABSENT,
COCO_val2014_000000095908.jpg,95908,probe,skis,,0.1520,1,191,0.3316,0,0.000e+00,sam,-9.30494,-10.35934,1.05440,0.03125,-0.55818,1.56250,1.41669,0.54687,65.160,0.12895,0.54656,0.67550,,GT_ABSENT,
COCO_val2014_000000095908.jpg,95908,probe,,,0.0416,1,191,0.3316,0,0.000e+00,sam,-9.19576,-10.56403,1.36827,0.25000,2.57875,0.07813,1.48835,-0.26562,74.545,0.12895,0.54656,0.67550,,GT_ABSENT,
COCO_val2014_000000095908.jpg,95908,probe,bed,,0.1585,1,187,0.3247,0,0.000e+00,sam,-8.80123,-8.46637,-0.33486,-0.56250,2.11415,-0.43750,-0.68969,-0.46875,-39.775,0.12895,0.54656,0.67550,,GT_ABSENT,
COCO_val2014_000000095908.jpg,95908,probe,hair drier,,0.1432,1,191,0.3316,0,0.000e+00,sam,-3.52340,-4.23399,0.71059,0.37500,-0.22174,1.46875,0.77951,1.53125,50.864,0.12895,0.54656,0.67550,,GT_ABSENT,
COCO_val2014_000000095908.jpg,95908,probe,person,,0.1609,1,191,0.3316,0,0.000e+00,sam,-9.96529,-9.19294,-0.77235,0.10937,-0.90172,1.85937,-0.34368,0.21875,-116.486,0.12895,0.54656,0.67550,,GT_ABSENT,
COCO_val2014_000000095908.jpg,95908,probe,skateboard,,0.1178,1,191,0.3316,0,0.000e+00,sam,-4.33724,-4.49008,0.15284,-0.32812,-1.21626,0.73438,0.51359,0.04688,14.173,0.12895,0.54656,0.67550,,GT_ABSENT,
COCO_val2014_000000095908.jpg,95908,probe,baseball bat,,0.0858,1,191,0.3316,0,0.000e+00,sam,-6.43287,-7.08713,0.65426,-0.25000,0.01550,1.48437,0.88893,0.01562,48.017,0.12895,0.54656,0.67550,,GT_ABSENT,
COCO_val2014_000000095908.jpg,95908,probe,fire hydrant,,0.1532,1,191,0.3316,0,0.000e+00,sam,-4.66257,-5.24495,0.58238,-0.32812,0.42145,0.76562,1.01562,-0.15625,44.143,0.12895,0.54656,0.67550,,GT_ABSENT,
COCO_val2014_000000095908.jpg,95908,probe,surfboard,,0.1203,1,185,0.3212,0,0.000e+00,sam,-3.93243,-4.23617,0.30374,-0.28125,1.70007,0.34375,0.38014,-0.14062,26.194,0.12895,0.54656,0.67550,,GT_ABSENT,
COCO_val2014_000000095908.jpg,95908,probe,stop sign,,0.0821,1,65,0.1128,0,0.000e+00,sam,-6.23454,-5.77512,-0.45941,-0.10938,0.22244,0.23437,-0.40173,-0.29688,-58.315,0.12895,0.54656,0.67550,,GT_ABSENT,
COCO_val2014_000000095908.jpg,95908,probe,tennis racket,,0.1060,1,191,0.3316,0,0.000e+00,sam,-4.02870,-4.00662,-0.02208,0.04688,-0.67785,2.43750,0.07734,0.79688,-2.232,0.12895,0.54656,0.67550,,GT_ABSENT,
COCO_val2014_000000095908.jpg,95908,probe,motorcycle,,0.1222,1,191,0.3316,0,0.000e+00,sam,-6.53335,-6.83927,0.30592,0.04687,0.31868,1.85937,0.61058,0.46875,26.355,0.12895,0.54656,0.67550,,GT_ABSENT,
COCO_val2014_000000095908.jpg,95908,probe,backpack,,0.1294,1,191,0.3316,0,0.000e+00,sam,-6.22115,-5.65316,-0.56799,-0.67187,-0.47687,-0.04687,-0.13480,-0.53125,-76.472,0.12895,0.54656,0.67550,,GT_ABSENT,
COCO_val2014_000000095908.jpg,95908,probe,snowboard,,0.0967,1,191,0.3316,0,0.000e+00,sam,-8.47769,-8.25705,-0.22063,0.04688,-1.41341,1.17188,0.58288,0.06250,-24.687,0.12895,0.54656,0.67550,,GT_ABSENT,
COCO_val2014_000000095908.jpg,95908,probe,traffic light,,0.0842,1,191,0.3316,0,0.000e+00,sam,-7.19328,-7.23421,0.04093,-0.06250,0.39963,2.32813,0.35472,0.26563,4.010,0.12895,0.54656,0.67550,,GT_ABSENT,
COCO_val2014_000000095908.jpg,95908,probe,toothbrush,,0.0835,1,65,0.1128,0,0.000e+00,sam,-2.86995,-2.80389,-0.06606,-0.39062,-0.10437,0.64062,0.11684,-0.42188,-6.829,0.12895,0.54656,0.67550,,GT_ABSENT,
COCO_val2014_000000329614.jpg,329614,candidate,car,car,0.5175,10,49,0.0851,0,0.000e+00,sam,-3.39613,-6.44333,3.04719,4.95312,2.94097,4.51563,3.22247,5.00000,95.251,-0.18912,0.38466,0.19554,VERIFIED,REAL,TN
COCO_val2014_000000329614.jpg,329614,candidate,traffic light,traffic light,0.4408,2,42,0.0729,0,0.000e+00,sam,-2.30792,-3.12505,0.81713,2.81250,-1.06447,-0.50000,0.86798,2.67187,55.830,-0.18912,0.38466,0.19554,VERIFIED,HALLUCINATED,FN
COCO_val2014_000000329614.jpg,329614,candidate,clock,clock,0.4000,1,0,0.0000,1,0.000e+00,sam,-5.52894,-5.52894,0.00000,0.00000,,,,,0.000,-0.18912,0.38466,0.19554,HALLUCINATED,HALLUCINATED,TP
COCO_val2014_000000329614.jpg,329614,candidate,intersection,intersection,0.4682,1,117,0.2031,0,0.000e+00,sam,-8.62269,-9.97137,1.34867,1.07812,-1.89777,-1.87500,1.63216,0.89062,74.041,-0.18912,0.38466,0.19554,VERIFIED,UNKNOWN,TN
COCO_val2014_000000329614.jpg,329614,candidate,building,building,0.6524,1,292,0.5069,0,0.000e+00,sam,-5.04457,-5.19884,0.15427,0.29687,2.87272,0.07813,0.76582,-1.87500,14.296,-0.18912,0.38466,0.19554,HALLUCINATED,UNKNOWN,TN
COCO_val2014_000000329614.jpg,329614,candidate,traffic,traffic,0.2802,1,41,0.0712,0,0.000e+00,sam,-4.09144,-3.68875,-0.40270,0.37500,-4.12656,-2.31250,-0.16977,0.40625,-49.585,-0.18912,0.38466,0.19554,HALLUCINATED,UNKNOWN,TN
COCO_val2014_000000329614.jpg,329614,candidate,yellow,yellow,0.7526,1,41,0.0712,0,0.000e+00,sam,-1.96644,-6.91531,4.94886,0.95312,4.01797,-2.06250,5.01323,0.79687,99.291,-0.18912,0.38466,0.19554,VERIFIED,UNKNOWN,TN
COCO_val2014_000000329614.jpg,329614,candidate,bus,bus,0.8105,1,41,0.0712,0,0.000e+00,sam,-2.43519,-7.60281,5.16761,4.60938,0.51407,0.90625,5.35398,4.62500,99.430,-0.18912,0.38466,0.19554,VERIFIED,UNKNOWN,TN
COCO_val2014_000000329614.jpg,329614,probe,bowl,,0.0968,1,15,0.0260,0,0.000e+00,sam,-6.32289,-6.18693,-0.13596,0.07812,2.34024,3.15625,-0.09579,0.07812,-14.564,-0.18912,0.38466,0.19554,,GT_ABSENT,
COCO_val2014_000000329614.jpg,329614,probe,toothbrush,,0.0702,1,41,0.0712,0,0.000e+00,sam,-4.00657,-3.59865,-0.40792,0.25000,0.68777,4.56250,-0.41735,0.28125,-50.369,-0.18912,0.38466,0.19554,,GT_ABSENT,
COCO_val2014_000000329614.jpg,329614,probe,snowboard,,0.0637,1,41,0.0712,0,0.000e+00,sam,-8.61798,-8.74391,0.12593,0.10937,2.18709,3.96875,0.04617,0.09375,11.832,-0.18912,0.38466,0.19554,,GT_ABSENT,
COCO_val2014_000000329614.jpg,329614,probe,sink,,0.1372,1,15,0.0260,0,0.000e+00,sam,-13.33754,-13.59124,0.25370,0.06250,5.37245,4.18750,0.24333,0.10938,22.408,-0.18912,0.38466,0.19554,,GT_ABSENT,
COCO_val2014_000000329614.jpg,329614,probe,baseball bat,,0.0653,1,41,0.0712,0,0.000e+00,sam,-8.06458,-7.66854,-0.39603,0.00000,1.40318,4.67188,-0.46136,0.06250,-48.592,-0.18912,0.38466,0.19554,,GT_ABSENT,
COCO_val2014_000000329614.jpg,329614,probe,sandwich,,0.1205,1,41,0.0712,0,0.000e+00,sam,-6.57680,-6.73066,0.15386,0.21875,2.23169,3.67188,0.06042,0.26562,14.261,-0.18912,0.38466,0.19554,,GT_ABSENT,
COCO_val2014_000000329614.jpg,329614,probe,knife,,0.0833,1,41,0.0712,0,0.000e+00,sam,-7.79599,-7.53023,-0.26576,0.07812,1.63603,2.45312,-0.29112,0.12500,-30.443,-0.18912,0.38466,0.19554,,GT_ABSENT,
COCO_val2014_000000329614.jpg,329614,probe,donut,,0.1252,1,15,0.0260,0,0.000e+00,sam,-6.01252,-5.98161,-0.03091,0.15625,1.17962,2.90625,0.01382,0.17188,-3.140,-0.18912,0.38466,0.19554,,GT_ABSENT,
COCO_val2014_000000329614.jpg,329614,probe,horse,,0.1119,1,41,0.0712,0,0.000e+00,sam,-8.52113,-8.18875,-0.33239,-0.21875,0.42813,2.82812,-0.37687,-0.09375,-39.429,-0.18912,0.38466,0.19554,,GT_ABSENT,
COCO_val2014_000000329614.jpg,329614,probe,spoon,,0.0679,1,41,0.0712,0,0.000e+00,sam,-8.86765,-8.13853,-0.72912,0.09375,2.78457,3.20312,-0.70157,0.06250,-107.325,-0.18912,0.38466,0.19554,,GT_ABSENT,
COCO_val2014_000000329614.jpg,329614,probe,skateboard,,0.1351,1,0,0.0000,1,0.000e+00,sam,-5.39437,-5.39437,0.00000,0.00000,,,,,0.000,-0.18912,0.38466,0.19554,,GT_ABSENT,
COCO_val2014_000000329614.jpg,329614,probe,teddy bear,,0.0502,1,15,0.0260,0,0.000e+00,sam,-3.60359,-3.59970,-0.00389,0.09375,0.94928,3.53125,-0.00812,0.09375,-0.390,-0.18912,0.38466,0.19554,,GT_ABSENT,
COCO_val2014_000000329614.jpg,329614,probe,bird,,0.1418,1,0,0.0000,1,0.000e+00,sam,-8.84926,-8.84926,0.00000,0.00000,,,,,0.000,-0.18912,0.38466,0.19554,,GT_ABSENT,
COCO_val2014_000000329614.jpg,329614,probe,tie,,0.0681,1,0,0.0000,1,0.000e+00,sam,-11.65004,-11.65004,0.00000,0.00000,,,,,0.000,-0.18912,0.38466,0.19554,,GT_ABSENT,
COCO_val2014_000000329614.jpg,329614,probe,baseball glove,,0.1229,1,0,0.0000,1,0.000e+00,sam,-5.43638,-5.43638,0.00000,0.00000,,,,,0.000,-0.18912,0.38466,0.19554,,GT_ABSENT,
COCO_val2014_000000329614.jpg,329614,probe,cow,,0.1415,1,41,0.0712,0,0.000e+00,sam,-10.61488,-10.66922,0.05433,0.07812,3.78750,5.17187,0.09474,0.14063,5.288,-0.18912,0.38466,0.19554,,GT_ABSENT,
COCO_val2014_000000329614.jpg,329614,probe,tv,,0.1048,1,41,0.0712,0,0.000e+00,sam,-16.72914,-16.72976,0.00062,1.14063,3.29239,3.96875,0.13803,1.17188,0.062,-0.18912,0.38466,0.19554,,GT_ABSENT,
COCO_val2014_000000329614.jpg,329614,probe,microwave,,0.1230,1,41,0.0712,0,0.000e+00,sam,-4.55028,-4.29532,-0.25497,0.73438,0.70765,3.76563,-0.24783,0.93750,-29.042,-0.18912,0.38466,0.19554,,GT_ABSENT,
COCO_val2014_000000329614.jpg,329614,probe,bench,,0.1172,1,41,0.0712,0,0.000e+00,sam,-5.00850,-4.67347,-0.33503,0.18750,0.49182,2.64063,-0.43410,0.09375,-39.798,-0.18912,0.38466,0.19554,,GT_ABSENT,
COCO_val2014_000000329614.jpg,329614,probe,keyboard,,0.1012,1,41,0.0712,0,0.000e+00,sam,-14.48793,-13.00906,-1.47887,0.14062,2.97500,4.23437,-1.29772,0.17187,-338.798,-0.18912,0.38466,0.19554,,GT_ABSENT,
COCO_val2014_000000324008.jpg,324008,candidate,banana,banana,0.5737,1,42,0.0729,0,0.000e+00,sam,-2.39647,-4.19348,1.79700,7.51562,3.13242,2.95313,1.81327,7.42187,83.421,-0.29308,0.40827,0.11519,VERIFIED,REAL,TN
COCO_val2014_000000324008.jpg,324008,candidate,sandwich,sandwich,0.4309,1,46,0.0799,0,0.000e+00,sam,-3.20604,-3.92528,0.71923,3.00000,1.99136,3.20312,1.28552,3.10937,51.288,-0.29308,0.40827,0.11519,VERIFIED,HALLUCINATED,FN
COCO_val2014_000000324008.jpg,324008,candidate,bowl,bowl,0.4370,2,147,0.2552,0,0.000e+00,sam,-2.08788,-2.22974,0.14186,3.85938,-0.18674,2.39062,0.20119,3.10937,13.226,-0.29308,0.40827,0.11519,VERIFIED,HALLUCINATED,FN
COCO_val2014_000000324008.jpg,324008,candidate,cup,cup,0.4439,1,34,0.0590,0,0.000e+00,sam,-6.89412,-7.02636,0.13224,1.34375,0.00520,-0.14062,0.35039,1.14063,12.387,-0.29308,0.40827,0.11519,VERIFIED,REAL,TN
COCO_val2014_000000324008.jpg,324008,candidate,dining table,table,0.6994,1,145,0.2517,0,0.000e+00,sam,-1.88600,-2.02676,0.14076,0.67188,-0.13914,2.09375,0.50928,2.12500,13.130,-0.29308,0.40827,0.11519,VERIFIED,REAL,TN
COCO_val2014_000000324008.jpg,324008,candidate,orange juice,orange juice,0.5576,1,65,0.1128,0,0.000e+00,sam,-3.55391,-3.54021,-0.01371,1.65625,0.02864,0.67188,0.15926,1.76563,-1.380,-0.29308,0.40827,0.11519,HALLUCINATED,UNKNOWN,TN
COCO_val2014_000000324008.jpg,324008,candidate,fruit,fruit,0.4800,2,105,0.1823,0,0.000e+00,sam,-6.68318,-8.32172,1.63854,3.81250,2.65774,2.28125,2.02650,3.50000,80.574,-0.29308,0.40827,0.11519,VERIFIED,UNKNOWN,TN
COCO_val2014_000000324008.jpg,324008,candidate,food,food,0.4461,4,242,0.4201,0,0.000e+00,sam,-4.23006,-5.00534,0.77529,5.71875,-0.16157,4.84375,1.18361,5.21875,53.943,-0.29308,0.40827,0.11519,VERIFIED,UNKNOWN,TN
COCO_val2014_000000324008.jpg,324008,candidate,milk,milk,0.3194,2,118,0.2049,0,0.000e+00,sam,-8.83943,-10.30307,1.46364,3.39062,1.64926,2.31250,2.12460,3.31250,76.861,-0.29308,0.40827,0.11519,VERIFIED,UNKNOWN,TN
COCO_val2014_000000324008.jpg,324008,candidate,tray,tray,0.6737,1,111,0.1927,0,0.000e+00,sam,-0.27547,-1.22165,0.94618,1.93750,0.21999,0.31250,0.98478,2.10937,61.178,-0.29308,0.40827,0.11519,VERIFIED,UNKNOWN,TN
COCO_val2014_000000324008.jpg,324008,probe,hair drier,,0.0738,1,34,0.0590,0,0.000e+00,sam,-4.64975,-4.98260,0.33285,0.01563,0.73924,2.59375,0.52273,0.12500,28.312,-0.29308,0.40827,0.11519,,GT_ABSENT,
COCO_val2014_000000324008.jpg,324008,probe,surfboard,,0.1178,1,146,0.2535,0,0.000e+00,sam,-4.11748,-3.40283,-0.71464,0.43750,-0.98512,0.03125,-0.78853,-0.53125,-104.346,-0.29308,0.40827,0.11519,,GT_ABSENT,
COCO_val2014_000000324008.jpg,324008,probe,parking meter,,0.0585,1,148,0.2569,0,0.000e+00,sam,-5.72652,-5.20238,-0.52414,-0.18750,1.18770,0.35938,-0.16616,-0.21875,-68.901,-0.29308,0.40827,0.11519,,GT_ABSENT,
COCO_val2014_000000324008.jpg,324008,probe,stop sign,,0.0569,1,64,0.1111,0,0.000e+00,sam,-6.40768,-6.17981,-0.22787,0.01563,1.07180,1.68750,-0.13108,-0.17187,-25.592,-0.29308,0.40827,0.11519,,GT_ABSENT,
COCO_val2014_000000324008.jpg,324008,probe,baseball glove,,0.0587,1,46,0.0799,0,0.000e+00,sam,-4.68582,-4.45536,-0.23046,0.00000,-0.21087,3.59375,-0.32172,-0.42187,-25.918,-0.29308,0.40827,0.11519,,GT_ABSENT,
COCO_val2014_000000324008.jpg,324008,probe,tie,,0.1609,1,176,0.3056,0,0.000e+00,sam,-11.65193,-10.84028,-0.81165,-0.31250,0.98589,-1.39062,0.57830,0.82812,-125.162,-0.29308,0.40827,0.11519,,GT_ABSENT,
COCO_val2014_000000324008.jpg,324008,probe,umbrella,,0.1104,1,180,0.3125,0,0.000e+00,sam,-5.51551,-5.02863,-0.48688,0.07813,0.31197,-0.03125,-0.41850,-0.26563,-62.723,-0.29308,0.40827,0.11519,,GT_ABSENT,
COCO_val2014_000000324008.jpg,324008,probe,baseball bat,,0.0704,1,42,0.0729,0,0.000e+00,sam,-7.02083,-7.05672,0.03589,0.10938,0.18408,3.96875,-0.04865,0.09375,3.526,-0.29308,0.40827,0.11519,,GT_ABSENT,
COCO_val2014_000000324008.jpg,324008,probe,traffic light,,0.0340,1,34,0.0590,0,0.000e+00,sam,-6.43363,-6.35336,-0.08027,0.04688,0.54600,3.59375,-0.24115,0.09375,-8.357,-0.29308,0.40827,0.11519,,GT_ABSENT,
COCO_val2014_000000324008.jpg,324008,probe,skateboard,,0.0913,1,197,0.3420,0,0.000e+00,sam,-4.50732,-4.08756,-0.41976,-0.17187,0.47814,-0.18750,-0.21857,-0.51563,-52.160,-0.29308,0.40827,0.11519,,GT_ABSENT,
COCO_val2014_000000324008.jpg,324008,probe,potted plant,,0.0960,1,145,0.2517,0,0.000e+00,sam,-4.53843,-4.44188,-0.09656,-0.00000,0.45487,-0.35937,-0.01345,-0.14063,-10.137,-0.29308,0.40827,0.11519,,GT_ABSENT,
COCO_val2014_000000324008.jpg,324008,probe,fire hydrant,,0.1012,1,198,0.3438,0,0.000e+00,sam,-5.32650,-4.83781,-0.48869,0.26563,0.60822,0.06250,-0.46170,0.07812,-63.017,-0.29308,0.40827,0.11519,,GT_ABSENT,
COCO_val2014_000000324008.jpg,324008,probe,teddy bear,,0.1528,1,46,0.0799,0,0.000e+00,sam,-4.07158,-3.91495,-0.15663,0.14063,0.65199,2.21875,-0.16605,-0.12500,-16.956,-0.29308,0.40827,0.11519,,GT_ABSENT,
COCO_val2014_000000324008.jpg,324008,probe,tennis racket,,0.0694,1,161,0.2795,0,0.000e+00,sam,-4.65631,-4.04673,-0.60958,-0.06250,-0.50051,0.15625,-0.42061,-0.23437,-83.966,-0.29308,0.40827,0.11519,,GT_ABSENT,
COCO_val2014_000000324008.jpg,324008,probe,bird,,0.1199,1,157,0.2726,0,0.000e+00,sam,-11.07771,-11.91290,0.83519,0.21875,1.61523,1.01562,1.12947,0.07812,56.621,-0.29308,0.40827,0.11519,,GT_ABSENT,
COCO_val2014_000000324008.jpg,324008,probe,kite,,0.1723,1,221,0.3837,0,0.000e+00,sam,-6.29322,-5.93236,-0.36086,0.29687,0.09188,-0.78125,-0.16803,0.71875,-43.457,-0.29308,0.40827,0.11519,,GT_ABSENT,
COCO_val2014_000000324008.jpg,324008,probe,,,0.0370,1,34,0.0590,0,0.000e+00,sam,-10.96052,-10.76855,-0.19198,0.04687,3.70051,-0.15625,-0.20578,0.01563,-21.164,-0.29308,0.40827,0.11519,,GT_ABSENT,
COCO_val2014_000000324008.jpg,324008,probe,snowboard,,0.0817,1,198,0.3438,0,0.000e+00,sam,-7.59160,-7.08056,-0.51104,-0.53125,-0.08988,-0.93750,-0.23612,-0.50000,-66.702,-0.29308,0.40827,0.11519,,GT_ABSENT,
COCO_val2014_000000324008.jpg,324008,probe,sports ball,,0.1291,1,65,0.1128,0,0.000e+00,sam,-7.13966,-6.99099,-0.14867,-0.06250,1.83676,1.73438,-0.16030,-0.10937,-16.029,-0.29308,0.40827,0.11519,,GT_ABSENT,
COCO_val2014_000000324008.jpg,324008,probe,giraffe,,0.1722,1,171,0.2969,0,0.000e+00,sam,-6.39673,-5.39084,-1.00589,0.92188,-0.29719,1.98438,-0.94287,0.42188,-173.434,-0.29308,0.40827,0.11519,,GT_ABSENT,
COCO_val2014_000000052700.jpg,52700,candidate,dining table,table,0.7197,1,131,0.2274,0,0.000e+00,sam,-0.69482,-0.82162,0.12679,0.70312,-0.05634,-0.12500,0.12877,0.56250,11.908,-0.07308,0.16932,0.09624,VERIFIED,REAL,TN
COCO_val2014_000000052700.jpg,52700,candidate,cake,cake,0.5721,10,70,0.1215,0,0.000e+00,sam,-2.92107,-3.46003,0.53896,1.01562,0.20860,0.31250,0.47492,0.85938,41.665,-0.07308,0.16932,0.09624,VERIFIED,REAL,TN
COCO_val2014_000000052700.jpg,52700,candidate,person,person,0.5970,10,232,0.4028,0,0.000e+00,sam,-9.20062,-11.09964,1.89903,8.43750,6.00457,8.37500,2.53228,7.98437,85.029,-0.07308,0.16932,0.09624,VERIFIED,REAL,TN
COCO_val2014_000000052700.jpg,52700,candidate,fork,fork,0.2520,1,135,0.2344,0,0.000e+00,sam,-9.95062,-9.66431,-0.28631,0.51563,0.12289,-0.64062,-0.47540,-0.04687,-33.150,-0.07308,0.16932,0.09624,HALLUCINATED,REAL,FP
COCO_val2014_000000052700.jpg,52700,candidate,gathering,gathering,0.3630,1,116,0.2014,0,0.000e+00,sam,-4.75667,-4.35344,-0.40323,0.17188,-0.66290,-3.75000,-0.11427,0.06250,-49.665,-0.07308,0.16932,0.09624,HALLUCINATED,UNKNOWN,TN
COCO_val2014_000000052700.jpg,52700,candidate,party,party,0.3881,1,117,0.2031,0,0.000e+00,sam,-7.05999,-6.78590,-0.27409,0.31250,-2.31495,-1.62500,-0.24069,-0.23437,-31.534,-0.07308,0.16932,0.09624,HALLUCINATED,UNKNOWN,TN
COCO_val2014_000000052700.jpg,52700,probe,skateboard,,0.0270,1,135,0.2344,0,0.000e+00,sam,-5.44934,-5.58414,0.13479,-0.20312,0.11008,0.01563,0.06295,-0.10937,12.610,-0.07308,0.16932,0.09624,,GT_ABSENT,
COCO_val2014_000000052700.jpg,52700,probe,sports ball,,0.0246,1,6,0.0104,0,0.000e+00,sam,-8.19430,-8.13341,-0.06088,-0.00000,3.60986,3.81250,-0.03759,0.03125,-6.278,-0.07308,0.16932,0.09624,,GT_ABSENT,
COCO_val2014_000000052700.jpg,52700,probe,car,,0.0763,1,135,0.2344,0,0.000e+00,sam,-10.73187,-10.53931,-0.19256,-0.32812,1.05257,-0.21875,-0.31915,-0.34375,-21.234,-0.07308,0.16932,0.09624,,GT_ABSENT,
COCO_val2014_000000052700.jpg,52700,probe,tv,,0.0513,1,2,0.0035,0,0.000e+00,sam,-17.68499,-17.70158,0.01659,-0.07813,5.72536,2.85937,0.04682,-0.06250,1.645,-0.07308,0.16932,0.09624,,GT_ABSENT,
COCO_val2014_000000052700.jpg,52700,probe,,,0.0498,1,135,0.2344,0,0.000e+00,sam,-10.59905,-10.65650,0.05744,-0.40625,0.15414,-0.81250,0.01679,-0.35937,5.583,-0.07308,0.16932,0.09624,,GT_ABSENT,
COCO_val2014_000000052700.jpg,52700,probe,broccoli,,0.0925,1,12,0.0208,0,0.000e+00,sam,-4.77705,-4.75177,-0.02528,-0.03125,1.40374,2.15625,-0.02078,-0.01563,-2.560,-0.07308,0.16932,0.09624,,GT_ABSENT,
COCO_val2014_000000052700.jpg,52700,probe,cat,,0.0957,1,12,0.0208,0,0.000e+00,sam,-12.94280,-12.97253,0.02972,-0.00000,6.69930,2.64062,0.02694,0.01562,2.929,-0.07308,0.16932,0.09624,,GT_ABSENT,
COCO_val2014_000000052700.jpg,52700,probe,keyboard,,0.0586,1,135,0.2344,0,0.000e+00,sam,-14.04827,-13.60572,-0.44256,-0.56250,0.11117,-0.23438,-0.38946,-0.48437,-55.668,-0.07308,0.16932,0.09624,,GT_ABSENT,
COCO_val2014_000000052700.jpg,52700,probe,bird,,0.0849,1,71,0.1233,0,0.000e+00,sam,-13.16155,-13.06260,-0.09896,0.04688,4.49223,2.82812,0.23380,0.35937,-10.402,-0.07308,0.16932,0.09624,,GT_ABSENT,
COCO_val2014_000000052700.jpg,52700,probe,suitcase,,0.0688,1,8,0.0139,0,0.000e+00,sam,-6.17865,-6.16896,-0.00969,0.03125,1.25607,2.29687,0.02707,-0.03125,-0.973,-0.07308,0.16932,0.09624,,GT_ABSENT,
COCO_val2014_000000052700.jpg,52700,probe,snowboard,,0.0121,1,135,0.2344,0,0.000e+00,sam,-8.48448,-8.14071,-0.34377,-0.26563,-0.44376,0.04687,-0.25797,0.00000,-41.025,-0.07308,0.16932,0.09624,,GT_ABSENT,
COCO_val2014_000000052700.jpg,52700,probe,train,,0.1189,1,135,0.2344,0,0.000e+00,sam,-11.91937,-11.42212,-0.49724,-0.39062,1.06820,0.18750,-1.10821,-0.28125,-64.418,-0.07308,0.16932,0.09624,,GT_ABSENT,
COCO_val2014_000000052700.jpg,52700,probe,surfboard,,0.0185,1,135,0.2344,0,0.000e+00,sam,-4.95520,-4.91634,-0.03887,-0.53125,0.71810,-0.12500,-0.01937,-0.29688,-3.963,-0.07308,0.16932,0.09624,,GT_ABSENT,
COCO_val2014_000000052700.jpg,52700,probe,elephant,,0.1059,1,12,0.0208,0,0.000e+00,sam,-6.36067,-6.38414,0.02347,0.14062,2.51995,1.95312,0.03177,0.15625,2.320,-0.07308,0.16932,0.09624,,GT_ABSENT,
COCO_val2014_000000052700.jpg,52700,probe,bear,,0.1248,1,12,0.0208,0,0.000e+00,sam,-15.11468,-15.20690,0.09222,0.20312,6.80087,1.81250,0.05627,0.23438,8.810,-0.07308,0.16932,0.09624,,GT_ABSENT,
COCO_val2014_000000052700.jpg,52700,probe,potted plant,,0.1356,1,8,0.0139,0,0.000e+00,sam,-3.96408,-3.92920,-0.03488,0.06250,2.19193,3.01562,-0.03449,0.03125,-3.550,-0.07308,0.16932,0.09624,,GT_ABSENT,
COCO_val2014_000000052700.jpg,52700,probe,motorcycle,,0.0451,1,71,0.1233,0,0.000e+00,sam,-6.56937,-6.54604,-0.02333,-0.00000,0.33599,2.31250,-0.10856,-0.04688,-2.360,-0.07308,0.16932,0.09624,,GT_ABSENT,
COCO_val2014_000000052700.jpg,52700,probe,truck,,0.0994,1,135,0.2344,0,0.000e+00,sam,-6.33436,-6.30232,-0.03205,-0.34375,0.29864,-0.15625,-0.40826,-0.26563,-3.256,-0.07308,0.16932,0.09624,,GT_ABSENT,
COCO_val2014_000000052700.jpg,52700,probe,dog,,0.0410,1,12,0.0208,0,0.000e+00,sam,-13.46233,-13.49206,0.02972,0.01562,6.85946,2.64063,0.00569,-0.01562,2.929,-0.07308,0.16932,0.09624,,GT_ABSENT,
COCO_val2014_000000052700.jpg,52700,probe,hot dog,,0.0876,1,12,0.0208,0,0.000e+00,sam,-6.58029,-6.53485,-0.04544,0.21875,1.42310,2.78125,-0.01025,0.25000,-4.649,-0.07308,0.16932,0.09624,,GT_ABSENT,
COCO_val2014_000000501311.jpg,501311,candidate,person,player,0.7117,3,54,0.0938,0,0.000e+00,sam,-4.30044,-5.98726,1.68681,5.25000,0.76287,3.67187,1.72985,5.23438,81.489,-0.02098,0.45087,0.42989,VERIFIED,REAL,TN
COCO_val2014_000000501311.jpg,501311,candidate,sports ball,ball,0.3521,2,3,0.0052,0,0.000e+00,sam,-2.90230,-3.02417,0.12187,3.64063,-1.27738,1.37500,0.10577,3.65625,11.474,-0.02098,0.45087,0.42989,HALLUCINATED,REAL,FP
COCO_val2014_000000501311.jpg,501311,candidate,baseball glove,baseball glove,0.5420,3,12,0.0208,0,0.000e+00,sam,-2.26885,-2.40008,0.13123,2.59375,-0.91502,1.93750,0.00383,2.50000,12.298,-0.02098,0.45087,0.42989,HALLUCINATED,REAL,FP
COCO_val2014_000000501311.jpg,501311,candidate,baseball player,baseball player,0.5900,1,32,0.0556,0,0.000e+00,sam,-0.93425,-1.20906,0.27480,-0.40625,-3.29482,-3.54688,0.26847,-0.40625,24.028,-0.02098,0.45087,0.42989,HALLUCINATED,UNKNOWN,TN
COCO_val2014_000000501311.jpg,501311,candidate,pitcher,pitcher,0.6814,1,32,0.0556,0,0.000e+00,sam,-0.68561,-2.19116,1.50555,3.40625,-3.41967,-0.43750,1.52066,3.25000,77.810,-0.02098,0.45087,0.42989,VERIFIED,UNKNOWN,TN
COCO_val2014_000000501311.jpg,501311,candidate,field,field,0.6041,1,361,0.6267,0,0.000e+00,sam,-5.10513,-4.70854,-0.39659,1.09375,-0.22647,1.95312,-0.85375,1.70312,-48.674,-0.02098,0.45087,0.42989,HALLUCINATED,UNKNOWN,TN
COCO_val2014_000000501311.jpg,501311,probe,snowboard,,0.0729,1,32,0.0556,0,0.000e+00,sam,-7.15622,-8.01122,0.85500,-0.03125,3.39672,4.17187,0.90957,-0.06250,57.472,-0.02098,0.45087,0.42989,,GT_ABSENT,
COCO_val2014_000000501311.jpg,501311,probe,teddy bear,,0.0935,1,14,0.0243,0,0.000e+00,sam,-4.30688,-4.34546,0.03858,0.04688,1.82684,4.01562,0.06790,0.01562,3.784,-0.02098,0.45087,0.42989,,GT_ABSENT,
COCO_val2014_000000501311.jpg,501311,probe,tv,,0.1287,1,32,0.0556,0,0.000e+00,sam,-15.53873,-16.47182,0.93309,0.17187,3.46432,-0.73438,0.79846,0.01562,60.666,-0.02098,0.45087,0.42989,,GT_ABSENT,
COCO_val2014_000000501311.jpg,501311,probe,bowl,,0.0764,1,0,0.0000,1,0.000e+00,sam,-6.32521,-6.32521,0.00000,0.00000,,,,,0.000,-0.02098,0.45087,0.42989,,GT_ABSENT,
COCO_val2014_000000501311.jpg,501311,probe,knife,,0.0959,1,32,0.0556,0,0.000e+00,sam,-7.99662,-7.85013,-0.14649,0.01563,2.87107,2.42188,-0.17717,-0.07812,-15.777,-0.02098,0.45087,0.42989,,GT_ABSENT,
COCO_val2014_000000501311.jpg,501311,probe,cell phone,,0.0876,1,14,0.0243,0,0.000e+00,sam,-6.11925,-6.07927,-0.03998,-0.09375,2.46377,3.29687,-0.07212,-0.01563,-4.079,-0.02098,0.45087,0.42989,,GT_ABSENT,
COCO_val2014_000000501311.jpg,501311,probe,microwave,,0.0693,1,32,0.0556,0,0.000e+00,sam,-4.82626,-4.95702,0.13076,-0.07812,1.34968,2.90625,0.10873,-0.06250,12.257,-0.02098,0.45087,0.42989,,GT_ABSENT,
COCO_val2014_000000501311.jpg,501311,probe,donut,,0.1257,1,3,0.0052,0,0.000e+00,sam,-7.66903,-7.68942,0.02039,-0.04687,3.19420,2.79687,0.03486,-0.06250,2.018,-0.02098,0.45087,0.42989,,GT_ABSENT,
COCO_val2014_000000501311.jpg,501311,probe,remote,,0.0923,1,32,0.0556,0,0.000e+00,sam,-14.67154,-13.44838,-1.22316,0.07812,4.14791,1.89062,-1.29161,0.07812,-239.791,-0.02098,0.45087,0.42989,,GT_ABSENT,
COCO_val2014_000000501311.jpg,501311,probe,dining table,,0.1485,1,32,0.0556,0,0.000e+00,sam,-5.86874,-5.44359,-0.42516,0.01563,3.06690,3.28125,-0.47264,-0.01563,-52.983,-0.02098,0.45087,0.42989,,GT_ABSENT,
COCO_val2014_000000501311.jpg,501311,probe,motorcycle,,0.1467,1,32,0.0556,0,0.000e+00,sam,-6.11472,-6.51489,0.40017,0.04688,2.57191,3.15625,0.42649,-0.01562,32.980,-0.02098,0.45087,0.42989,,GT_ABSENT,
COCO_val2014_000000501311.jpg,501311,probe,hot dog,,0.0868,1,3,0.0052,0,0.000e+00,sam,-6.31261,-6.38380,0.07119,-0.01562,1.08796,2.09375,0.07191,-0.01563,6.872,-0.02098,0.45087,0.42989,,GT_ABSENT,
COCO_val2014_000000501311.jpg,501311,probe,keyboard,,0.0731,1,3,0.0052,0,0.000e+00,sam,-14.54263,-14.39553,-0.14710,-0.01563,7.13819,3.93750,-0.14242,-0.01563,-15.847,-0.02098,0.45087,0.42989,,GT_ABSENT,
COCO_val2014_000000501311.jpg,501311,probe,,,0.0522,1,32,0.0556,0,0.000e+00,sam,-11.14419,-11.08900,-0.05519,0.23438,4.03854,-0.03125,-0.20769,0.18750,-5.674,-0.02098,0.45087,0.42989,,GT_ABSENT,
COCO_val2014_000000501311.jpg,501311,probe,stop sign,,0.1465,1,32,0.0556,0,0.000e+00,sam,-6.18904,-5.64989,-0.53915,-0.06250,1.87656,1.96875,-0.52245,-0.04688,-71.454,-0.02098,0.45087,0.42989,,GT_ABSENT,
COCO_val2014_000000501311.jpg,501311,probe,hair drier,,0.0537,1,14,0.0243,0,0.000e+00,sam,-7.51765,-7.54426,0.02661,-0.00000,2.38648,4.10937,-0.00700,0.01562,2.626,-0.02098,0.45087,0.42989,,GT_ABSENT,
COCO_val2014_000000501311.jpg,501311,probe,cup,,0.1270,1,0,0.0000,1,0.000e+00,sam,-13.85513,-13.85513,0.00000,0.00000,,,,,0.000,-0.02098,0.45087,0.42989,,GT_ABSENT,
COCO_val2014_000000501311.jpg,501311,probe,vase,,0.0572,1,32,0.0556,0,0.000e+00,sam,-7.47814,-7.26567,-0.21248,0.04687,4.21176,2.70312,-0.25706,0.04687,-23.674,-0.02098,0.45087,0.42989,,GT_ABSENT,
COCO_val2014_000000501311.jpg,501311,probe,wine glass,,0.0569,1,3,0.0052,0,0.000e+00,sam,-8.38262,-8.42536,0.04274,-0.04688,3.60682,4.40625,0.03463,-0.06250,4.184,-0.02098,0.45087,0.42989,,GT_ABSENT,
COCO_val2014_000000501311.jpg,501311,probe,broccoli,,0.1444,1,32,0.0556,0,0.000e+00,sam,-4.89479,-4.74545,-0.14933,0.00000,1.28770,4.01562,-0.36956,0.03125,-16.106,-0.02098,0.45087,0.42989,,GT_ABSENT,
COCO_val2014_000000247179.jpg,247179,candidate,elephant,elephant,0.4231,3,192,0.3333,0,0.000e+00,sam,-2.42484,-1.99654,-0.42830,2.39062,-0.59445,-1.89062,-0.08142,2.26563,-53.464,-0.59007,0.32737,-0.26270,HALLUCINATED,REAL,FP
COCO_val2014_000000247179.jpg,247179,candidate,person,man,0.5982,10,140,0.2431,0,0.000e+00,sam,-4.52211,-4.71632,0.19421,2.73437,0.11847,2.64062,0.92684,1.31250,17.651,-0.59007,0.32737,-0.26270,VERIFIED,REAL,TN
COCO_val2014_000000247179.jpg,247179,probe,potted plant,,0.1362,1,153,0.2656,0,0.000e+00,sam,-4.88963,-4.52355,-0.36608,-0.09375,0.09777,-0.56250,-0.08175,0.10937,-44.206,-0.59007,0.32737,-0.26270,,GT_ABSENT,
COCO_val2014_000000247179.jpg,247179,probe,hair drier,,0.0820,1,29,0.0503,0,0.000e+00,sam,-6.33971,-6.36310,0.02339,-0.06250,1.27919,2.15625,-0.00054,-0.04687,2.312,-0.59007,0.32737,-0.26270,,GT_ABSENT,
COCO_val2014_000000247179.jpg,247179,probe,hot dog,,0.1341,1,153,0.2656,0,0.000e+00,sam,-7.08407,-5.97607,-1.10800,-0.17188,-0.34104,0.90625,-0.77561,-0.17187,-202.829,-0.59007,0.32737,-0.26270,,GT_ABSENT,
COCO_val2014_000000247179.jpg,247179,probe,cell phone,,0.1596,1,29,0.0503,0,0.000e+00,sam,-6.42945,-6.38413,-0.04531,-0.14062,1.28914,1.43750,-0.03237,-0.07813,-4.636,-0.59007,0.32737,-0.26270,,GT_ABSENT,
COCO_val2014_000000247179.jpg,247179,probe,keyboard,,0.1487,1,145,0.2517,0,0.000e+00,sam,-13.62367,-12.68213,-0.94154,-0.20313,0.22960,1.96875,-0.42622,-0.15625,-156.393,-0.59007,0.32737,-0.26270,,GT_ABSENT,
COCO_val2014_000000247179.jpg,247179,probe,microwave,,0.1595,1,153,0.2656,0,0.000e+00,sam,-6.13940,-5.83994,-0.29947,-0.48437,0.35829,-0.40625,-0.14925,-0.09375,-34.914,-0.59007,0.32737,-0.26270,,GT_ABSENT,
COCO_val2014_000000247179.jpg,247179,probe,skis,,0.1616,1,154,0.2674,0,0.000e+00,sam,-10.34218,-9.69284,-0.64934,-0.07813,1.15689,1.43750,-0.08719,-0.01563,-91.429,-0.59007,0.32737,-0.26270,,GT_ABSENT,
COCO_val2014_000000247179.jpg,247179,probe,,,0.0617,1,153,0.2656,0,0.000e+00,sam,-10.81508,-10.21633,-0.59875,0.17187,0.77915,-0.28125,0.09830,-0.00000,-81.985,-0.59007,0.32737,-0.26270,,GT_ABSENT,
COCO_val2014_000000247179.jpg,247179,probe,mouse,,0.1500,1,152,0.2639,0,0.000e+00,sam,-13.57680,-12.44669,-1.13010,-0.28125,1.01742,1.12500,0.03601,-0.17188,-209.598,-0.59007,0.32737,-0.26270,,GT_ABSENT,
COCO_val2014_000000247179.jpg,247179,probe,toothbrush,,0.1012,1,153,0.2656,0,0.000e+00,sam,-3.61115,-3.45056,-0.16059,-0.14063,0.22750,2.32812,0.03860,-0.06250,-17.420,-0.59007,0.32737,-0.26270,,GT_ABSENT,
COCO_val2014_000000247179.jpg,247179,probe,tennis racket,,0.1071,1,153,0.2656,0,0.000e+00,sam,-5.79451,-5.18320,-0.61131,-0.01563,0.15271,1.29687,-0.24743,-0.01563,-84.284,-0.59007,0.32737,-0.26270,,GT_ABSENT,
COCO_val2014_000000247179.jpg,247179,probe,frisbee,,0.1079,1,153,0.2656,0,0.000e+00,sam,-4.31262,-3.86332,-0.44931,-0.03125,-0.02131,0.95312,-0.45904,-0.04688,-56.723,-0.59007,0.32737,-0.26270,,GT_ABSENT,
COCO_val2014_000000247179.jpg,247179,probe,snowboard,,0.1302,1,154,0.2674,0,0.000e+00,sam,-8.14181,-7.48561,-0.65620,-0.14062,0.72008,1.48438,-0.10675,-0.10937,-92.745,-0.59007,0.32737,-0.26270,,GT_ABSENT,
COCO_val2014_000000247179.jpg,247179,probe,baseball bat,,0.1581,1,153,0.2656,0,0.000e+00,sam,-7.40475,-6.78455,-0.62020,0.09375,-0.79496,1.42187,-0.43693,-0.09375,-85.930,-0.59007,0.32737,-0.26270,,GT_ABSENT,
COCO_val2014_000000247179.jpg,247179,probe,stop sign,,0.1605,1,152,0.2639,0,0.000e+00,sam,-5.64189,-5.17724,-0.46466,0.17187,-0.78105,1.12500,-0.55239,0.23438,-59.147,-0.59007,0.32737,-0.26270,,GT_ABSENT,
COCO_val2014_000000247179.jpg,247179,probe,toaster,,0.0604,1,146,0.2535,0,0.000e+00,sam,-9.68326,-8.75910,-0.92416,-0.21875,0.71372,1.09375,-0.41776,-0.06250,-151.974,-0.59007,0.32737,-0.26270,,GT_ABSENT,
COCO_val2014_000000247179.jpg,247179,probe,baseball glove,,0.1143,1,153,0.2656,0,0.000e+00,sam,-5.73349,-5.19760,-0.53590,0.01563,-0.17319,1.48438,-0.28087,0.01563,-70.898,-0.59007,0.32737,-0.26270,,GT_ABSENT,
COCO_val2014_000000247179.jpg,247179,probe,parking meter,,0.0839,1,152,0.2639,0,0.000e+00,sam,-5.54549,-4.54491,-1.00058,0.09375,0.44944,0.93750,-0.43325,0.03125,-171.986,-0.59007,0.32737,-0.26270,,GT_ABSENT,
COCO_val2014_000000247179.jpg,247179,probe,bicycle,,0.1643,1,154,0.2674,0,0.000e+00,sam,-3.45942,-2.94878,-0.51064,-0.10938,0.17778,0.48437,-0.10956,-0.18750,-66.636,-0.59007,0.32737,-0.26270,,GT_ABSENT,
COCO_val2014_000000247179.jpg,247179,probe,sports ball,,0.1140,1,153,0.2656,0,0.000e+00,sam,-6.71778,-5.96521,-0.75258,-0.01562,-0.26946,1.67188,-0.26354,0.04688,-112.246,-0.59007,0.32737,-0.26270,,GT_ABSENT,
COCO_val2014_000000577912.jpg,577912,candidate,toilet,toilet,0.6338,1,43,0.0747,0,0.000e+00,sam,-0.53497,-1.39472,0.85975,7.10937,0.83621,5.23437,0.83328,6.92187,57.673,0.01447,0.30982,0.32429,VERIFIED,REAL,TN
COCO_val2014_000000577912.jpg,577912,candidate,sink,sink,0.5737,1,28,0.0486,0,0.000e+00,sam,-2.89261,-4.11840,1.22579,1.96875,-2.87435,-0.26563,1.27377,1.87500,70.648,0.01447,0.30982,0.32429,VERIFIED,REAL,TN
COCO_val2014_000000577912.jpg,577912,candidate,shower head,shower head,0.4627,1,15,0.0260,0,0.000e+00,sam,-3.40269,-3.67636,0.27367,1.25000,-0.33511,-0.37500,0.29323,1.26562,23.941,0.01447,0.30982,0.32429,HALLUCINATED,UNKNOWN,TN
COCO_val2014_000000577912.jpg,577912,candidate,bathroom,bathroom,0.6663,1,387,0.6719,0,0.000e+00,sam,-0.67997,-0.66875,-0.01122,1.43750,0.01211,0.95312,0.00000,0.00000,-1.128,0.01447,0.30982,0.32429,HALLUCINATED,UNKNOWN,TN
COCO_val2014_000000577912.jpg,577912,candidate,mirror,mirror,0.5360,1,62,0.1076,0,0.000e+00,sam,-5.77542,-5.73535,-0.04007,-1.31250,0.76020,-2.09375,-0.19926,-1.31250,-4.088,0.01447,0.30982,0.32429,HALLUCINATED,UNKNOWN,TN
COCO_val2014_000000577912.jpg,577912,candidate,window,window,0.7831,1,63,0.1094,0,0.000e+00,sam,-5.65824,-7.61509,1.95686,1.51563,4.35653,-0.56250,2.07364,1.65625,85.870,0.01447,0.30982,0.32429,VERIFIED,UNKNOWN,TN
COCO_val2014_000000577912.jpg,577912,candidate,towel,towel,0.2056,1,154,0.2674,0,0.000e+00,sam,-4.51329,-4.13168,-0.38161,-0.07813,0.62276,-0.90625,-0.53441,-0.78125,-46.464,0.01447,0.30982,0.32429,HALLUCINATED,UNKNOWN,TN
COCO_val2014_000000577912.jpg,577912,candidate,white,white,0.3243,3,225,0.3906,0,0.000e+00,sam,-1.61917,-3.54343,1.92426,2.62500,2.16934,3.32813,1.91118,2.90625,85.402,0.01447,0.30982,0.32429,VERIFIED,UNKNOWN,TN
COCO_val2014_000000577912.jpg,577912,probe,bird,,0.0792,1,10,0.0174,0,0.000e+00,sam,-11.45120,-11.62886,0.17766,1.12500,5.59306,4.75000,0.09311,1.06250,16.277,0.01447,0.30982,0.32429,,GT_ABSENT,
COCO_val2014_000000577912.jpg,577912,probe,hot dog,,0.0856,1,43,0.0747,0,0.000e+00,sam,-8.74650,-8.21040,-0.53610,0.06250,0.55157,1.03125,-0.54436,0.06250,-70.933,0.01447,0.30982,0.32429,,GT_ABSENT,
COCO_val2014_000000577912.jpg,577912,probe,book,,0.1461,1,7,0.0122,0,0.000e+00,sam,-12.87308,-12.91950,0.04642,-0.03125,6.06434,3.26562,0.04037,0.01562,4.536,0.01447,0.30982,0.32429,,GT_ABSENT,
COCO_val2014_000000577912.jpg,577912,probe,mouse,,0.1278,1,43,0.0747,0,0.000e+00,sam,-15.52738,-15.28820,-0.23917,-0.01563,0.94508,0.59375,-0.32891,0.07813,-27.020,0.01447,0.30982,0.32429,,GT_ABSENT,
COCO_val2014_000000577912.jpg,577912,probe,stop sign,,0.0446,1,28,0.0486,0,0.000e+00,sam,-7.37436,-7.25392,-0.12044,-0.03125,3.07483,3.96875,-0.15846,0.01563,-12.799,0.01447,0.30982,0.32429,,GT_ABSENT,
COCO_val2014_000000577912.jpg,577912,probe,apple,,0.1245,1,43,0.0747,0,0.000e+00,sam,-17.77347,-17.61596,-0.15751,-0.01563,-0.49376,1.03125,-0.16175,0.00000,-17.059,0.01447,0.30982,0.32429,,GT_ABSENT,
COCO_val2014_000000577912.jpg,577912,probe,boat,,0.1246,1,28,0.0486,0,0.000e+00,sam,-12.11917,-12.62622,0.50704,0.01563,6.36393,3.68750,0.56361,0.18750,39.773,0.01447,0.30982,0.32429,,GT_ABSENT,
COCO_val2014_000000577912.jpg,577912,probe,handbag,,0.1277,1,28,0.0486,0,0.000e+00,sam,-6.61223,-6.94389,0.33166,0.89062,3.47128,3.28125,0.44787,0.92188,28.227,0.01447,0.30982,0.32429,,GT_ABSENT,
COCO_val2014_000000577912.jpg,577912,probe,teddy bear,,0.0675,1,43,0.0747,0,0.000e+00,sam,-4.56052,-4.47005,-0.09047,0.06250,0.61909,1.79688,-0.13096,-0.09375,-9.469,0.01447,0.30982,0.32429,,GT_ABSENT,
COCO_val2014_000000577912.jpg,577912,probe,skis,,0.0397,1,154,0.2674,0,0.000e+00,sam,-11.06313,-11.70509,0.64196,-0.09375,2.03890,-0.62500,1.45970,-0.32812,47.374,0.01447,0.30982,0.32429,,GT_ABSENT,
COCO_val2014_000000577912.jpg,577912,probe,surfboard,,0.0601,1,28,0.0486,0,0.000e+00,sam,-5.06203,-5.28722,0.22518,0.01563,1.87234,5.01563,0.23836,0.06250,20.163,0.01447,0.30982,0.32429,,GT_ABSENT,
COCO_val2014_000000577912.jpg,577912,probe,knife,,0.0840,1,154,0.2674,0,0.000e+00,sam,-7.24433,-7.60081,0.35648,0.00000,0.97430,-1.07812,0.39952,-1.06250,29.987,0.01447,0.30982,0.32429,,GT_ABSENT,
COCO_val2014_000000577912.jpg,577912,probe,snowboard,,0.0233,1,43,0.0747,0,0.000e+00,sam,-8.81224,-8.76684,-0.04540,0.00000,1.63783,1.26563,-0.02946,-0.03125,-4.645,0.01447,0.30982,0.32429,,GT_ABSENT,
COCO_val2014_000000577912.jpg,577912,probe,traffic light,,0.0615,1,10,0.0174,0,0.000e+00,sam,-7.71194,-7.75213,0.04018,0.00000,3.18211,4.07812,0.03386,0.03125,3.939,0.01447,0.30982,0.32429,,GT_ABSENT,
COCO_val2014_000000577912.jpg,577912,probe,tie,,0.1070,1,43,0.0747,0,0.000e+00,sam,-13.77542,-13.40344,-0.37199,-0.01562,-0.45140,0.28125,-0.23410,0.01563,-45.061,0.01447,0.30982,0.32429,,GT_ABSENT,
COCO_val2014_000000577912.jpg,577912,probe,motorcycle,,0.0688,1,43,0.0747,0,0.000e+00,sam,-7.43825,-7.24736,-0.19090,0.03125,1.10012,0.95313,-0.19631,0.04688,-21.034,0.01447,0.30982,0.32429,,GT_ABSENT,
COCO_val2014_000000577912.jpg,577912,probe,cake,,0.1388,1,43,0.0747,0,0.000e+00,sam,-7.35464,-6.91070,-0.44394,-0.03125,0.70118,0.70313,-0.46666,-0.06250,-55.884,0.01447,0.30982,0.32429,,GT_ABSENT,
COCO_val2014_000000577912.jpg,577912,probe,umbrella,,0.1343,1,43,0.0747,0,0.000e+00,sam,-5.83299,-5.71916,-0.11382,-0.03125,-0.11447,0.60938,-0.13140,-0.01563,-12.055,0.01447,0.30982,0.32429,,GT_ABSENT,
COCO_val2014_000000577912.jpg,577912,probe,tennis racket,,0.0459,1,14,0.0243,0,0.000e+00,sam,-5.32289,-5.36045,0.03756,0.04688,1.90243,5.14062,0.01730,0.06250,3.687,0.01447,0.30982,0.32429,,GT_ABSENT,
COCO_val2014_000000577912.jpg,577912,probe,giraffe,,0.0688,1,98,0.1701,0,0.000e+00,sam,-5.80928,-6.04422,0.23494,-0.04687,0.74566,-0.26562,0.15700,-0.06250,20.938,0.01447,0.30982,0.32429,,GT_ABSENT,
COCO_val2014_000000196341.jpg,196341,candidate,person,person,0.6495,6,134,0.2326,0,0.000e+00,sam,-5.43559,-4.25373,-1.18186,2.85938,-0.86030,2.23438,-1.60500,3.09375,-226.044,-0.49442,1.13880,0.64438,HALLUCINATED,REAL,FP
COCO_val2014_000000196341.jpg,196341,candidate,clock,clock,0.6331,1,211,0.3663,0,0.000e+00,sam,-1.77153,-7.12891,5.35738,6.40625,5.98334,5.84375,5.66805,6.50000,99.529,-0.49442,1.13880,0.64438,VERIFIED,REAL,TN
COCO_val2014_000000196341.jpg,196341,candidate,window,window,0.3590,1,221,0.3837,0,0.000e+00,sam,-6.96684,-8.36431,1.39747,1.43750,2.80230,1.93750,1.84509,1.28125,75.278,-0.49442,1.13880,0.64438,VERIFIED,UNKNOWN,TN
COCO_val2014_000000196341.jpg,196341,candidate,wall,wall,0.3541,1,189,0.3281,0,0.000e+00,sam,-5.52934,-5.45781,-0.07153,0.54688,-0.61586,2.56250,0.23550,-0.03125,-7.415,-0.49442,1.13880,0.64438,HALLUCINATED,UNKNOWN,TN
COCO_val2014_000000196341.jpg,196341,probe,sports ball,,0.1218,1,208,0.3611,0,0.000e+00,sam,-7.50117,-6.22873,-1.27244,-0.46875,-0.71728,2.15625,-1.03205,-0.37500,-256.957,-0.49442,1.13880,0.64438,,GT_ABSENT,
COCO_val2014_000000196341.jpg,196341,probe,snowboard,,0.0636,1,208,0.3611,0,0.000e+00,sam,-8.64496,-7.46359,-1.18137,-0.14063,-0.51054,2.14063,-1.99612,-0.20312,-225.882,-0.49442,1.13880,0.64438,,GT_ABSENT,
COCO_val2014_000000196341.jpg,196341,probe,skis,,0.1043,1,210,0.3646,0,0.000e+00,sam,-9.74911,-8.67210,-1.07701,-0.84375,0.04954,1.48437,-1.83957,-0.92188,-193.589,-0.49442,1.13880,0.64438,,GT_ABSENT,
COCO_val2014_000000196341.jpg,196341,probe,sheep,,0.1063,1,208,0.3611,0,0.000e+00,sam,-14.06450,-14.27120,0.20670,0.06250,0.86195,2.96875,0.33111,0.06250,18.674,-0.49442,1.13880,0.64438,,GT_ABSENT,
COCO_val2014_000000196341.jpg,196341,probe,hair drier,,0.0365,1,208,0.3611,0,0.000e+00,sam,-6.40577,-5.43969,-0.96607,-0.15625,-0.16809,2.01562,-0.70806,-0.03125,-162.761,-0.49442,1.13880,0.64438,,GT_ABSENT,
COCO_val2014_000000196341.jpg,196341,probe,skateboard,,0.0897,1,208,0.3611,0,0.000e+00,sam,-4.36942,-3.93450,-0.43492,0.21875,-0.14579,2.31250,-1.26149,0.20312,-54.484,-0.49442,1.13880,0.64438,,GT_ABSENT,
COCO_val2014_000000196341.jpg,196341,probe,parking meter,,0.0957,1,208,0.3611,0,0.000e+00,sam,-3.93381,-4.54406,0.61025,-0.35938,0.89209,3.01562,0.27355,-0.17188,45.678,-0.49442,1.13880,0.64438,,GT_ABSENT,
COCO_val2014_000000196341.jpg,196341,probe,oven,,0.0952,1,208,0.3611,0,0.000e+00,sam,-9.58684,-11.04768,1.46084,-0.28125,1.52472,1.51562,1.53660,-0.26563,76.796,-0.49442,1.13880,0.64438,,GT_ABSENT,
COCO_val2014_000000196341.jpg,196341,probe,potted plant,,0.0591,1,205,0.3559,0,0.000e+00,sam,-5.82920,-3.61233,-2.21687,-0.04687,-1.24083,2.50000,-2.04990,1.92188,-817.856,-0.49442,1.13880,0.64438,,GT_ABSENT,
COCO_val2014_000000196341.jpg,196341,probe,baseball glove,,0.0720,1,20,0.0347,0,0.000e+00,sam,-4.68024,-4.87869,0.19845,-0.04688,1.60907,4.18750,0.19590,-0.01563,18.000,-0.49442,1.13880,0.64438,,GT_ABSENT,
COCO_val2014_000000196341.jpg,196341,probe,knife,,0.1138,1,208,0.3611,0,0.000e+00,sam,-7.56742,-5.96901,-1.59841,-0.06250,-1.24321,1.89063,-1.34518,-0.06250,-394.518,-0.49442,1.13880,0.64438,,GT_ABSENT,
COCO_val2014_000000196341.jpg,196341,probe,broccoli,,0.0980,1,207,0.3594,0,0.000e+00,sam,-5.72616,-5.38173,-0.34443,0.00000,0.34266,2.85937,-0.23037,-0.14062,-41.119,-0.49442,1.13880,0.64438,,GT_ABSENT,
COCO_val2014_000000196341.jpg,196341,probe,cake,,0.1490,1,208,0.3611,0,0.000e+00,sam,-6.49337,-8.28481,1.79144,-0.31250,2.36108,2.17187,1.90405,-0.21875,83.328,-0.49442,1.13880,0.64438,,GT_ABSENT,
COCO_val2014_000000196341.jpg,196341,probe,tennis racket,,0.0796,1,208,0.3611,0,0.000e+00,sam,-4.59257,-4.29411,-0.29846,-0.23438,0.05894,2.59375,-0.23867,-0.10937,-34.779,-0.49442,1.13880,0.64438,,GT_ABSENT,
COCO_val2014_000000196341.jpg,196341,probe,pizza,,0.1186,1,208,0.3611,0,0.000e+00,sam,-8.68796,-6.34849,-2.33947,-0.12500,-1.03333,2.15625,-2.00129,-0.23437,-937.573,-0.49442,1.13880,0.64438,,GT_ABSENT,
COCO_val2014_000000196341.jpg,196341,probe,bowl,,0.1280,1,208,0.3611,0,0.000e+00,sam,-5.92346,-4.70877,-1.21469,-0.15625,-1.54449,2.65625,-1.24235,-0.21875,-236.925,-0.49442,1.13880,0.64438,,GT_ABSENT,
COCO_val2014_000000196341.jpg,196341,probe,sandwich,,0.1479,1,208,0.3611,0,0.000e+00,sam,-6.11623,-6.88004,0.76380,0.12500,1.56274,2.03125,1.20281,-0.15625,53.411,-0.49442,1.13880,0.64438,,GT_ABSENT,
COCO_val2014_000000196341.jpg,196341,probe,toaster,,0.0338,1,208,0.3611,0,0.000e+00,sam,-8.13164,-8.01187,-0.11977,-0.23438,0.40790,2.10938,-0.18919,-0.12500,-12.724,-0.49442,1.13880,0.64438,,GT_ABSENT,
COCO_val2014_000000196341.jpg,196341,probe,hot dog,,0.0566,1,208,0.3611,0,0.000e+00,sam,-8.44149,-6.65077,-1.79071,-0.00000,-1.62436,3.35937,-1.53233,-0.15625,-499.372,-0.49442,1.13880,0.64438,,GT_ABSENT,
COCO_val2014_000000196341.jpg,196341,probe,microwave,,0.0774,1,208,0.3611,0,0.000e+00,sam,-4.62442,-4.55920,-0.06522,-0.45313,0.49668,1.35937,0.13046,-0.54688,-6.739,-0.49442,1.13880,0.64438,,GT_ABSENT,
COCO_val2014_000000234433.jpg,234433,candidate,bicycle,bicycle,0.6829,1,8,0.0139,0,0.000e+00,sam,-1.00334,-1.53980,0.53646,2.93750,-0.40181,-0.90625,0.53427,2.98437,41.518,0.00918,0.60927,0.61844,HALLUCINATED,REAL,FP
COCO_val2014_000000234433.jpg,234433,candidate,car,car,0.5471,7,22,0.0382,0,0.000e+00,sam,-5.32762,-7.72315,2.39552,5.53125,3.19042,2.82813,2.43698,5.46875,90.888,0.00918,0.60927,0.61844,VERIFIED,REAL,TN
COCO_val2014_000000234433.jpg,234433,candidate,truck,truck,0.5641,4,18,0.0312,0,0.000e+00,sam,-4.69633,-5.72859,1.03226,5.65625,1.47469,2.32812,1.10514,5.65625,64.380,0.00918,0.60927,0.61844,VERIFIED,HALLUCINATED,FN
COCO_val2014_000000234433.jpg,234433,candidate,street corner,street corner,0.2697,1,233,0.4045,0,0.000e+00,sam,-2.98573,-4.03504,1.04931,0.68750,0.82872,0.20312,0.63332,0.28125,64.982,0.00918,0.60927,0.61844,VERIFIED,UNKNOWN,TN
COCO_val2014_000000234433.jpg,234433,candidate,pole,pole,0.5432,1,108,0.1875,0,0.000e+00,sam,-1.95262,-5.02993,3.07731,0.65625,-0.17341,-2.35937,2.99055,0.31250,95.392,0.00918,0.60927,0.61844,VERIFIED,UNKNOWN,TN
COCO_val2014_000000234433.jpg,234433,candidate,sign,sign,0.7693,1,78,0.1354,0,0.000e+00,sam,-1.80419,-7.82936,6.02517,2.92188,6.01582,1.89063,6.01770,2.93750,99.758,0.00918,0.60927,0.61844,VERIFIED,UNKNOWN,TN
COCO_val2014_000000234433.jpg,234433,probe,backpack,,0.1484,1,78,0.1354,0,0.000e+00,sam,-4.74606,-6.80760,2.06154,-0.07812,2.89561,-2.15625,2.36519,0.25000,87.274,0.00918,0.60927,0.61844,,GT_ABSENT,
COCO_val2014_000000234433.jpg,234433,probe,wine glass,,0.1107,1,78,0.1354,0,0.000e+00,sam,-6.51605,-6.62393,0.10788,-0.10937,1.22631,1.71875,0.25828,-0.14062,10.226,0.00918,0.60927,0.61844,,GT_ABSENT,
COCO_val2014_000000234433.jpg,234433,probe,bowl,,0.1469,1,6,0.0104,0,0.000e+00,sam,-6.13968,-6.18360,0.04391,-0.00000,3.02090,3.50000,0.01563,-0.01563,4.296,0.00918,0.60927,0.61844,,GT_ABSENT,
COCO_val2014_000000234433.jpg,234433,probe,tie,,0.1492,1,78,0.1354,0,0.000e+00,sam,-10.54247,-10.39967,-0.14280,-0.75000,-1.32792,-0.65625,-0.34099,-0.84375,-15.350,0.00918,0.60927,0.61844,,GT_ABSENT,
COCO_val2014_000000234433.jpg,234433,probe,hair drier,,0.0475,1,79,0.1372,0,0.000e+00,sam,-5.76861,-5.90008,0.13147,-0.37500,1.16505,2.09375,0.22041,-0.45313,12.320,0.00918,0.60927,0.61844,,GT_ABSENT,
COCO_val2014_000000234433.jpg,234433,probe,,,0.0362,1,80,0.1389,0,0.000e+00,sam,-9.69872,-9.28894,-0.40978,1.01562,0.28724,0.53125,-0.42889,0.95313,-50.649,0.00918,0.60927,0.61844,,GT_ABSENT,
COCO_val2014_000000234433.jpg,234433,probe,sandwich,,0.1460,1,79,0.1372,0,0.000e+00,sam,-5.49731,-6.18215,0.68484,-0.20312,1.29532,1.67188,0.73357,-0.28125,49.583,0.00918,0.60927,0.61844,,GT_ABSENT,
COCO_val2014_000000234433.jpg,234433,probe,dog,,0.1459,1,78,0.1354,0,0.000e+00,sam,-8.77294,-8.32154,-0.45140,-1.70313,-1.63652,-0.92188,-0.56451,-1.59375,-57.050,0.00918,0.60927,0.61844,,GT_ABSENT,
COCO_val2014_000000234433.jpg,234433,probe,sheep,,0.0967,1,6,0.0104,0,0.000e+00,sam,-14.29442,-14.40128,0.10686,0.03125,3.82409,4.07813,0.03669,0.01563,10.135,0.00918,0.60927,0.61844,,GT_ABSENT,
COCO_val2014_000000234433.jpg,234433,probe,tennis racket,,0.1422,1,78,0.1354,0,0.000e+00,sam,-4.08585,-4.29702,0.21117,-0.71875,0.36725,0.54687,0.19326,-0.67187,19.036,0.00918,0.60927,0.61844,,GT_ABSENT,
COCO_val2014_000000234433.jpg,234433,probe,toaster,,0.1032,1,6,0.0104,0,0.000e+00,sam,-6.75527,-6.73596,-0.01931,-0.01563,1.91790,4.10937,0.09827,-0.03125,-1.950,0.00918,0.60927,0.61844,,GT_ABSENT,
COCO_val2014_000000234433.jpg,234433,probe,horse,,0.1168,1,78,0.1354,0,0.000e+00,sam,-10.62841,-10.26686,-0.36155,-0.67188,-1.32011,0.98438,-0.52291,-0.87500,-43.555,0.00918,0.60927,0.61844,,GT_ABSENT,
COCO_val2014_000000234433.jpg,234433,probe,giraffe,,0.1057,1,78,0.1354,0,0.000e+00,sam,-3.59365,-4.05949,0.46584,-0.06250,-0.48720,1.01562,0.36052,-0.07813,37.239,0.00918,0.60927,0.61844,,GT_ABSENT,
COCO_val2014_000000234433.jpg,234433,probe,teddy bear,,0.0685,1,78,0.1354,0,0.000e+00,sam,-3.79209,-3.23969,-0.55241,-0.50000,-0.59602,1.31250,-0.50795,-0.50000,-73.743,0.00918,0.60927,0.61844,,GT_ABSENT,
COCO_val2014_000000234433.jpg,234433,probe,toothbrush,,0.0986,1,78,0.1354,0,0.000e+00,sam,-2.73115,-2.62989,-0.10126,-0.26563,0.04510,1.78125,0.00969,-0.31250,-10.657,0.00918,0.60927,0.61844,,GT_ABSENT,
COCO_val2014_000000234433.jpg,234433,probe,oven,,0.1466,1,80,0.1389,0,0.000e+00,sam,-9.82849,-9.00261,-0.82589,-0.12500,-0.31947,1.70312,-0.80787,-0.18750,-128.391,0.00918,0.60927,0.61844,,GT_ABSENT,
COCO_val2014_000000234433.jpg,234433,probe,baseball glove,,0.0707,1,78,0.1354,0,0.000e+00,sam,-4.77320,-4.73459,-0.03861,-1.29688,0.85391,0.20312,0.06115,-1.39063,-3.937,0.00918,0.60927,0.61844,,GT_ABSENT,
COCO_val2014_000000234433.jpg,234433,probe,cake,,0.1184,1,6,0.0104,0,0.000e+00,sam,-7.74757,-7.77932,0.03174,0.01562,3.83126,4.37500,0.05167,0.01562,3.124,0.00918,0.60927,0.61844,,GT_ABSENT,
COCO_val2014_000000234433.jpg,234433,probe,apple,,0.1081,1,78,0.1354,0,0.000e+00,sam,-17.95555,-17.90846,-0.04710,0.01563,1.76583,2.03125,0.16428,-0.07812,-4.822,0.00918,0.60927,0.61844,,GT_ABSENT,
COCO_val2014_000000234433.jpg,234433,probe,spoon,,0.0804,1,78,0.1354,0,0.000e+00,sam,-7.28625,-6.57462,-0.71164,-0.18750,-0.35181,1.60937,-0.83330,-0.18750,-103.732,0.00918,0.60927,0.61844,,GT_ABSENT,
COCO_val2014_000000455610.jpg,455610,candidate,motorcycle,motorcycle,0.7481,1,342,0.5938,0,0.000e+00,sam,-0.67459,-5.11729,4.44270,8.10938,4.44183,8.37500,0.00000,0.00000,98.824,-1.96366,1.55991,-0.40375,VERIFIED,REAL,TN
COCO_val2014_000000455610.jpg,455610,candidate,person,man,0.6303,3,32,0.0556,0,0.000e+00,sam,-6.84677,-7.22814,0.38137,1.81250,2.27529,0.31250,0.32510,1.82813,31.707,-1.96366,1.55991,-0.40375,VERIFIED,REAL,TN
COCO_val2014_000000455610.jpg,455610,candidate,stop sign,stop sign,0.3198,1,9,0.0156,0,0.000e+00,sam,-4.53483,-4.55187,0.01704,0.12500,0.88666,0.45313,-0.06006,0.37500,1.689,-1.96366,1.55991,-0.40375,VERIFIED,HALLUCINATED,FN
COCO_val2014_000000455610.jpg,455610,candidate,green,green,0.7459,1,338,0.5868,0,0.000e+00,sam,-8.53427,-7.66053,-0.87375,0.25000,-1.26536,-0.42188,0.00000,0.00000,-139.587,-1.96366,1.55991,-0.40375,HALLUCINATED,UNKNOWN,TN
COCO_val2014_000000455610.jpg,455610,candidate,sign,sign,0.5937,1,342,0.5938,0,0.000e+00,sam,-10.69834,-9.40642,-1.29191,0.98437,-1.99958,-1.67187,0.00000,0.00000,-263.974,-1.96366,1.55991,-0.40375,HALLUCINATED,UNKNOWN,TN
COCO_val2014_000000455610.jpg,455610,candidate,red,red,0.8577,1,342,0.5938,0,0.000e+00,sam,-1.27646,-5.30877,4.03231,2.29687,3.72698,2.09375,0.00000,0.00000,98.227,-1.96366,1.55991,-0.40375,VERIFIED,UNKNOWN,TN
COCO_val2014_000000455610.jpg,455610,probe,hot dog,,0.1450,1,338,0.5868,0,0.000e+00,sam,-6.95520,-4.63797,-2.31723,-0.93750,-2.56259,-1.71875,0.00000,0.00000,-914.754,-1.96366,1.55991,-0.40375,,GT_ABSENT,
COCO_val2014_000000455610.jpg,455610,probe,sports ball,,0.0947,1,340,0.5903,0,0.000e+00,sam,-9.11620,-2.40481,-6.71139,-2.43750,-6.79093,-3.51562,0.00000,0.00000,-82071.204,-1.96366,1.55991,-0.40375,,GT_ABSENT,
COCO_val2014_000000455610.jpg,455610,probe,,,0.0837,1,343,0.5955,0,0.000e+00,sam,-8.81552,-9.45044,0.63492,0.20312,0.98987,-0.01562,0.00000,0.00000,47.002,-1.96366,1.55991,-0.40375,,GT_ABSENT,
COCO_val2014_000000455610.jpg,455610,probe,tennis racket,,0.0832,1,336,0.5833,0,0.000e+00,sam,-5.25355,-2.56915,-2.68440,-2.29687,-2.38750,-2.40625,0.00000,0.00000,-1364.945,-1.96366,1.55991,-0.40375,,GT_ABSENT,
COCO_val2014_000000455610.jpg,455610,probe,sink,,0.2163,1,340,0.5903,0,0.000e+00,sam,-12.82334,-9.28104,-3.54230,1.18750,-3.08102,-0.31250,0.00000,0.00000,-3354.623,-1.96366,1.55991,-0.40375,,GT_ABSENT,
COCO_val2014_000000455610.jpg,455610,probe,baseball glove,,0.1628,1,337,0.5851,0,0.000e+00,sam,-4.82311,-2.29769,-2.52542,-3.00000,-2.52887,-3.43750,0.00000,0.00000,-1149.617,-1.96366,1.55991,-0.40375,,GT_ABSENT,
COCO_val2014_000000455610.jpg,455610,probe,hair drier,,0.0628,1,337,0.5851,0,0.000e+00,sam,-6.39964,-4.54071,-1.85894,0.18750,-2.07782,-0.32812,0.00000,0.00000,-541.691,-1.96366,1.55991,-0.40375,,GT_ABSENT,
COCO_val2014_000000455610.jpg,455610,probe,skateboard,,0.1548,1,339,0.5885,0,0.000e+00,sam,-3.98888,-1.93527,-2.05361,-2.84375,-2.32003,-2.73437,0.00000,0.00000,-679.603,-1.96366,1.55991,-0.40375,,GT_ABSENT,
COCO_val2014_000000455610.jpg,455610,probe,wine glass,,0.1002,1,341,0.5920,0,0.000e+00,sam,-7.86995,-5.38037,-2.48958,0.50000,-2.82434,0.07812,0.00000,0.00000,-1105.620,-1.96366,1.55991,-0.40375,,GT_ABSENT,
COCO_val2014_000000455610.jpg,455610,probe,toaster,,0.1183,1,338,0.5868,0,0.000e+00,sam,-7.52765,-5.34221,-2.18545,-0.18750,-3.88708,-0.59375,0.00000,0.00000,-789.462,-1.96366,1.55991,-0.40375,,GT_ABSENT,
COCO_val2014_000000455610.jpg,455610,probe,potted plant,,0.1091,1,35,0.0608,0,0.000e+00,sam,-5.02142,-5.16562,0.14420,-0.03125,3.43300,1.17188,0.18074,0.37500,13.428,-1.96366,1.55991,-0.40375,,GT_ABSENT,
COCO_val2014_000000455610.jpg,455610,probe,parking meter,,0.2137,1,341,0.5920,0,0.000e+00,sam,-4.31370,-4.07886,-0.23484,0.25000,-0.48609,-1.29688,0.00000,0.00000,-26.471,-1.96366,1.55991,-0.40375,,GT_ABSENT,
COCO_val2014_000000455610.jpg,455610,probe,frisbee,,0.1293,1,346,0.6007,0,0.000e+00,sam,-3.90657,-0.71395,-3.19262,-5.35938,-3.61863,-5.75000,0.00000,0.00000,-2335.210,-1.96366,1.55991,-0.40375,,GT_ABSENT,
COCO_val2014_000000455610.jpg,455610,probe,book,,0.2146,1,338,0.5868,0,0.000e+00,sam,-12.45224,-10.21758,-2.23467,0.87500,-2.61242,0.09375,0.00000,0.00000,-834.336,-1.96366,1.55991,-0.40375,,GT_ABSENT,
COCO_val2014_000000455610.jpg,455610,probe,teddy bear,,0.1703,1,340,0.5903,0,0.000e+00,sam,-4.27936,-3.42004,-0.85932,0.37500,-0.89260,0.23437,0.00000,0.00000,-136.156,-1.96366,1.55991,-0.40375,,GT_ABSENT,
COCO_val2014_000000455610.jpg,455610,probe,vase,,0.1836,1,337,0.5851,0,0.000e+00,sam,-6.13707,-4.49152,-1.64555,0.40625,-1.56489,-0.25000,0.00000,0.00000,-418.384,-1.96366,1.55991,-0.40375,,GT_ABSENT,
COCO_val2014_000000455610.jpg,455610,probe,surfboard,,0.1362,1,338,0.5868,0,0.000e+00,sam,-4.95220,-2.95529,-1.99691,-1.28125,-1.58179,-1.00000,0.00000,0.00000,-636.622,-1.96366,1.55991,-0.40375,,GT_ABSENT,
COCO_val2014_000000455610.jpg,455610,probe,toothbrush,,0.1086,1,338,0.5868,0,0.000e+00,sam,-3.38631,-2.49765,-0.88866,-0.20313,-1.28158,-0.45313,0.00000,0.00000,-143.187,-1.96366,1.55991,-0.40375,,GT_ABSENT,
COCO_val2014_000000455610.jpg,455610,probe,bowl,,0.2283,1,339,0.5885,0,0.000e+00,sam,-6.73076,-4.77868,-1.95208,1.48437,-2.27261,2.37500,0.00000,0.00000,-604.335,-1.96366,1.55991,-0.40375,,GT_ABSENT,
COCO_val2014_000000455610.jpg,455610,probe,giraffe,,0.0777,1,338,0.5868,0,0.000e+00,sam,-5.36385,-4.68442,-0.67943,0.26563,-0.65647,0.45313,0.00000,0.00000,-97.275,-1.96366,1.55991,-0.40375,,GT_ABSENT,
COCO_val2014_000000039053.jpg,39053,candidate,dining table,table,0.6084,1,249,0.4323,0,0.000e+00,sam,-0.55521,-0.71201,0.15680,1.12500,-0.19409,-1.00000,0.00000,0.00000,14.513,-0.26617,0.29151,0.02534,VERIFIED,REAL,TN
COCO_val2014_000000039053.jpg,39053,candidate,bowl,bowl,0.5376,1,63,0.1094,0,0.000e+00,sam,-2.23626,-2.05649,-0.17977,0.17188,0.51236,-1.12500,-0.12234,-0.18750,-19.694,-0.26617,0.29151,0.02534,HALLUCINATED,REAL,FP
COCO_val2014_000000039053.jpg,39053,candidate,cup,cup,0.2978,2,21,0.0365,0,0.000e+00,sam,-9.69113,-10.42731,0.73619,2.00000,3.84373,-0.62500,0.67291,2.06250,52.106,-0.26617,0.29151,0.02534,VERIFIED,REAL,TN
COCO_val2014_000000039053.jpg,39053,candidate,fork,fork,0.3472,2,74,0.1285,0,0.000e+00,sam,-7.85519,-7.74517,-0.11002,3.29687,-0.85224,3.46875,0.34412,3.14062,-11.630,-0.26617,0.29151,0.02534,HALLUCINATED,HALLUCINATED,TP
COCO_val2014_000000039053.jpg,39053,candidate,spoon,spoon,0.2792,2,74,0.1285,0,0.000e+00,sam,-3.99073,-3.77805,-0.21268,2.18750,-0.16858,1.21875,-0.25712,2.15625,-23.699,-0.26617,0.29151,0.02534,HALLUCINATED,REAL,FP
COCO_val2014_000000039053.jpg,39053,candidate,knife,knife,0.1980,1,11,0.0191,0,0.000e+00,sam,-5.15653,-5.19369,0.03717,-0.15625,0.40271,-0.45312,-0.05087,-0.23438,3.648,-0.26617,0.29151,0.02534,VERIFIED,HALLUCINATED,FN
COCO_val2014_000000039053.jpg,39053,candidate,cell phone,cell phone,0.2515,1,2,0.0035,0,0.000e+00,sam,-5.34816,-5.34842,0.00026,0.40625,2.05689,-3.04687,0.00772,0.42188,0.026,-0.26617,0.29151,0.02534,HALLUCINATED,REAL,FP
COCO_val2014_000000039053.jpg,39053,candidate,variety,variety,0.3080,2,180,0.3125,0,0.000e+00,sam,-1.89425,-2.23459,0.34034,0.29688,-0.28866,-1.35937,-0.01775,-0.18750,28.847,-0.26617,0.29151,0.02534,VERIFIED,UNKNOWN,TN
COCO_val2014_000000039053.jpg,39053,candidate,phone,phone,0.2913,2,6,0.0104,0,0.000e+00,sam,-15.03488,-15.89322,0.85834,6.31250,5.88465,3.89062,0.86871,6.39062,57.614,-0.26617,0.29151,0.02534,VERIFIED,UNKNOWN,TN
COCO_val2014_000000039053.jpg,39053,candidate,plate,plate,0.4285,2,159,0.2760,0,0.000e+00,sam,-3.92550,-2.21399,-1.71152,2.21875,0.34383,2.06250,-0.78938,2.35937,-453.736,-0.26617,0.29151,0.02534,HALLUCINATED,UNKNOWN,TN
COCO_val2014_000000039053.jpg,39053,candidate,food,food,0.6370,7,267,0.4635,0,0.000e+00,sam,-5.75363,-6.80763,1.05400,3.65625,1.81461,3.37500,0.00000,0.00000,65.146,-0.26617,0.29151,0.02534,VERIFIED,UNKNOWN,TN
COCO_val2014_000000039053.jpg,39053,probe,potted plant,,0.1143,1,0,0.0000,1,0.000e+00,sam,-4.63307,-4.63307,0.00000,0.00000,,,,,0.000,-0.26617,0.29151,0.02534,,GT_ABSENT,
COCO_val2014_000000039053.jpg,39053,probe,parking meter,,0.0521,1,63,0.1094,0,0.000e+00,sam,-5.97099,-5.50735,-0.46364,-0.04688,0.22875,2.96875,-0.34876,-0.03125,-58.985,-0.26617,0.29151,0.02534,,GT_ABSENT,
COCO_val2014_000000039053.jpg,39053,probe,suitcase,,0.1296,1,63,0.1094,0,0.000e+00,sam,-6.63796,-6.52573,-0.11223,-0.14062,0.53035,1.89063,-0.00339,-0.03125,-11.877,-0.26617,0.29151,0.02534,,GT_ABSENT,
COCO_val2014_000000039053.jpg,39053,probe,stop sign,,0.0466,1,63,0.1094,0,0.000e+00,sam,-6.38901,-6.21774,-0.17126,-0.04687,-0.57834,2.56250,-0.10017,-0.06250,-18.680,-0.26617,0.29151,0.02534,,GT_ABSENT,
COCO_val2014_000000039053.jpg,39053,probe,traffic light,,0.0394,1,63,0.1094,0,0.000e+00,sam,-8.48264,-8.10047,-0.38217,-0.03125,0.35384,2.75000,-0.32544,0.01563,-46.546,-0.26617,0.29151,0.02534,,GT_ABSENT,
COCO_val2014_000000039053.jpg,39053,probe,tennis racket,,0.1090,1,17,0.0295,0,0.000e+00,sam,-5.54057,-5.54638,0.00581,-0.04688,2.36429,4.79687,-0.00733,-0.01563,0.579,-0.26617,0.29151,0.02534,,GT_ABSENT,
COCO_val2014_000000039053.jpg,39053,probe,,,0.0442,1,63,0.1094,0,0.000e+00,sam,-11.68332,-11.49568,-0.18763,-0.06250,2.29078,0.60938,0.01987,-0.10937,-20.639,-0.26617,0.29151,0.02534,,GT_ABSENT,
COCO_val2014_000000039053.jpg,39053,probe,teddy bear,,0.1140,1,25,0.0434,0,0.000e+00,sam,-4.72228,-4.68535,-0.03692,-0.01562,2.24442,2.57813,-0.03061,0.00000,-3.761,-0.26617,0.29151,0.02534,,GT_ABSENT,
COCO_val2014_000000039053.jpg,39053,probe,skateboard,,0.0914,1,63,0.1094,0,0.000e+00,sam,-7.16327,-6.72056,-0.44271,-0.14062,0.33705,2.03125,-0.24617,-0.14063,-55.692,-0.26617,0.29151,0.02534,,GT_ABSENT,
COCO_val2014_000000039053.jpg,39053,probe,fire hydrant,,0.1387,1,120,0.2083,0,0.000e+00,sam,-4.84748,-4.99787,0.15040,0.04688,1.00286,-0.10938,0.31410,0.07813,13.963,-0.26617,0.29151,0.02534,,GT_ABSENT,
COCO_val2014_000000039053.jpg,39053,probe,surfboard,,0.1423,1,63,0.1094,0,0.000e+00,sam,-5.16761,-4.86015,-0.30746,-0.07812,-0.76019,2.64063,-0.22450,-0.01562,-35.997,-0.26617,0.29151,0.02534,,GT_ABSENT,
COCO_val2014_000000039053.jpg,39053,probe,frisbee,,0.1217,1,120,0.2083,0,0.000e+00,sam,-3.60308,-3.28038,-0.32270,0.01563,1.03839,0.07813,0.12315,0.09375,-38.085,-0.26617,0.29151,0.02534,,GT_ABSENT,
COCO_val2014_000000039053.jpg,39053,probe,hair drier,,0.0518,1,63,0.1094,0,0.000e+00,sam,-6.39953,-6.23357,-0.16596,-0.23438,0.45159,2.37500,-0.14582,-0.21875,-18.053,-0.26617,0.29151,0.02534,,GT_ABSENT,
COCO_val2014_000000039053.jpg,39053,probe,toothbrush,,0.1041,1,63,0.1094,0,0.000e+00,sam,-3.53614,-3.15727,-0.37887,-0.18750,-0.69501,2.89063,-0.49918,-0.25000,-46.064,-0.26617,0.29151,0.02534,,GT_ABSENT,
COCO_val2014_000000039053.jpg,39053,probe,umbrella,,0.1584,1,248,0.4306,0,0.000e+00,sam,-5.73652,-5.29339,-0.44313,-0.09375,1.41855,0.82813,0.00000,0.00000,-55.757,-0.26617,0.29151,0.02534,,GT_ABSENT,
COCO_val2014_000000039053.jpg,39053,probe,snowboard,,0.0625,1,63,0.1094,0,0.000e+00,sam,-9.12165,-8.72457,-0.39708,-0.10938,-0.12885,2.76562,-0.22489,-0.14063,-48.747,-0.26617,0.29151,0.02534,,GT_ABSENT,
COCO_val2014_000000039053.jpg,39053,probe,baseball bat,,0.1031,1,51,0.0885,0,0.000e+00,sam,-8.21046,-8.16156,-0.04890,0.06250,0.36956,4.10938,0.02986,0.04688,-5.012,-0.26617,0.29151,0.02534,,GT_ABSENT,
COCO_val2014_000000039053.jpg,39053,probe,motorcycle,,0.0670,1,63,0.1094,0,0.000e+00,sam,-7.21747,-6.91875,-0.29872,-0.06250,-0.36252,2.18750,-0.22974,-0.04688,-34.814,-0.26617,0.29151,0.02534,,GT_ABSENT,
COCO_val2014_000000039053.jpg,39053,probe,skis,,0.1535,1,248,0.4306,0,0.000e+00,sam,-14.03326,-12.78727,-1.24599,-0.14062,4.09842,0.90625,0.00000,0.00000,-247.636,-0.26617,0.29151,0.02534,,GT_ABSENT,
COCO_val2014_000000039053.jpg,39053,probe,baseball glove,,0.1315,1,51,0.0885,0,0.000e+00,sam,-6.07005,-5.99578,-0.07427,0.10938,1.27746,3.82813,-0.08463,0.18750,-7.710,-0.26617,0.29151,0.02534,,GT_ABSENT,
COCO_val2014_000000493862.jpg,493862,candidate,person,person,0.8889,1,62,0.1076,0,0.000e+00,sam,-1.78606,-5.07634,3.29028,5.07812,2.50162,2.65625,4.09688,5.29687,96.276,0.00692,0.35848,0.36540,VERIFIED,REAL,TN
COCO_val2014_000000493862.jpg,493862,candidate,tennis racket,racket,0.6716,1,13,0.0226,0,0.000e+00,sam,-0.31551,-3.39165,3.07614,8.43750,0.21509,4.45312,3.07802,8.50000,95.386,0.00692,0.35848,0.36540,VERIFIED,REAL,TN
COCO_val2014_000000493862.jpg,493862,candidate,dog,dog,0.5992,1,5,0.0087,0,0.000e+00,sam,-7.34856,-10.04743,2.69887,4.56250,2.92040,1.31250,2.89716,4.53125,93.272,0.00692,0.35848,0.36540,VERIFIED,REAL,TN
COCO_val2014_000000493862.jpg,493862,candidate,sports ball,ball,0.3728,1,1,0.0017,0,0.000e+00,sam,-2.79705,-2.80492,0.00787,-0.15625,-1.52040,1.73438,0.00124,-0.15625,0.784,0.00692,0.35848,0.36540,HALLUCINATED,HALLUCINATED,TP
COCO_val2014_000000493862.jpg,493862,candidate,grassy,grassy,0.7383,1,298,0.5174,0,0.000e+00,sam,-2.68844,-2.49395,-0.19449,2.60937,0.88183,2.39062,0.60510,2.43750,-21.469,0.00692,0.35848,0.36540,HALLUCINATED,UNKNOWN,TN
COCO_val2014_000000493862.jpg,493862,candidate,tennis,tennis,0.4189,1,13,0.0226,0,0.000e+00,sam,-0.39544,-6.60841,6.21297,3.60937,-0.45027,2.29687,6.20959,3.43750,99.800,0.00692,0.35848,0.36540,VERIFIED,UNKNOWN,TN
COCO_val2014_000000493862.jpg,493862,candidate,field,field,0.7710,1,298,0.5174,0,0.000e+00,sam,-6.12200,-5.79434,-0.32766,1.32813,3.17659,1.34375,2.58060,1.32813,-38.772,0.00692,0.35848,0.36540,HALLUCINATED,UNKNOWN,TN
COCO_val2014_000000493862.jpg,493862,probe,baseball bat,,0.1131,1,3,0.0052,0,0.000e+00,sam,-4.52218,-4.43007,-0.09211,-0.15625,-1.37440,3.06250,-0.02900,-0.21875,-9.649,0.00692,0.35848,0.36540,,GT_ABSENT,
COCO_val2014_000000493862.jpg,493862,probe,traffic light,,0.0577,1,5,0.0087,0,0.000e+00,sam,-5.93486,-5.91897,-0.01589,-0.23438,1.68819,1.93750,-0.00371,-0.21875,-1.601,0.00692,0.35848,0.36540,,GT_ABSENT,
COCO_val2014_000000493862.jpg,493862,probe,vase,,0.0610,1,61,0.1059,0,0.000e+00,sam,-6.04613,-6.08771,0.04157,-0.12500,2.61477,1.92188,-0.07971,-0.20312,4.072,0.00692,0.35848,0.36540,,GT_ABSENT,
COCO_val2014_000000493862.jpg,493862,probe,cake,,0.1376,1,62,0.1076,0,0.000e+00,sam,-7.61151,-7.79672,0.18520,0.07813,2.03964,2.48438,0.09618,0.04688,16.906,0.00692,0.35848,0.36540,,GT_ABSENT,
COCO_val2014_000000493862.jpg,493862,probe,stop sign,,0.0487,1,61,0.1059,0,0.000e+00,sam,-4.57627,-4.26031,-0.31596,0.23438,-0.16606,-0.26562,-0.32732,-0.93750,-37.157,0.00692,0.35848,0.36540,,GT_ABSENT,
COCO_val2014_000000493862.jpg,493862,probe,snowboard,,0.1149,1,62,0.1076,0,0.000e+00,sam,-6.14629,-6.94062,0.79433,0.01563,1.33492,2.87500,0.65037,-0.03125,54.812,0.00692,0.35848,0.36540,,GT_ABSENT,
COCO_val2014_000000493862.jpg,493862,probe,handbag,,0.1465,1,13,0.0226,0,0.000e+00,sam,-6.07701,-5.29510,-0.78191,0.15625,1.97204,3.25000,-0.92338,0.17187,-118.565,0.00692,0.35848,0.36540,,GT_ABSENT,
COCO_val2014_000000493862.jpg,493862,probe,potted plant,,0.0584,1,11,0.0191,0,0.000e+00,sam,-3.47303,-3.40820,-0.06483,-0.09375,1.45783,1.92188,-0.02485,-0.12500,-6.698,0.00692,0.35848,0.36540,,GT_ABSENT,
COCO_val2014_000000493862.jpg,493862,probe,suitcase,,0.0676,1,61,0.1059,0,0.000e+00,sam,-5.49409,-5.87521,0.38111,-0.00000,1.16163,2.12500,0.24419,-0.01562,31.690,0.00692,0.35848,0.36540,,GT_ABSENT,
COCO_val2014_000000493862.jpg,493862,probe,parking meter,,0.0935,1,62,0.1076,0,0.000e+00,sam,-4.94190,-4.83965,-0.10225,-0.23438,0.59967,-0.04688,-0.09245,-0.01563,-10.766,0.00692,0.35848,0.36540,,GT_ABSENT,
COCO_val2014_000000493862.jpg,493862,probe,hot dog,,0.0790,1,5,0.0087,0,0.000e+00,sam,-6.12106,-6.69027,0.56921,0.37500,1.34034,4.73437,0.62667,0.35937,43.403,0.00692,0.35848,0.36540,,GT_ABSENT,
COCO_val2014_000000493862.jpg,493862,probe,bench,,0.1200,1,5,0.0087,0,0.000e+00,sam,-5.23328,-5.18416,-0.04912,-0.03125,1.48715,2.89062,-0.07248,-0.00000,-5.035,0.00692,0.35848,0.36540,,GT_ABSENT,
COCO_val2014_000000493862.jpg,493862,probe,skateboard,,0.0928,1,62,0.1076,0,0.000e+00,sam,-2.82806,-3.05287,0.22481,0.18750,0.34524,2.40625,0.25342,-0.04688,20.133,0.00692,0.35848,0.36540,,GT_ABSENT,
COCO_val2014_000000493862.jpg,493862,probe,bowl,,0.0808,1,13,0.0226,0,0.000e+00,sam,-6.47271,-5.98474,-0.48797,-0.29687,2.67306,3.18750,-0.90244,-0.18750,-62.901,0.00692,0.35848,0.36540,,GT_ABSENT,
COCO_val2014_000000493862.jpg,493862,probe,fire hydrant,,0.1140,1,62,0.1076,0,0.000e+00,sam,-3.75033,-3.67388,-0.07645,-0.25000,1.08433,-0.20313,-0.12035,-0.34375,-7.945,0.00692,0.35848,0.36540,,GT_ABSENT,
COCO_val2014_000000493862.jpg,493862,probe,wine glass,,0.1049,1,13,0.0226,0,0.000e+00,sam,-6.50859,-6.92617,0.41758,-0.03125,2.19925,4.59375,0.43573,-0.04687,34.136,0.00692,0.35848,0.36540,,GT_ABSENT,
COCO_val2014_000000493862.jpg,493862,probe,hair drier,,0.0630,1,61,0.1059,0,0.000e+00,sam,-5.79121,-5.51706,-0.27415,0.03125,0.81423,2.96875,-0.18638,0.04688,-31.541,0.00692,0.35848,0.36540,,GT_ABSENT,
COCO_val2014_000000493862.jpg,493862,probe,keyboard,,0.1227,1,62,0.1076,0,0.000e+00,sam,-13.53606,-13.49040,-0.04566,-0.60938,1.27896,1.64062,-0.04232,-0.59375,-4.672,0.00692,0.35848,0.36540,,GT_ABSENT,
COCO_val2014_000000493862.jpg,493862,probe,broccoli,,0.0836,1,5,0.0087,0,0.000e+00,sam,-5.68594,-5.53462,-0.15131,0.01562,2.00333,4.10937,-0.11627,0.01562,-16.336,0.00692,0.35848,0.36540,,GT_ABSENT,
COCO_val2014_000000493862.jpg,493862,probe,microwave,,0.1301,1,62,0.1076,0,0.000e+00,sam,-4.39630,-4.37849,-0.01781,0.14062,0.10388,1.89063,0.17440,0.25000,-1.797,0.00692,0.35848,0.36540,,GT_ABSENT,
COCO_val2014_000000269873.jpg,269873,candidate,person,person,0.4720,10,179,0.3108,0,0.000e+00,sam,-5.14290,-5.46511,0.32221,3.10937,-0.37402,2.71875,0.31216,3.01562,27.545,-0.02538,0.19291,0.16752,VERIFIED,REAL,TN
COCO_val2014_000000269873.jpg,269873,candidate,handbag,handbag,0.3195,4,23,0.0399,0,0.000e+00,sam,-5.09163,-4.92298,-0.16865,-0.34375,1.84857,-1.35938,-0.15878,-0.32813,-18.371,-0.02538,0.19291,0.16752,HALLUCINATED,HALLUCINATED,TP
COCO_val2014_000000269873.jpg,269873,candidate,traffic light,traffic light,0.5282,1,6,0.0104,0,0.000e+00,sam,-3.21373,-3.24657,0.03284,0.04687,-1.36396,0.75000,0.02421,0.09375,3.231,-0.02538,0.19291,0.16752,HALLUCINATED,REAL,FP
COCO_val2014_000000269873.jpg,269873,candidate,intersection,intersection,0.3092,1,76,0.1319,0,0.000e+00,sam,-11.01009,-10.30278,-0.70731,-0.17187,-1.82890,-2.57813,-2.05603,-0.60938,-102.852,-0.02538,0.19291,0.16752,HALLUCINATED,UNKNOWN,TN
COCO_val2014_000000269873.jpg,269873,candidate,city street,city street,0.3009,2,110,0.1910,0,0.000e+00,sam,-1.60261,-1.43014,-0.17247,0.12500,-2.69936,-4.98438,-0.60282,-0.07813,-18.823,-0.02538,0.19291,0.16752,HALLUCINATED,UNKNOWN,TN
COCO_val2014_000000269873.jpg,269873,candidate,traffic,traffic,0.3495,1,77,0.1337,0,0.000e+00,sam,-5.91634,-5.69941,-0.21692,0.64062,-2.25228,1.04687,-0.33857,0.87500,-24.225,-0.02538,0.19291,0.16752,HALLUCINATED,UNKNOWN,TN
COCO_val2014_000000269873.jpg,269873,probe,wine glass,,0.0834,1,4,0.0069,0,0.000e+00,sam,-7.17072,-7.19320,0.02247,0.00000,2.51272,4.09375,0.00904,-0.04687,2.222,-0.02538,0.19291,0.16752,,GT_ABSENT,
COCO_val2014_000000269873.jpg,269873,probe,toilet,,0.1273,1,76,0.1319,0,0.000e+00,sam,-5.86092,-5.46350,-0.39742,-0.18750,-0.12258,1.76562,-0.39383,-0.17188,-48.798,-0.02538,0.19291,0.16752,,GT_ABSENT,
COCO_val2014_000000269873.jpg,269873,probe,bench,,0.1483,1,75,0.1302,0,0.000e+00,sam,-4.75224,-5.15281,0.40058,-0.07813,0.24309,3.60937,0.29415,0.10937,33.007,-0.02538,0.19291,0.16752,,GT_ABSENT,
COCO_val2014_000000269873.jpg,269873,probe,motorcycle,,0.1099,1,5,0.0087,0,0.000e+00,sam,-5.89432,-5.83174,-0.06258,0.07812,1.33116,3.12500,-0.11687,0.03125,-6.458,-0.02538,0.19291,0.16752,,GT_ABSENT,
COCO_val2014_000000269873.jpg,269873,probe,mouse,,0.1146,1,48,0.0833,0,0.000e+00,sam,-14.56478,-14.44736,-0.11742,-0.07813,1.72012,2.26562,-0.06334,-0.04688,-12.459,-0.02538,0.19291,0.16752,,GT_ABSENT,
COCO_val2014_000000269873.jpg,269873,probe,vase,,0.1134,1,30,0.0521,0,0.000e+00,sam,-7.65429,-7.83007,0.17579,0.03125,4.40588,2.21875,0.02512,0.07812,16.120,-0.02538,0.19291,0.16752,,GT_ABSENT,
COCO_val2014_000000269873.jpg,269873,probe,potted plant,,0.1143,1,5,0.0087,0,0.000e+00,sam,-4.03185,-4.02482,-0.00704,0.79687,2.01531,2.59375,-0.00679,0.87500,-0.706,-0.02538,0.19291,0.16752,,GT_ABSENT,
COCO_val2014_000000269873.jpg,269873,probe,sink,,0.0894,1,77,0.1337,0,0.000e+00,sam,-13.19759,-13.12129,-0.07630,-0.09375,0.98600,3.75000,0.13252,-0.07813,-7.928,-0.02538,0.19291,0.16752,,GT_ABSENT,
COCO_val2014_000000269873.jpg,269873,probe,spoon,,0.1385,1,48,0.0833,0,0.000e+00,sam,-9.30060,-9.18402,-0.11658,-0.01562,2.78627,1.76563,0.18900,0.01562,-12.364,-0.02538,0.19291,0.16752,,GT_ABSENT,
COCO_val2014_000000269873.jpg,269873,probe,surfboard,,0.1037,1,28,0.0486,0,0.000e+00,sam,-4.38410,-4.44511,0.06101,-0.00000,0.76148,4.45312,0.04190,0.03125,5.919,-0.02538,0.19291,0.16752,,GT_ABSENT,
COCO_val2014_000000269873.jpg,269873,probe,donut,,0.0881,1,75,0.1302,0,0.000e+00,sam,-7.10451,-6.97124,-0.13327,-0.06250,0.86394,3.14062,0.10377,-0.10938,-14.256,-0.02538,0.19291,0.16752,,GT_ABSENT,
COCO_val2014_000000269873.jpg,269873,probe,bowl,,0.0601,1,2,0.0035,0,0.000e+00,sam,-6.58250,-6.51180,-0.07070,0.01562,3.36880,3.28125,0.01383,0.03125,-7.326,-0.02538,0.19291,0.16752,,GT_ABSENT,
COCO_val2014_000000269873.jpg,269873,probe,scissors,,0.1290,1,76,0.1319,0,0.000e+00,sam,-5.94716,-5.88417,-0.06299,-0.14063,0.19787,2.32812,0.15792,-0.15625,-6.502,-0.02538,0.19291,0.16752,,GT_ABSENT,
COCO_val2014_000000269873.jpg,269873,probe,toaster,,0.0328,1,7,0.0122,0,0.000e+00,sam,-7.18391,-7.18219,-0.00172,0.00000,2.40082,3.95313,-0.04183,-0.01563,-0.172,-0.02538,0.19291,0.16752,,GT_ABSENT,
COCO_val2014_000000269873.jpg,269873,probe,knife,,0.1337,1,76,0.1319,0,0.000e+00,sam,-6.77807,-6.41187,-0.36619,-0.00000,-1.28733,1.95313,-0.41421,0.00000,-44.224,-0.02538,0.19291,0.16752,,GT_ABSENT,
COCO_val2014_000000269873.jpg,269873,probe,broccoli,,0.0745,1,30,0.0521,0,0.000e+00,sam,-5.43476,-5.39796,-0.03680,0.07812,1.99510,1.64063,-0.11095,0.09375,-3.749,-0.02538,0.19291,0.16752,,GT_ABSENT,
COCO_val2014_000000269873.jpg,269873,probe,cat,,0.1323,1,30,0.0521,0,0.000e+00,sam,-11.51790,-11.36150,-0.15640,0.06250,3.54775,2.07813,0.07638,0.07813,-16.929,-0.02538,0.19291,0.16752,,GT_ABSENT,
COCO_val2014_000000269873.jpg,269873,probe,hair drier,,0.0561,1,6,0.0104,0,0.000e+00,sam,-5.61393,-5.55696,-0.05697,0.01562,0.92686,2.98437,-0.02882,0.01563,-5.862,-0.02538,0.19291,0.16752,,GT_ABSENT,
COCO_val2014_000000269873.jpg,269873,probe,,,0.0479,1,76,0.1319,0,0.000e+00,sam,-8.32259,-8.66195,0.33936,0.06250,-0.13352,-1.57812,0.64084,0.07813,28.777,-0.02538,0.19291,0.16752,,GT_ABSENT,
COCO_val2014_000000269873.jpg,269873,probe,keyboard,,0.0953,1,28,0.0486,0,0.000e+00,sam,-14.20149,-14.35701,0.15552,-0.04688,7.31110,4.35938,0.34214,-0.04687,14.403,-0.02538,0.19291,0.16752,,GT_ABSENT,
COCO_val2014_000000524656.jpg,524656,candidate,sink,sink,0.5378,1,12,0.0208,0,0.000e+00,sam,-3.08773,-4.28788,1.20015,2.18750,-2.59687,-0.07812,1.63694,2.17188,69.885,-0.25364,0.21070,-0.04294,VERIFIED,REAL,TN
COCO_val2014_000000524656.jpg,524656,candidate,microwave,microwave,0.6789,1,43,0.0747,0,0.000e+00,sam,-1.13605,-2.38218,1.24613,3.84375,1.79725,3.54688,1.24813,4.07813,71.238,-0.25364,0.21070,-0.04294,VERIFIED,REAL,TN
COCO_val2014_000000524656.jpg,524656,candidate,toaster,toaster,0.5800,1,42,0.0729,0,0.000e+00,sam,-4.48112,-5.58492,1.10380,2.68750,3.22833,2.26562,1.59011,2.67187,66.839,-0.25364,0.21070,-0.04294,VERIFIED,REAL,TN
COCO_val2014_000000524656.jpg,524656,candidate,refrigerator,refrigerator,0.6828,1,24,0.0417,0,0.000e+00,sam,-1.69674,-1.59145,-0.10529,0.60937,-0.55686,-0.25000,-0.10352,0.67188,-11.104,-0.25364,0.21070,-0.04294,HALLUCINATED,REAL,FP
COCO_val2014_000000524656.jpg,524656,candidate,oven,stove,0.7294,1,43,0.0747,0,0.000e+00,sam,-5.37072,-6.55496,1.18424,4.46875,2.67661,4.35938,1.25206,4.56250,69.402,-0.25364,0.21070,-0.04294,VERIFIED,REAL,TN
COCO_val2014_000000524656.jpg,524656,candidate,appliance,appliance,0.6761,1,42,0.0729,0,0.000e+00,sam,-6.26635,-7.31586,1.04951,3.26563,2.03834,3.50000,1.12964,3.40625,64.989,-0.25364,0.21070,-0.04294,VERIFIED,UNKNOWN,TN
COCO_val2014_000000524656.jpg,524656,candidate,kitchen,kitchen,0.5451,1,85,0.1476,0,0.000e+00,sam,-0.69711,-0.69670,-0.00041,-0.15625,-1.68469,-2.68750,-0.03931,-0.03125,-0.041,-0.25364,0.21070,-0.04294,VERIFIED,UNKNOWN,TN
COCO_val2014_000000524656.jpg,524656,candidate,window,window,0.7040,1,172,0.2986,0,0.000e+00,sam,-4.54086,-7.52328,2.98242,2.64063,5.27690,2.01562,4.08434,2.42187,94.933,-0.25364,0.21070,-0.04294,VERIFIED,UNKNOWN,TN
COCO_val2014_000000524656.jpg,524656,probe,frisbee,,0.1093,1,43,0.0747,0,0.000e+00,sam,-4.31571,-3.92473,-0.39098,-0.29687,-0.26003,-0.31250,-0.43418,-0.15625,-47.842,-0.25364,0.21070,-0.04294,,GT_ABSENT,
COCO_val2014_000000524656.jpg,524656,probe,car,,0.1351,1,42,0.0729,0,0.000e+00,sam,-10.77914,-10.37838,-0.40076,0.06250,1.51465,3.90625,-0.37776,0.00000,-49.296,-0.25364,0.21070,-0.04294,,GT_ABSENT,
COCO_val2014_000000524656.jpg,524656,probe,hair drier,,0.0679,1,43,0.0747,0,0.000e+00,sam,-4.79794,-4.59688,-0.20106,-0.00000,-0.48878,1.98437,-0.10881,-0.09375,-22.270,-0.25364,0.21070,-0.04294,,GT_ABSENT,
COCO_val2014_000000524656.jpg,524656,probe,skateboard,,0.1357,1,42,0.0729,0,0.000e+00,sam,-5.37449,-5.10038,-0.27411,-0.17187,0.22193,0.60937,-0.29891,-0.18750,-31.536,-0.25364,0.21070,-0.04294,,GT_ABSENT,
COCO_val2014_000000524656.jpg,524656,probe,baseball bat,,0.1198,1,43,0.0747,0,0.000e+00,sam,-7.12115,-6.58970,-0.53144,-0.35938,-1.69822,0.51562,-0.41452,-0.43750,-70.139,-0.25364,0.21070,-0.04294,,GT_ABSENT,
COCO_val2014_000000524656.jpg,524656,probe,teddy bear,,0.1742,1,4,0.0069,0,0.000e+00,sam,-4.04378,-4.07472,0.03094,0.26563,1.68856,3.17188,0.03017,0.29688,3.046,-0.25364,0.21070,-0.04294,,GT_ABSENT,
COCO_val2014_000000524656.jpg,524656,probe,parking meter,,0.0485,1,42,0.0729,0,0.000e+00,sam,-5.25894,-5.12494,-0.13399,0.09375,1.60074,1.96875,-0.14626,0.06250,-14.339,-0.25364,0.21070,-0.04294,,GT_ABSENT,
COCO_val2014_000000524656.jpg,524656,probe,sports ball,,0.1427,1,2,0.0035,0,0.000e+00,sam,-6.71464,-6.66608,-0.04856,0.18750,2.29852,2.40625,-0.08838,0.12500,-4.976,-0.25364,0.21070,-0.04294,,GT_ABSENT,
COCO_val2014_000000524656.jpg,524656,probe,stop sign,,0.0539,1,42,0.0729,0,0.000e+00,sam,-6.50739,-6.28217,-0.22522,0.21875,1.09136,1.89063,-0.25453,0.25000,-25.259,-0.25364,0.21070,-0.04294,,GT_ABSENT,
COCO_val2014_000000524656.jpg,524656,probe,tennis racket,,0.1618,1,42,0.0729,0,0.000e+00,sam,-4.41117,-4.39381,-0.01736,-0.28125,0.47066,0.34375,-0.00127,-0.23437,-1.751,-0.25364,0.21070,-0.04294,,GT_ABSENT,
COCO_val2014_000000524656.jpg,524656,probe,toothbrush,,0.1106,1,10,0.0174,0,0.000e+00,sam,-3.79548,-3.62323,-0.17225,-0.17188,1.05510,1.23438,-0.18484,-0.31250,-18.798,-0.25364,0.21070,-0.04294,,GT_ABSENT,
COCO_val2014_000000524656.jpg,524656,probe,baseball glove,,0.1212,1,42,0.0729,0,0.000e+00,sam,-5.07563,-4.73457,-0.34106,-0.21875,0.00536,-0.03125,-0.42538,-0.25000,-40.644,-0.25364,0.21070,-0.04294,,GT_ABSENT,
COCO_val2014_000000524656.jpg,524656,probe,motorcycle,,0.1498,1,42,0.0729,0,0.000e+00,sam,-6.94025,-6.82944,-0.11080,-0.12500,1.11989,1.65625,-0.26244,-0.25000,-11.718,-0.25364,0.21070,-0.04294,,GT_ABSENT,
COCO_val2014_000000524656.jpg,524656,probe,,,0.0477,1,42,0.0729,0,0.000e+00,sam,-10.92367,-10.87447,-0.04920,0.09375,2.01856,0.53125,-0.05659,0.07812,-5.043,-0.25364,0.21070,-0.04294,,GT_ABSENT,
COCO_val2014_000000524656.jpg,524656,probe,traffic light,,0.0647,1,42,0.0729,0,0.000e+00,sam,-7.30554,-7.09193,-0.21361,0.23438,0.69579,1.92188,-0.17325,0.17187,-23.815,-0.25364,0.21070,-0.04294,,GT_ABSENT,
COCO_val2014_000000524656.jpg,524656,probe,surfboard,,0.0996,1,43,0.0747,0,0.000e+00,sam,-4.71362,-4.06388,-0.64973,-0.59375,-1.03621,0.00000,-0.66282,-0.65625,-91.503,-0.25364,0.21070,-0.04294,,GT_ABSENT,
COCO_val2014_000000524656.jpg,524656,probe,bird,,0.1447,1,42,0.0729,0,0.000e+00,sam,-10.61508,-10.30416,-0.31092,0.04687,1.15137,1.43750,-0.25376,-0.15625,-36.468,-0.25364,0.21070,-0.04294,,GT_ABSENT,
COCO_val2014_000000524656.jpg,524656,probe,tie,,0.1797,1,42,0.0729,0,0.000e+00,sam,-13.12679,-12.65572,-0.47107,0.35938,2.34278,3.59375,-0.36767,0.79688,-60.171,-0.25364,0.21070,-0.04294,,GT_ABSENT,
COCO_val2014_000000524656.jpg,524656,probe,book,,0.1798,1,3,0.0052,0,0.000e+00,sam,-11.46273,-11.52954,0.06681,0.20312,4.89200,2.59375,0.07174,0.18750,6.462,-0.25364,0.21070,-0.04294,,GT_ABSENT,
COCO_val2014_000000524656.jpg,524656,probe,snowboard,,0.1160,1,43,0.0747,0,0.000e+00,sam,-8.47403,-7.84560,-0.62843,-0.10938,0.38434,0.09375,-0.57829,-0.10938,-87.467,-0.25364,0.21070,-0.04294,,GT_ABSENT,
COCO_val2014_000000369547.jpg,369547,candidate,dog,dog,0.8143,1,40,0.0694,0,0.000e+00,sam,-0.47368,-6.51347,6.03979,7.65625,4.73168,7.43750,6.02984,7.68750,99.762,-0.76882,0.67032,-0.09850,VERIFIED,REAL,TN
COCO_val2014_000000369547.jpg,369547,candidate,bird,bird,0.4224,3,58,0.1007,0,0.000e+00,sam,-4.19243,-8.59731,4.40489,6.67188,3.03357,4.98437,4.37593,6.51563,98.778,-0.76882,0.67032,-0.09850,VERIFIED,REAL,TN
COCO_val2014_000000369547.jpg,369547,candidate,rocky,rocky,0.7148,1,558,0.9688,0,0.000e+00,sam,-2.05420,-3.81716,1.76295,4.25000,1.95123,4.14063,0.00000,0.00000,82.846,-0.76882,0.67032,-0.09850,VERIFIED,UNKNOWN,TN
COCO_val2014_000000369547.jpg,369547,probe,potted plant,,0.0452,1,40,0.0694,0,0.000e+00,sam,-3.81280,-3.47992,-0.33289,0.10938,0.72816,1.14063,-0.33066,0.12500,-39.499,-0.76882,0.67032,-0.09850,,GT_ABSENT,
COCO_val2014_000000369547.jpg,369547,probe,knife,,0.1457,1,40,0.0694,0,0.000e+00,sam,-7.56162,-5.95615,-1.60547,0.20313,-0.72584,1.32813,-1.51681,0.21875,-398.020,-0.76882,0.67032,-0.09850,,GT_ABSENT,
COCO_val2014_000000369547.jpg,369547,probe,sink,,0.0694,1,40,0.0694,0,0.000e+00,sam,-12.45415,-10.94706,-1.50708,-0.57812,-0.45972,0.92188,-1.50171,-0.46875,-351.355,-0.76882,0.67032,-0.09850,,GT_ABSENT,
COCO_val2014_000000369547.jpg,369547,probe,baseball glove,,0.1380,1,40,0.0694,0,0.000e+00,sam,-4.25709,-3.95891,-0.29817,0.21875,-0.32115,1.14063,-0.28226,0.26563,-34.740,-0.76882,0.67032,-0.09850,,GT_ABSENT,
COCO_val2014_000000369547.jpg,369547,probe,broccoli,,0.0820,1,40,0.0694,0,0.000e+00,sam,-5.06742,-4.52742,-0.54000,0.32813,0.31793,0.67188,-0.50787,0.31250,-71.601,-0.76882,0.67032,-0.09850,,GT_ABSENT,
COCO_val2014_000000369547.jpg,369547,probe,book,,0.1061,1,40,0.0694,0,0.000e+00,sam,-11.68852,-10.66972,-1.01880,0.21875,1.66137,1.71875,-1.00229,0.23437,-176.987,-0.76882,0.67032,-0.09850,,GT_ABSENT,
COCO_val2014_000000369547.jpg,369547,probe,toothbrush,,0.0768,1,40,0.0694,0,0.000e+00,sam,-4.63237,-4.29853,-0.33383,0.20313,1.01652,1.71875,-0.14714,0.23438,-39.631,-0.76882,0.67032,-0.09850,,GT_ABSENT,
COCO_val2014_000000369547.jpg,369547,probe,vase,,0.0577,1,40,0.0694,0,0.000e+00,sam,-7.70030,-7.81410,0.11381,0.15625,3.22312,1.14063,0.65996,0.18750,10.757,-0.76882,0.67032,-0.09850,,GT_ABSENT,
COCO_val2014_000000369547.jpg,369547,probe,bed,,0.1413,1,40,0.0694,0,0.000e+00,sam,-9.74711,-9.20878,-0.53833,0.01563,0.85668,1.56250,-0.50910,0.04688,-71.315,-0.76882,0.67032,-0.09850,,GT_ABSENT,
COCO_val2014_000000369547.jpg,369547,probe,snowboard,,0.1478,1,40,0.0694,0,0.000e+00,sam,-7.91364,-8.17512,0.26147,-0.01563,2.08701,1.29687,0.32561,-0.03125,23.008,-0.76882,0.67032,-0.09850,,GT_ABSENT,
COCO_val2014_000000369547.jpg,369547,probe,,,0.0784,1,40,0.0694,0,0.000e+00,sam,-11.16899,-10.22441,-0.94458,0.07812,1.17700,0.25000,-0.90944,0.15625,-157.174,-0.76882,0.67032,-0.09850,,GT_ABSENT,
COCO_val2014_000000369547.jpg,369547,probe,keyboard,,0.0891,1,40,0.0694,0,0.000e+00,sam,-15.31743,-12.91191,-2.40552,0.23437,0.88012,1.95312,-2.31214,0.25000,-1008.420,-0.76882,0.67032,-0.09850,,GT_ABSENT,
COCO_val2014_000000369547.jpg,369547,probe,microwave,,0.1068,1,40,0.0694,0,0.000e+00,sam,-4.76579,-4.02013,-0.74566,0.12500,-0.31522,1.20313,-0.75099,0.12500,-110.783,-0.76882,0.67032,-0.09850,,GT_ABSENT,
COCO_val2014_000000369547.jpg,369547,probe,bowl,,0.0959,1,40,0.0694,0,0.000e+00,sam,-6.27022,-5.53999,-0.73023,0.18750,0.96257,1.59375,-0.70795,0.23437,-107.555,-0.76882,0.67032,-0.09850,,GT_ABSENT,
COCO_val2014_000000369547.jpg,369547,probe,sports ball,,0.1025,1,40,0.0694,0,0.000e+00,sam,-5.14010,-5.50118,0.36108,0.60937,0.72552,2.56250,0.34961,0.62500,30.308,-0.76882,0.67032,-0.09850,,GT_ABSENT,
COCO_val2014_000000369547.jpg,369547,probe,wine glass,,0.0484,1,40,0.0694,0,0.000e+00,sam,-7.81584,-6.53704,-1.27880,0.21875,0.31460,1.31250,-1.24306,0.23438,-259.232,-0.76882,0.67032,-0.09850,,GT_ABSENT,
COCO_val2014_000000369547.jpg,369547,probe,apple,,0.1234,1,40,0.0694,0,0.000e+00,sam,-17.80668,-17.29090,-0.51578,0.34375,1.73861,1.43750,-0.46293,0.32813,-67.494,-0.76882,0.67032,-0.09850,,GT_ABSENT,
COCO_val2014_000000369547.jpg,369547,probe,hair drier,,0.1007,1,40,0.0694,0,0.000e+00,sam,-7.37204,-6.17338,-1.19866,0.06250,0.99782,1.28125,-1.09373,0.06250,-231.568,-0.76882,0.67032,-0.09850,,GT_ABSENT,
COCO_val2014_000000369547.jpg,369547,probe,suitcase,,0.1201,1,40,0.0694,0,0.000e+00,sam,-6.36489,-5.21395,-1.15094,0.14063,0.03556,1.25000,-1.12176,0.14062,-216.116,-0.76882,0.67032,-0.09850,,GT_ABSENT,
COCO_val2014_000000369547.jpg,369547,probe,remote,,0.1414,1,40,0.0694,0,0.000e+00,sam,-11.07524,-10.10722,-0.96802,-0.04688,-1.04566,1.75000,-0.61220,0.14063,-163.273,-0.76882,0.67032,-0.09850,,GT_ABSENT,
COCO_val2014_000000181446.jpg,181446,candidate,person,man,0.7025,1,302,0.5243,0,0.000e+00,sam,-3.17399,-8.89087,5.71688,8.01563,6.71338,8.25000,0.14571,-0.06250,99.671,-0.65578,0.65450,-0.00128,VERIFIED,REAL,TN
COCO_val2014_000000181446.jpg,181446,candidate,refrigerator,refrigerator,0.8760,1,134,0.2326,0,0.000e+00,sam,-0.18848,-2.14033,1.95185,4.26563,1.99807,2.20312,1.96045,4.14063,85.799,-0.65578,0.65450,-0.00128,VERIFIED,REAL,TN
COCO_val2014_000000181446.jpg,181446,candidate,bottle,bottle,0.4790,7,39,0.0677,0,0.000e+00,sam,-4.00443,-4.80979,0.80535,2.73437,0.27885,-1.48437,0.95287,3.03125,55.307,-0.65578,0.65450,-0.00128,VERIFIED,REAL,TN
COCO_val2014_000000181446.jpg,181446,candidate,glasses,glasses,0.4131,1,22,0.0382,0,0.000e+00,sam,-7.24219,-9.62327,2.38108,4.50000,4.71338,1.62500,2.42566,4.56250,90.755,-0.65578,0.65450,-0.00128,VERIFIED,UNKNOWN,TN
COCO_val2014_000000181446.jpg,181446,candidate,shelf,shelf,0.2969,1,134,0.2326,0,0.000e+00,sam,-4.07079,-4.14517,0.07438,-0.82813,1.69493,-1.75000,0.59069,-1.10937,7.168,-0.65578,0.65450,-0.00128,VERIFIED,UNKNOWN,TN
COCO_val2014_000000181446.jpg,181446,candidate,food,food,0.3399,3,69,0.1198,0,0.000e+00,sam,-8.92399,-9.47218,0.54820,1.78125,4.18921,0.39063,0.33424,1.15625,42.201,-0.65578,0.65450,-0.00128,VERIFIED,UNKNOWN,TN
COCO_val2014_000000181446.jpg,181446,candidate,open,open,0.6527,1,302,0.5243,0,0.000e+00,sam,-8.11149,-6.99244,-1.11905,0.29687,-8.27490,-2.20313,0.20821,0.12500,-206.195,-0.65578,0.65450,-0.00128,HALLUCINATED,UNKNOWN,TN
COCO_val2014_000000181446.jpg,181446,probe,,,0.0899,1,134,0.2326,0,0.000e+00,sam,-11.54899,-10.67660,-0.87239,0.26562,1.75910,0.00000,-0.64358,0.23437,-139.262,-0.65578,0.65450,-0.00128,,GT_ABSENT,
COCO_val2014_000000181446.jpg,181446,probe,bird,,0.1337,1,302,0.5243,0,0.000e+00,sam,-12.90055,-11.39087,-1.50968,-0.90625,-0.32568,-0.75000,0.34493,0.76562,-352.527,-0.65578,0.65450,-0.00128,,GT_ABSENT,
COCO_val2014_000000181446.jpg,181446,probe,snowboard,,0.0534,1,134,0.2326,0,0.000e+00,sam,-6.29776,-7.44540,1.14764,-0.70313,0.96653,-0.25000,1.47702,-0.73437,68.262,-0.65578,0.65450,-0.00128,,GT_ABSENT,
COCO_val2014_000000181446.jpg,181446,probe,kite,,0.1041,1,134,0.2326,0,0.000e+00,sam,-7.45339,-5.39357,-2.05983,-0.65625,-1.14922,0.15625,-1.90082,-0.57813,-684.463,-0.65578,0.65450,-0.00128,,GT_ABSENT,
COCO_val2014_000000181446.jpg,181446,probe,tennis racket,,0.0789,1,134,0.2326,0,0.000e+00,sam,-5.29434,-4.70247,-0.59186,-0.71875,0.40456,-0.17187,-0.49888,-0.73437,-80.736,-0.65578,0.65450,-0.00128,,GT_ABSENT,
COCO_val2014_000000181446.jpg,181446,probe,parking meter,,0.0468,1,134,0.2326,0,0.000e+00,sam,-5.30881,-4.42372,-0.88509,-0.17188,-0.30568,0.48437,-0.67781,-0.23438,-142.321,-0.65578,0.65450,-0.00128,,GT_ABSENT,
COCO_val2014_000000181446.jpg,181446,probe,surfboard,,0.0370,1,134,0.2326,0,0.000e+00,sam,-6.16238,-5.39029,-0.77209,-0.56250,0.71316,-0.12500,-0.17424,-0.46875,-116.428,-0.65578,0.65450,-0.00128,,GT_ABSENT,
COCO_val2014_000000181446.jpg,181446,probe,stop sign,,0.0532,1,134,0.2326,0,0.000e+00,sam,-6.44551,-6.00120,-0.44430,0.07813,0.62133,0.68750,-0.23437,0.09375,-55.941,-0.65578,0.65450,-0.00128,,GT_ABSENT,
COCO_val2014_000000181446.jpg,181446,probe,baseball bat,,0.0519,1,134,0.2326,0,0.000e+00,sam,-7.48156,-5.94642,-1.53514,-0.90625,-0.63062,-0.60938,-1.39146,-1.04687,-364.198,-0.65578,0.65450,-0.00128,,GT_ABSENT,
COCO_val2014_000000181446.jpg,181446,probe,sports ball,,0.0742,1,134,0.2326,0,0.000e+00,sam,-7.01961,-6.19968,-0.81993,-0.03125,-0.35567,0.53125,-0.68670,-0.04688,-127.034,-0.65578,0.65450,-0.00128,,GT_ABSENT,
COCO_val2014_000000181446.jpg,181446,probe,traffic light,,0.0497,1,134,0.2326,0,0.000e+00,sam,-8.08613,-7.78924,-0.29689,-0.17188,0.49591,0.43750,0.04508,-0.17187,-34.566,-0.65578,0.65450,-0.00128,,GT_ABSENT,
COCO_val2014_000000181446.jpg,181446,probe,umbrella,,0.1050,1,134,0.2326,0,0.000e+00,sam,-5.79133,-5.21569,-0.57564,-0.70313,-0.36241,-0.70313,-0.52571,-0.70312,-77.828,-0.65578,0.65450,-0.00128,,GT_ABSENT,
COCO_val2014_000000181446.jpg,181446,probe,motorcycle,,0.0789,1,134,0.2326,0,0.000e+00,sam,-7.28373,-6.89705,-0.38668,-0.28125,0.25503,0.00000,-0.17506,-0.23437,-47.208,-0.65578,0.65450,-0.00128,,GT_ABSENT,
COCO_val2014_000000181446.jpg,181446,probe,backpack,,0.1206,1,302,0.5243,0,0.000e+00,sam,-6.40244,-6.35004,-0.05240,-0.34375,0.72244,-0.67187,0.37836,0.10938,-5.380,-0.65578,0.65450,-0.00128,,GT_ABSENT,
COCO_val2014_000000181446.jpg,181446,probe,sheep,,0.1469,1,134,0.2326,0,0.000e+00,sam,-16.31071,-15.95199,-0.35872,-0.15625,0.50520,1.01562,-0.14461,-0.06250,-43.149,-0.65578,0.65450,-0.00128,,GT_ABSENT,
COCO_val2014_000000181446.jpg,181446,probe,hair drier,,0.0430,1,9,0.0156,0,0.000e+00,sam,-6.95290,-6.94102,-0.01188,0.35938,2.35704,2.54688,0.04311,0.39062,-1.196,-0.65578,0.65450,-0.00128,,GT_ABSENT,
COCO_val2014_000000181446.jpg,181446,probe,baseball glove,,0.0410,1,134,0.2326,0,0.000e+00,sam,-5.57113,-4.66745,-0.90368,-0.15625,0.33997,0.10937,-0.63024,0.01562,-146.866,-0.65578,0.65450,-0.00128,,GT_ABSENT,
COCO_val2014_000000181446.jpg,181446,probe,skateboard,,0.1031,1,134,0.2326,0,0.000e+00,sam,-4.54728,-3.93023,-0.61705,-0.59375,-0.63662,-0.40625,-0.49230,-0.39063,-85.346,-0.65578,0.65450,-0.00128,,GT_ABSENT,
COCO_val2014_000000181446.jpg,181446,probe,skis,,0.0818,1,134,0.2326,0,0.000e+00,sam,-11.30532,-10.35708,-0.94824,-0.57812,1.56769,0.06250,-0.61150,-0.65625,-158.117,-0.65578,0.65450,-0.00128,,GT_ABSENT,
COCO_val2014_000000181446.jpg,181446,probe,frisbee,,0.0491,1,134,0.2326,0,0.000e+00,sam,-3.35214,-2.73038,-0.62176,-0.28125,-0.74681,0.39062,-0.68695,-0.14063,-86.219,-0.65578,0.65450,-0.00128,,GT_ABSENT,
COCO_val2014_000000128119.jpg,128119,candidate,bicycle,bicycle,0.4163,1,64,0.1111,0,0.000e+00,sam,-0.60088,-0.52751,-0.07338,0.67188,-0.83510,-1.60937,-0.27330,0.78125,-7.614,-0.85020,0.85101,0.00082,HALLUCINATED,REAL,FP
COCO_val2014_000000128119.jpg,128119,candidate,person,person,0.5930,3,15,0.0260,0,0.000e+00,sam,-6.57476,-6.41774,-0.15702,0.67187,1.06024,-0.04687,-0.36723,0.59375,-17.002,-0.85020,0.85101,0.00082,HALLUCINATED,REAL,FP
COCO_val2014_000000128119.jpg,128119,candidate,backpack,backpack,0.3466,1,366,0.6354,0,0.000e+00,sam,-3.53466,-5.80924,2.27458,6.14063,2.26820,5.54688,2.05133,4.53125,89.716,-0.85020,0.85101,0.00082,VERIFIED,REAL,TN
COCO_val2014_000000128119.jpg,128119,candidate,bus,bus,0.9035,1,338,0.5868,0,0.000e+00,sam,-0.89507,-6.80286,5.90779,5.34375,6.08532,4.29688,5.82731,4.67188,99.728,-0.85020,0.85101,0.00082,VERIFIED,UNKNOWN,TN
COCO_val2014_000000128119.jpg,128119,probe,frisbee,,0.1701,1,340,0.5903,0,0.000e+00,sam,-3.71560,-2.79704,-0.91856,-0.09375,-1.22484,-0.03125,-1.25774,-0.15625,-150.567,-0.85020,0.85101,0.00082,,GT_ABSENT,
COCO_val2014_000000128119.jpg,128119,probe,bowl,,0.2213,1,341,0.5920,0,0.000e+00,sam,-7.21465,-5.76789,-1.44676,1.26563,-1.56347,-2.01563,-1.44736,-2.46875,-324.931,-0.85020,0.85101,0.00082,,GT_ABSENT,
COCO_val2014_000000128119.jpg,128119,probe,,,0.0813,1,342,0.5938,0,0.000e+00,sam,-9.49663,-10.79270,1.29606,0.81250,2.06753,-0.04687,1.35101,0.45313,72.639,-0.85020,0.85101,0.00082,,GT_ABSENT,
COCO_val2014_000000128119.jpg,128119,probe,toaster,,0.2610,1,341,0.5920,0,0.000e+00,sam,-7.37865,-6.24369,-1.13495,2.54688,-1.35626,-1.82812,-1.73932,-2.03125,-211.102,-0.85020,0.85101,0.00082,,GT_ABSENT,
COCO_val2014_000000128119.jpg,128119,probe,potted plant,,0.1787,1,0,0.0000,1,0.000e+00,sam,-4.07542,-4.07542,0.00000,0.00000,,,,,0.000,-0.85020,0.85101,0.00082,,GT_ABSENT,
COCO_val2014_000000128119.jpg,128119,probe,toothbrush,,0.1818,1,339,0.5885,0,0.000e+00,sam,-3.64836,-2.79907,-0.84930,0.31250,-1.03889,-1.73437,-1.18421,-1.95312,-133.800,-0.85020,0.85101,0.00082,,GT_ABSENT,
COCO_val2014_000000128119.jpg,128119,probe,bottle,,0.2359,1,4,0.0069,0,0.000e+00,sam,-7.07122,-7.08284,0.01162,-0.03125,3.04599,1.60937,-0.03636,-0.25000,1.155,-0.85020,0.85101,0.00082,,GT_ABSENT,
COCO_val2014_000000128119.jpg,128119,probe,dining table,,0.2577,1,340,0.5903,0,0.000e+00,sam,-4.36179,-3.56135,-0.80044,0.46875,-1.12175,-0.34375,-0.86718,-0.92187,-122.653,-0.85020,0.85101,0.00082,,GT_ABSENT,
COCO_val2014_000000128119.jpg,128119,probe,hot dog,,0.1839,1,341,0.5920,0,0.000e+00,sam,-7.64080,-6.05794,-1.58287,1.31250,-1.95035,-0.53125,-1.18288,-0.46875,-386.889,-0.85020,0.85101,0.00082,,GT_ABSENT,
COCO_val2014_000000128119.jpg,128119,probe,stop sign,,0.2846,2,341,0.5920,0,0.000e+00,sam,-4.64089,-4.19124,-0.44965,-0.04688,-0.34429,0.57812,0.38885,-0.10938,-56.777,-0.85020,0.85101,0.00082,,GT_ABSENT,
COCO_val2014_000000128119.jpg,128119,probe,sink,,0.2795,1,339,0.5885,0,0.000e+00,sam,-15.25835,-12.58533,-2.67302,0.64062,-2.02580,-1.06250,-0.66631,-2.23438,-1348.358,-0.85020,0.85101,0.00082,,GT_ABSENT,
COCO_val2014_000000128119.jpg,128119,probe,dog,,0.2940,1,340,0.5903,0,0.000e+00,sam,-10.60601,-9.07904,-1.52696,0.28125,-1.11112,0.82813,-2.25929,0.81250,-360.417,-0.85020,0.85101,0.00082,,GT_ABSENT,
COCO_val2014_000000128119.jpg,128119,probe,tennis racket,,0.2697,1,339,0.5885,0,0.000e+00,sam,-3.97863,-3.56713,-0.41150,0.82813,-0.33404,0.39063,-0.88282,0.06250,-50.908,-0.85020,0.85101,0.00082,,GT_ABSENT,
COCO_val2014_000000128119.jpg,128119,probe,hair drier,,0.1121,1,340,0.5903,0,0.000e+00,sam,-5.83203,-5.48462,-0.34740,0.51562,-0.15917,-1.76562,-0.34688,-1.59375,-41.539,-0.85020,0.85101,0.00082,,GT_ABSENT,
COCO_val2014_000000128119.jpg,128119,probe,wine glass,,0.1343,1,339,0.5885,0,0.000e+00,sam,-7.46071,-6.40973,-1.05098,-0.96875,-1.13040,-1.82813,-0.68912,-1.68750,-186.045,-0.85020,0.85101,0.00082,,GT_ABSENT,
COCO_val2014_000000128119.jpg,128119,probe,cup,,0.2213,1,341,0.5920,0,0.000e+00,sam,-13.08257,-10.82100,-2.26156,1.50000,-2.47159,-1.51563,-1.71222,-1.76562,-859.809,-0.85020,0.85101,0.00082,,GT_ABSENT,
COCO_val2014_000000128119.jpg,128119,probe,sports ball,,0.0942,1,341,0.5920,0,0.000e+00,sam,-7.15538,-6.72876,-0.42662,0.46875,-0.07757,0.07812,0.21089,-0.39063,-53.207,-0.85020,0.85101,0.00082,,GT_ABSENT,
COCO_val2014_000000128119.jpg,128119,probe,parking meter,,0.1949,1,342,0.5938,0,0.000e+00,sam,-3.40607,-2.33307,-1.07300,-0.64062,-1.24540,-0.81250,-0.68966,-0.56250,-192.413,-0.85020,0.85101,0.00082,,GT_ABSENT,
COCO_val2014_000000128119.jpg,128119,probe,teddy bear,,0.1738,1,341,0.5920,0,0.000e+00,sam,-4.22738,-3.57164,-0.65574,0.07813,-0.43521,0.21875,-0.51477,0.07813,-92.657,-0.85020,0.85101,0.00082,,GT_ABSENT,
COCO_val2014_000000128119.jpg,128119,probe,fire hydrant,,0.2107,1,346,0.6007,0,0.000e+00,sam,-3.45768,-2.75537,-0.70231,-0.23437,-0.77852,-0.15625,-0.81674,-0.34375,-101.840,-0.85020,0.85101,0.00082,,GT_ABSENT,
COCO_val2014_000000401027.jpg,401027,candidate,sandwich,sandwich,0.4050,2,153,0.2656,0,0.000e+00,sam,-0.75386,-0.95653,0.20266,0.93750,-0.04986,-1.35938,0.35970,1.12500,18.345,-0.06732,0.28906,0.22174,HALLUCINATED,REAL,FP
COCO_val2014_000000401027.jpg,401027,candidate,bowl,bowl,0.4029,1,31,0.0538,0,0.000e+00,sam,-3.19908,-3.51103,0.31195,1.50000,1.32468,1.37500,0.26151,1.39062,26.798,-0.06732,0.28906,0.22174,VERIFIED,HALLUCINATED,FN
COCO_val2014_000000401027.jpg,401027,candidate,dining table,table,0.7719,1,162,0.2812,0,0.000e+00,sam,-1.51696,-1.61935,0.10239,0.20312,0.50632,0.17187,-0.03704,-0.46875,9.733,-0.06732,0.28906,0.22174,HALLUCINATED,REAL,FP
COCO_val2014_000000401027.jpg,401027,candidate,fork,fork,0.4532,1,4,0.0069,0,0.000e+00,sam,-7.63237,-7.78265,0.15028,3.23437,0.17207,2.03125,0.13866,3.23437,13.953,-0.06732,0.28906,0.22174,HALLUCINATED,REAL,FP
COCO_val2014_000000401027.jpg,401027,candidate,knife,knife,0.4098,1,0,0.0000,1,0.000e+00,sam,-4.17033,-4.17033,0.00000,0.00000,,,,,0.000,-0.06732,0.28906,0.22174,HALLUCINATED,REAL,FP
COCO_val2014_000000401027.jpg,401027,candidate,lettuce,lettuce,0.3496,1,159,0.2760,0,0.000e+00,sam,-4.49983,-4.90098,0.40115,1.78125,0.46705,0.96875,0.28419,1.68750,33.045,-0.06732,0.28906,0.22174,VERIFIED,UNKNOWN,TN
COCO_val2014_000000401027.jpg,401027,candidate,plate,plate,0.6478,1,181,0.3142,0,0.000e+00,sam,-0.71049,-1.34871,0.63822,1.12500,0.64849,2.03125,0.50665,1.98438,47.177,-0.06732,0.28906,0.22174,VERIFIED,UNKNOWN,TN
COCO_val2014_000000401027.jpg,401027,candidate,sauce,sauce,0.3082,2,181,0.3142,0,0.000e+00,sam,-5.12941,-5.47388,0.34446,3.45312,1.22586,3.82812,0.37597,3.48437,29.140,-0.06732,0.28906,0.22174,VERIFIED,UNKNOWN,TN
COCO_val2014_000000401027.jpg,401027,candidate,water,water,0.6539,1,40,0.0694,0,0.000e+00,sam,-10.88237,-11.11886,0.23650,0.09375,2.89732,-1.37500,0.37920,0.25000,21.061,-0.06732,0.28906,0.22174,VERIFIED,UNKNOWN,TN
COCO_val2014_000000401027.jpg,401027,candidate,half,half,0.6096,1,96,0.1667,0,0.000e+00,sam,-5.31987,-6.51860,1.19874,-0.18750,0.24279,1.20312,0.16589,-0.15625,69.843,-0.06732,0.28906,0.22174,VERIFIED,UNKNOWN,TN
COCO_val2014_000000401027.jpg,401027,probe,traffic light,,0.0407,1,32,0.0556,0,0.000e+00,sam,-8.04244,-8.03910,-0.00334,-0.09375,3.27926,4.51563,-0.00535,-0.09375,-0.335,-0.06732,0.28906,0.22174,,GT_ABSENT,
COCO_val2014_000000401027.jpg,401027,probe,toilet,,0.1449,1,148,0.2569,0,0.000e+00,sam,-6.22221,-5.85127,-0.37094,0.06250,0.68447,0.79687,-0.29403,-0.09375,-44.910,-0.06732,0.28906,0.22174,,GT_ABSENT,
COCO_val2014_000000401027.jpg,401027,probe,bicycle,,0.1098,1,149,0.2587,0,0.000e+00,sam,-3.89231,-4.00227,0.10996,-0.15625,-0.47954,-0.15625,0.00000,0.00000,10.413,-0.06732,0.28906,0.22174,,GT_ABSENT,
COCO_val2014_000000401027.jpg,401027,probe,surfboard,,0.0390,1,154,0.2674,0,0.000e+00,sam,-5.13177,-5.00399,-0.12778,-0.04688,0.67410,1.17187,-0.13992,0.03125,-13.631,-0.06732,0.28906,0.22174,,GT_ABSENT,
COCO_val2014_000000401027.jpg,401027,probe,bed,,0.1444,1,147,0.2552,0,0.000e+00,sam,-9.05424,-8.73390,-0.32034,-0.06250,-0.81759,1.90625,-0.23415,0.03125,-37.759,-0.06732,0.28906,0.22174,,GT_ABSENT,
COCO_val2014_000000401027.jpg,401027,probe,teddy bear,,0.0860,1,96,0.1667,0,0.000e+00,sam,-4.64986,-4.84862,0.19876,-0.04688,0.94208,2.73437,0.45747,0.07812,18.025,-0.06732,0.28906,0.22174,,GT_ABSENT,
COCO_val2014_000000401027.jpg,401027,probe,suitcase,,0.0652,1,96,0.1667,0,0.000e+00,sam,-6.41175,-6.57169,0.15994,-0.07813,-0.09441,3.01562,0.30436,-0.03125,14.780,-0.06732,0.28906,0.22174,,GT_ABSENT,
COCO_val2014_000000401027.jpg,401027,probe,toothbrush,,0.0506,1,152,0.2639,0,0.000e+00,sam,-5.10238,-4.45148,-0.65090,0.03125,0.11403,0.53125,-0.67524,-0.92188,-91.727,-0.06732,0.28906,0.22174,,GT_ABSENT,
COCO_val2014_000000401027.jpg,401027,probe,sink,,0.1155,1,148,0.2569,0,0.000e+00,sam,-12.70268,-12.09865,-0.60403,-0.70313,2.15876,-0.95312,-0.24941,-0.51563,-82.947,-0.06732,0.28906,0.22174,,GT_ABSENT,
COCO_val2014_000000401027.jpg,401027,probe,fire hydrant,,0.0445,1,156,0.2708,0,0.000e+00,sam,-5.93894,-6.04203,0.10310,0.09375,1.47895,1.20312,-0.09574,-0.10938,9.796,-0.06732,0.28906,0.22174,,GT_ABSENT,
COCO_val2014_000000401027.jpg,401027,probe,boat,,0.1008,1,221,0.3837,0,0.000e+00,sam,-11.60893,-11.66454,0.05561,0.17187,0.31514,1.23438,-0.18142,0.09375,5.409,-0.06732,0.28906,0.22174,,GT_ABSENT,
COCO_val2014_000000401027.jpg,401027,probe,clock,,0.1234,1,149,0.2587,0,0.000e+00,sam,-10.57768,-10.42746,-0.15021,0.01562,0.18082,0.21875,0.00000,0.00000,-16.208,-0.06732,0.28906,0.22174,,GT_ABSENT,
COCO_val2014_000000401027.jpg,401027,probe,keyboard,,0.1246,1,156,0.2708,0,0.000e+00,sam,-14.20268,-13.99105,-0.21163,-0.06250,1.18541,2.57813,0.12064,-0.01562,-23.569,-0.06732,0.28906,0.22174,,GT_ABSENT,
COCO_val2014_000000401027.jpg,401027,probe,skateboard,,0.0467,1,150,0.2604,0,0.000e+00,sam,-6.01896,-5.67260,-0.34636,0.01563,-0.23997,0.82813,-0.39783,0.03125,-41.391,-0.06732,0.28906,0.22174,,GT_ABSENT,
COCO_val2014_000000401027.jpg,401027,probe,remote,,0.1158,1,153,0.2656,0,0.000e+00,sam,-15.39408,-15.40716,0.01307,-0.06250,1.99142,1.32813,0.77751,-0.03125,1.299,-0.06732,0.28906,0.22174,,GT_ABSENT,
COCO_val2014_000000401027.jpg,401027,probe,stop sign,,0.0288,1,18,0.0312,0,0.000e+00,sam,-6.59627,-6.57849,-0.01777,0.01563,2.77928,3.73438,0.11672,0.01562,-1.793,-0.06732,0.28906,0.22174,,GT_ABSENT,
COCO_val2014_000000401027.jpg,401027,probe,scissors,,0.0888,1,4,0.0069,0,0.000e+00,sam,-7.03755,-7.00753,-0.03002,0.50000,2.72479,2.96875,-0.05615,0.48438,-3.047,-0.06732,0.28906,0.22174,,GT_ABSENT,
COCO_val2014_000000401027.jpg,401027,probe,kite,,0.0948,1,149,0.2587,0,0.000e+00,sam,-7.49667,-7.61246,0.11579,0.06250,0.49220,2.14062,0.62754,0.15625,10.934,-0.06732,0.28906,0.22174,,GT_ABSENT,
COCO_val2014_000000401027.jpg,401027,probe,bench,,0.0837,1,96,0.1667,0,0.000e+00,sam,-5.64632,-5.82057,0.17425,-0.26563,0.25096,3.42188,0.36565,-0.28125,15.992,-0.06732,0.28906,0.22174,,GT_ABSENT,
COCO_val2014_000000401027.jpg,401027,probe,baseball bat,,0.0430,1,96,0.1667,0,0.000e+00,sam,-8.26411,-8.82063,0.55652,-0.07813,0.66919,3.59375,0.96823,0.01562,42.680,-0.06732,0.28906,0.22174,,GT_ABSENT,
COCO_val2014_000000253630.jpg,253630,candidate,dining table,table,0.6872,1,172,0.2986,0,0.000e+00,sam,-1.40705,-2.69614,1.28909,1.35937,1.27639,1.85937,1.39074,2.48437,72.448,-0.41078,0.59684,0.18606,VERIFIED,REAL,TN
COCO_val2014_000000253630.jpg,253630,candidate,potted plant,potted plant,0.7181,1,26,0.0451,0,0.000e+00,sam,-2.18248,-3.20226,1.01978,7.76563,1.39547,2.98438,1.00427,7.84375,63.933,-0.41078,0.59684,0.18606,VERIFIED,REAL,TN
COCO_val2014_000000253630.jpg,253630,candidate,tv,television,0.6643,1,9,0.0156,0,0.000e+00,sam,-9.01551,-9.87637,0.86086,1.04687,-2.00661,-0.79687,0.98681,1.00000,57.720,-0.41078,0.59684,0.18606,VERIFIED,REAL,TN
COCO_val2014_000000253630.jpg,253630,candidate,laptop,laptop,0.2209,1,9,0.0156,0,0.000e+00,sam,-9.25770,-9.57950,0.32180,1.35937,2.68089,2.78125,0.34448,1.26562,27.516,-0.41078,0.59684,0.18606,VERIFIED,HALLUCINATED,FN
COCO_val2014_000000253630.jpg,253630,candidate,keyboard,keyboard,0.2273,1,172,0.2986,0,0.000e+00,sam,-12.08973,-9.83332,-2.25641,0.18750,-3.49372,-1.57813,-2.85827,-0.31250,-854.871,-0.41078,0.59684,0.18606,HALLUCINATED,HALLUCINATED,TP
COCO_val2014_000000253630.jpg,253630,candidate,mouse,mouse,0.2378,1,172,0.2986,0,0.000e+00,sam,-11.87488,-10.13410,-1.74078,0.29688,-2.05231,-2.09375,-1.88171,-0.98438,-470.179,-0.41078,0.59684,0.18606,HALLUCINATED,HALLUCINATED,TP
COCO_val2014_000000253630.jpg,253630,candidate,chair,chair,0.5054,2,64,0.1111,0,0.000e+00,sam,-6.05457,-7.69168,1.63711,3.62500,4.29013,2.93750,1.71913,3.79688,80.546,-0.41078,0.59684,0.18606,VERIFIED,REAL,TN
COCO_val2014_000000253630.jpg,253630,candidate,living room,living room,0.7652,1,152,0.2639,0,0.000e+00,sam,-1.27117,-1.85627,0.58510,1.60937,0.66292,0.40625,0.00000,0.00000,44.295,-0.41078,0.59684,0.18606,VERIFIED,UNKNOWN,TN
COCO_val2014_000000253630.jpg,253630,candidate,coffee,coffee,0.4497,1,172,0.2986,0,0.000e+00,sam,-1.67176,-4.60676,2.93500,-0.03125,1.78362,-0.81250,2.70813,-0.35938,94.687,-0.41078,0.59684,0.18606,VERIFIED,UNKNOWN,TN
COCO_val2014_000000253630.jpg,253630,candidate,brown,brown,0.5546,1,58,0.1007,0,0.000e+00,sam,-2.68738,-2.58906,-0.09832,-0.32813,-3.00491,-3.54688,-0.04796,-0.51563,-10.332,-0.41078,0.59684,0.18606,HALLUCINATED,UNKNOWN,TN
COCO_val2014_000000253630.jpg,253630,candidate,plant,plant,0.6930,1,22,0.0382,0,0.000e+00,sam,-9.10145,-11.89176,2.79032,4.21875,3.26150,0.10938,3.17825,4.29688,93.860,-0.41078,0.59684,0.18606,VERIFIED,UNKNOWN,TN
COCO_val2014_000000253630.jpg,253630,probe,hot dog,,0.0750,1,58,0.1007,0,0.000e+00,sam,-8.18857,-8.99233,0.80376,0.10938,2.43273,0.09375,1.07393,0.14063,55.236,-0.41078,0.59684,0.18606,,GT_ABSENT,
COCO_val2014_000000253630.jpg,253630,probe,frisbee,,0.0911,1,172,0.2986,0,0.000e+00,sam,-3.82834,-3.08568,-0.74266,-0.28125,0.08473,-0.26563,-0.54546,-0.76563,-110.152,-0.41078,0.59684,0.18606,,GT_ABSENT,
COCO_val2014_000000253630.jpg,253630,probe,bowl,,0.1368,1,172,0.2986,0,0.000e+00,sam,-5.98816,-5.18419,-0.80397,-1.60937,0.06770,-1.46875,-1.01970,-2.64062,-123.439,-0.41078,0.59684,0.18606,,GT_ABSENT,
COCO_val2014_000000253630.jpg,253630,probe,cup,,0.1419,1,0,0.0000,1,0.000e+00,sam,-10.28504,-10.28504,0.00000,0.00000,,,,,0.000,-0.41078,0.59684,0.18606,,GT_ABSENT,
COCO_val2014_000000253630.jpg,253630,probe,,,0.0561,1,172,0.2986,0,0.000e+00,sam,-10.41004,-9.80207,-0.60797,-0.03125,-0.00935,-0.12500,-0.82702,0.01562,-83.670,-0.41078,0.59684,0.18606,,GT_ABSENT,
COCO_val2014_000000253630.jpg,253630,probe,motorcycle,,0.0708,1,58,0.1007,0,0.000e+00,sam,-6.16047,-6.16485,0.00438,0.14063,-0.43111,-0.84375,0.11361,0.21875,0.437,-0.41078,0.59684,0.18606,,GT_ABSENT,
COCO_val2014_000000253630.jpg,253630,probe,tie,,0.1148,1,172,0.2986,0,0.000e+00,sam,-12.35926,-11.64973,-0.70953,-0.03125,0.17034,0.23438,-0.44812,0.09375,-103.304,-0.41078,0.59684,0.18606,,GT_ABSENT,
COCO_val2014_000000253630.jpg,253630,probe,parking meter,,0.0465,1,4,0.0069,0,0.000e+00,sam,-6.43996,-6.41034,-0.02962,-0.07813,2.71018,3.29687,-0.02095,-0.09375,-3.006,-0.41078,0.59684,0.18606,,GT_ABSENT,
COCO_val2014_000000253630.jpg,253630,probe,surfboard,,0.0758,1,172,0.2986,0,0.000e+00,sam,-3.90477,-3.74915,-0.15561,-0.00000,-0.16203,0.37500,-0.13470,-0.26563,-16.838,-0.41078,0.59684,0.18606,,GT_ABSENT,
COCO_val2014_000000253630.jpg,253630,probe,tennis racket,,0.0692,1,172,0.2986,0,0.000e+00,sam,-5.43000,-4.50194,-0.92806,-0.01562,-0.25735,0.23437,-0.71623,-0.20312,-152.960,-0.41078,0.59684,0.18606,,GT_ABSENT,
COCO_val2014_000000253630.jpg,253630,probe,backpack,,0.1215,1,172,0.2986,0,0.000e+00,sam,-6.42811,-4.94013,-1.48798,0.48438,-1.76008,-0.03125,-1.15337,-0.06250,-342.815,-0.41078,0.59684,0.18606,,GT_ABSENT,
COCO_val2014_000000253630.jpg,253630,probe,spoon,,0.1235,1,172,0.2986,0,0.000e+00,sam,-8.25002,-8.03064,-0.21938,-0.03125,0.20813,0.21875,-0.31012,-0.12500,-24.531,-0.41078,0.59684,0.18606,,GT_ABSENT,
COCO_val2014_000000253630.jpg,253630,probe,kite,,0.1166,1,172,0.2986,0,0.000e+00,sam,-7.82172,-6.98210,-0.83961,-0.04688,0.94801,0.57812,-0.88200,-0.26562,-131.547,-0.41078,0.59684,0.18606,,GT_ABSENT,
COCO_val2014_000000253630.jpg,253630,probe,toothbrush,,0.0494,1,172,0.2986,0,0.000e+00,sam,-4.28896,-3.42927,-0.85970,-0.09375,-0.77596,0.21875,-0.79743,-0.89062,-136.245,-0.41078,0.59684,0.18606,,GT_ABSENT,
COCO_val2014_000000253630.jpg,253630,probe,knife,,0.1197,1,172,0.2986,0,0.000e+00,sam,-8.33675,-7.78713,-0.54962,0.18750,-0.05822,0.48438,-0.41598,0.26562,-73.259,-0.41078,0.59684,0.18606,,GT_ABSENT,
COCO_val2014_000000253630.jpg,253630,probe,sports ball,,0.1058,1,0,0.0000,1,0.000e+00,sam,-6.54929,-6.54929,0.00000,0.00000,,,,,0.000,-0.41078,0.59684,0.18606,,GT_ABSENT,
COCO_val2014_000000253630.jpg,253630,probe,bird,,0.1221,1,26,0.0451,0,0.000e+00,sam,-10.75770,-11.10910,0.35141,0.03125,4.76793,4.39062,0.35802,0.06250,29.630,-0.41078,0.59684,0.18606,,GT_ABSENT,
COCO_val2014_000000253630.jpg,253630,probe,snowboard,,0.0471,1,58,0.1007,0,0.000e+00,sam,-9.32177,-9.20421,-0.11756,-0.10938,2.13735,-0.25000,0.05589,-0.10938,-12.475,-0.41078,0.59684,0.18606,,GT_ABSENT,
COCO_val2014_000000253630.jpg,253630,probe,baseball bat,,0.0995,1,172,0.2986,0,0.000e+00,sam,-9.11413,-7.58108,-1.53305,0.14063,-0.06470,0.65625,-1.24334,-0.00000,-363.227,-0.41078,0.59684,0.18606,,GT_ABSENT,
COCO_val2014_000000253630.jpg,253630,probe,baseball glove,,0.0643,1,58,0.1007,0,0.000e+00,sam,-5.18557,-5.39472,0.20916,-0.18750,0.68843,-0.68750,0.25610,-0.03125,18.873,-0.41078,0.59684,0.18606,,GT_ABSENT,
COCO_val2014_000000326021.jpg,326021,candidate,person,woman,0.5840,1,108,0.1875,0,0.000e+00,sam,-3.95279,-8.31960,4.36682,6.78125,5.83340,5.81250,4.49310,6.70312,98.731,-0.22682,0.39150,0.16468,VERIFIED,REAL,TN
COCO_val2014_000000326021.jpg,326021,candidate,dining table,table,0.4552,1,130,0.2257,0,0.000e+00,sam,-1.69512,-2.81092,1.11579,1.10937,2.10762,0.57812,1.04245,0.60937,67.234,-0.22682,0.39150,0.16468,VERIFIED,REAL,TN
COCO_val2014_000000326021.jpg,326021,candidate,teddy bear,teddy bear,0.8597,3,101,0.1753,0,0.000e+00,sam,-0.76298,-2.94049,2.17751,4.31250,2.30207,3.15625,2.19027,4.21875,88.668,-0.22682,0.39150,0.16468,VERIFIED,REAL,TN
COCO_val2014_000000326021.jpg,326021,candidate,tablecloth,tablecloth,0.6611,1,131,0.2274,0,0.000e+00,sam,-2.20414,-4.35059,2.14645,2.07812,2.93740,1.64062,2.12688,1.65625,88.310,-0.22682,0.39150,0.16468,VERIFIED,UNKNOWN,TN
COCO_val2014_000000326021.jpg,326021,candidate,teddy,teddy,0.7941,1,77,0.1337,0,0.000e+00,sam,-1.14437,-3.08563,1.94125,0.39063,1.74914,-1.40625,2.03521,0.43750,85.648,-0.22682,0.39150,0.16468,VERIFIED,UNKNOWN,TN
COCO_val2014_000000326021.jpg,326021,candidate,bear,bear,0.6093,1,77,0.1337,0,0.000e+00,sam,-5.50747,-7.38206,1.87459,0.62500,1.68570,-0.34375,1.50573,0.71875,84.658,-0.22682,0.39150,0.16468,VERIFIED,UNKNOWN,TN
COCO_val2014_000000326021.jpg,326021,candidate,sign,sign,0.4707,2,203,0.3524,0,0.000e+00,sam,-5.12466,-11.35601,6.23135,3.67187,8.85898,3.70312,8.72516,3.65625,99.803,-0.22682,0.39150,0.16468,VERIFIED,UNKNOWN,TN
COCO_val2014_000000326021.jpg,326021,candidate,red,red,0.5502,1,130,0.2257,0,0.000e+00,sam,-2.84341,-6.18388,3.34047,2.04688,5.02916,2.14063,4.08860,1.93750,96.458,-0.22682,0.39150,0.16468,VERIFIED,UNKNOWN,TN
COCO_val2014_000000326021.jpg,326021,probe,hair drier,,0.1024,1,77,0.1337,0,0.000e+00,sam,-6.04770,-5.19854,-0.84916,-0.07813,-1.08294,2.06250,-0.82262,-0.25000,-133.769,-0.22682,0.39150,0.16468,,GT_ABSENT,
COCO_val2014_000000326021.jpg,326021,probe,stop sign,,0.1067,1,77,0.1337,0,0.000e+00,sam,-5.22440,-5.03882,-0.18558,0.04687,-0.33770,2.03125,0.01620,-0.15625,-20.392,-0.22682,0.39150,0.16468,,GT_ABSENT,
COCO_val2014_000000326021.jpg,326021,probe,cup,,0.1596,1,77,0.1337,0,0.000e+00,sam,-10.47622,-10.61253,0.13630,-0.06250,-1.18540,2.20312,0.23867,-0.06250,12.742,-0.22682,0.39150,0.16468,,GT_ABSENT,
COCO_val2014_000000326021.jpg,326021,probe,microwave,,0.1500,1,77,0.1337,0,0.000e+00,sam,-3.95592,-4.01898,0.06306,-0.12500,-0.23963,1.87500,0.04857,0.18750,6.111,-0.22682,0.39150,0.16468,,GT_ABSENT,
COCO_val2014_000000326021.jpg,326021,probe,wine glass,,0.1232,1,77,0.1337,0,0.000e+00,sam,-5.48682,-5.30647,-0.18035,-0.26563,-0.93972,1.57813,-0.17000,-0.23437,-19.764,-0.22682,0.39150,0.16468,,GT_ABSENT,
COCO_val2014_000000326021.jpg,326021,probe,cell phone,,0.1634,1,3,0.0052,0,0.000e+00,sam,-5.32937,-5.29716,-0.03221,0.17188,2.04185,2.54687,0.01099,0.18750,-3.273,-0.22682,0.39150,0.16468,,GT_ABSENT,
COCO_val2014_000000326021.jpg,326021,probe,,,0.0466,1,77,0.1337,0,0.000e+00,sam,-10.21841,-10.04612,-0.17229,0.12500,0.57632,0.85938,-0.19058,0.03125,-18.802,-0.22682,0.39150,0.16468,,GT_ABSENT,
COCO_val2014_000000326021.jpg,326021,probe,car,,0.1509,1,109,0.1892,0,0.000e+00,sam,-10.23404,-9.26488,-0.96915,-0.23437,3.36268,3.04688,-0.67148,-0.17187,-163.571,-0.22682,0.39150,0.16468,,GT_ABSENT,
COCO_val2014_000000326021.jpg,326021,probe,toothbrush,,0.1522,1,108,0.1875,0,0.000e+00,sam,-3.35625,-3.59050,0.23425,0.23438,0.88220,3.29688,0.12928,-0.35938,20.883,-0.22682,0.39150,0.16468,,GT_ABSENT,
COCO_val2014_000000326021.jpg,326021,probe,parking meter,,0.0734,1,108,0.1875,0,0.000e+00,sam,-4.56769,-4.31500,-0.25269,0.60938,0.88698,1.50000,-0.21635,0.45313,-28.748,-0.22682,0.39150,0.16468,,GT_ABSENT,
COCO_val2014_000000326021.jpg,326021,probe,sports ball,,0.1051,1,77,0.1337,0,0.000e+00,sam,-6.43676,-6.49340,0.05664,-0.12500,1.34164,3.12500,0.11023,-0.17187,5.507,-0.22682,0.39150,0.16468,,GT_ABSENT,
COCO_val2014_000000326021.jpg,326021,probe,frisbee,,0.1753,1,77,0.1337,0,0.000e+00,sam,-2.93272,-2.78846,-0.14426,-0.20313,0.36769,3.26562,-0.22141,-0.06250,-15.519,-0.22682,0.39150,0.16468,,GT_ABSENT,
COCO_val2014_000000326021.jpg,326021,probe,tennis racket,,0.1265,1,77,0.1337,0,0.000e+00,sam,-5.38527,-5.30989,-0.07538,0.06250,1.18924,3.48438,0.04774,0.09375,-7.830,-0.22682,0.39150,0.16468,,GT_ABSENT,
COCO_val2014_000000326021.jpg,326021,probe,motorcycle,,0.1581,1,108,0.1875,0,0.000e+00,sam,-6.22682,-6.23305,0.00622,0.01563,0.64269,2.32812,-0.00721,-0.01563,0.620,-0.22682,0.39150,0.16468,,GT_ABSENT,
COCO_val2014_000000326021.jpg,326021,probe,oven,,0.1510,1,77,0.1337,0,0.000e+00,sam,-9.84731,-9.95121,0.10390,0.00000,1.11078,3.59375,0.29939,-0.03125,9.869,-0.22682,0.39150,0.16468,,GT_ABSENT,
COCO_val2014_000000326021.jpg,326021,probe,hot dog,,0.1750,1,77,0.1337,0,0.000e+00,sam,-6.52697,-6.33408,-0.19289,-0.07813,-0.34191,3.28125,-0.31681,-0.10938,-21.275,-0.22682,0.39150,0.16468,,GT_ABSENT,
COCO_val2014_000000326021.jpg,326021,probe,sink,,0.1461,1,77,0.1337,0,0.000e+00,sam,-12.49185,-11.51878,-0.97307,0.03125,-1.00961,2.90625,-0.92496,0.23438,-164.606,-0.22682,0.39150,0.16468,,GT_ABSENT,
COCO_val2014_000000326021.jpg,326021,probe,suitcase,,0.1857,1,130,0.2257,0,0.000e+00,sam,-5.73320,-4.82770,-0.90549,-0.67188,-0.39005,-0.51563,-0.81844,-0.65625,-147.315,-0.22682,0.39150,0.16468,,GT_ABSENT,
COCO_val2014_000000326021.jpg,326021,probe,toaster,,0.1136,1,77,0.1337,0,0.000e+00,sam,-7.17797,-6.77879,-0.39918,-0.12500,-0.47563,3.62500,-0.31051,-0.06250,-49.061,-0.22682,0.39150,0.16468,,GT_ABSENT,
COCO_val2014_000000326021.jpg,326021,probe,tv,,0.1700,1,108,0.1875,0,0.000e+00,sam,-14.98208,-15.17702,0.19494,-0.14063,1.95840,2.95313,0.13034,-0.04687,17.712,-0.22682,0.39150,0.16468,,GT_ABSENT,
COCO_val2014_000000317320.jpg,317320,candidate,bicycle,bicycle,0.8802,1,233,0.4045,0,0.000e+00,sam,-0.11400,-1.51036,1.39636,6.37500,1.40571,5.01562,1.43536,6.42187,75.250,-0.37558,0.85083,0.47525,VERIFIED,REAL,TN
COCO_val2014_000000317320.jpg,317320,candidate,person,person,0.6575,2,86,0.1493,0,0.000e+00,sam,-2.65104,-6.46823,3.81719,3.59375,3.00122,2.09375,3.80389,3.70312,97.801,-0.37558,0.85083,0.47525,VERIFIED,REAL,TN
COCO_val2014_000000317320.jpg,317320,candidate,motorcycle,motorcycle,0.4856,2,289,0.5017,0,0.000e+00,sam,-2.19362,-3.86102,1.66740,5.43750,0.97996,4.51562,1.68776,2.48437,81.126,-0.37558,0.85083,0.47525,VERIFIED,REAL,TN
COCO_val2014_000000317320.jpg,317320,candidate,shirt,shirt,0.3637,2,250,0.4340,0,0.000e+00,sam,-4.73690,-3.73609,-1.00081,-0.98438,-1.69003,-1.21875,-1.58266,0.01562,-172.048,-0.37558,0.85083,0.47525,HALLUCINATED,UNKNOWN,TN
COCO_val2014_000000317320.jpg,317320,candidate,blue,blue,0.5606,1,54,0.0938,0,0.000e+00,sam,-8.40885,-8.43975,0.03090,-0.12500,0.22840,-2.01563,0.17296,-0.10937,3.042,-0.37558,0.85083,0.47525,HALLUCINATED,UNKNOWN,TN
COCO_val2014_000000317320.jpg,317320,probe,potted plant,,0.1530,1,5,0.0087,0,0.000e+00,sam,-3.77034,-4.01193,0.24159,0.29688,2.02970,3.68750,0.25826,0.31250,21.462,-0.37558,0.85083,0.47525,,GT_ABSENT,
COCO_val2014_000000317320.jpg,317320,probe,giraffe,,0.1823,1,235,0.4080,0,0.000e+00,sam,-4.79664,-5.11277,0.31613,0.04688,0.61484,0.28125,0.45881,-0.07813,27.104,-0.37558,0.85083,0.47525,,GT_ABSENT,
COCO_val2014_000000317320.jpg,317320,probe,parking meter,,0.1744,1,234,0.4062,0,0.000e+00,sam,-3.71418,-3.07869,-0.63548,-0.76562,-0.54656,-0.92188,-0.40761,-0.28125,-88.794,-0.37558,0.85083,0.47525,,GT_ABSENT,
COCO_val2014_000000317320.jpg,317320,probe,hot dog,,0.2248,1,235,0.4080,0,0.000e+00,sam,-6.75109,-6.14180,-0.60929,-0.17188,-1.15769,-0.15625,-0.51274,1.12500,-83.913,-0.37558,0.85083,0.47525,,GT_ABSENT,
COCO_val2014_000000317320.jpg,317320,probe,baseball glove,,0.2228,1,234,0.4062,0,0.000e+00,sam,-4.86903,-4.55853,-0.31049,-0.32812,-0.37245,0.18750,-0.11729,-0.03125,-36.410,-0.37558,0.85083,0.47525,,GT_ABSENT,
COCO_val2014_000000317320.jpg,317320,probe,teddy bear,,0.1947,1,32,0.0556,0,0.000e+00,sam,-3.68743,-3.97115,0.28372,0.06250,1.52628,3.96875,0.22257,0.12500,24.702,-0.37558,0.85083,0.47525,,GT_ABSENT,
COCO_val2014_000000317320.jpg,317320,probe,traffic light,,0.2228,1,233,0.4045,0,0.000e+00,sam,-4.80691,-4.27925,-0.52766,-0.29687,-1.42687,-0.81250,-1.09239,-0.09375,-69.496,-0.37558,0.85083,0.47525,,GT_ABSENT,
COCO_val2014_000000317320.jpg,317320,probe,tv,,0.2075,1,233,0.4045,0,0.000e+00,sam,-17.38151,-15.07558,-2.30593,-0.21875,-2.91788,0.59375,-2.65432,-0.12500,-903.346,-0.37558,0.85083,0.47525,,GT_ABSENT,
COCO_val2014_000000317320.jpg,317320,probe,frisbee,,0.1531,1,235,0.4080,0,0.000e+00,sam,-3.32550,-3.14065,-0.18484,-0.31250,-0.18374,-0.04688,-0.51995,0.34375,-20.303,-0.37558,0.85083,0.47525,,GT_ABSENT,
COCO_val2014_000000317320.jpg,317320,probe,,,0.0644,1,234,0.4062,0,0.000e+00,sam,-11.15885,-10.41286,-0.74599,0.20312,-0.49635,-0.15625,-1.22291,0.18750,-110.853,-0.37558,0.85083,0.47525,,GT_ABSENT,
COCO_val2014_000000317320.jpg,317320,probe,toaster,,0.0663,1,57,0.0990,0,0.000e+00,sam,-8.25271,-9.08401,0.83130,0.07812,1.58093,4.00000,1.00689,0.03125,56.452,-0.37558,0.85083,0.47525,,GT_ABSENT,
COCO_val2014_000000317320.jpg,317320,probe,tennis racket,,0.1701,1,235,0.4080,0,0.000e+00,sam,-4.23350,-5.02076,0.78726,-0.07813,1.16900,0.25000,0.78723,0.07813,54.491,-0.37558,0.85083,0.47525,,GT_ABSENT,
COCO_val2014_000000317320.jpg,317320,probe,broccoli,,0.1726,1,235,0.4080,0,0.000e+00,sam,-5.84362,-5.24703,-0.59658,0.12500,-0.43008,0.07813,-0.20336,0.07813,-81.591,-0.37558,0.85083,0.47525,,GT_ABSENT,
COCO_val2014_000000317320.jpg,317320,probe,hair drier,,0.0602,1,235,0.4080,0,0.000e+00,sam,-6.26989,-6.39053,0.12064,-0.14062,0.69660,-0.17187,0.79226,1.17187,11.364,-0.37558,0.85083,0.47525,,GT_ABSENT,
COCO_val2014_000000317320.jpg,317320,probe,sports ball,,0.1087,1,6,0.0104,0,0.000e+00,sam,-7.16899,-7.25273,0.08374,-0.01562,2.88194,3.93750,0.11419,-0.03125,8.033,-0.37558,0.85083,0.47525,,GT_ABSENT,
COCO_val2014_000000317320.jpg,317320,probe,stop sign,,0.1322,1,235,0.4080,0,0.000e+00,sam,-4.26463,-3.90458,-0.36005,-0.15625,-0.70554,-0.92188,-0.71736,-0.15625,-43.340,-0.37558,0.85083,0.47525,,GT_ABSENT,
COCO_val2014_000000317320.jpg,317320,probe,sink,,0.2071,1,235,0.4080,0,0.000e+00,sam,-13.43229,-10.83077,-2.60152,0.28125,-3.07778,0.59375,-2.25876,-0.17188,-1248.423,-0.37558,0.85083,0.47525,,GT_ABSENT,
COCO_val2014_000000317320.jpg,317320,probe,surfboard,,0.1444,1,235,0.4080,0,0.000e+00,sam,-4.15601,-3.44063,-0.71538,-0.48437,-1.02538,-0.04688,-0.66262,-0.34375,-104.496,-0.37558,0.85083,0.47525,,GT_ABSENT,
COCO_val2014_000000317320.jpg,317320,probe,baseball bat,,0.2032,1,234,0.4062,0,0.000e+00,sam,-6.85032,-6.63463,-0.21569,-0.39062,-0.48828,-0.12500,-0.26182,-0.35937,-24.072,-0.37558,0.85083,0.47525,,GT_ABSENT,
COCO_val2014_000000317320.jpg,317320,probe,toothbrush,,0.0993,1,235,0.4080,0,0.000e+00,sam,-3.77194,-3.40479,-0.36714,0.17187,-0.38077,0.07812,0.13438,2.18750,-44.360,-0.37558,0.85083,0.47525,,GT_ABSENT,
COCO_val2014_000000507171.jpg,507171,candidate,person,man,0.8777,1,38,0.0660,0,0.000e+00,sam,-1.89278,-2.60960,0.71681,3.92188,-0.29736,0.18750,0.67466,3.93750,51.169,-0.34217,0.65305,0.31089,VERIFIED,REAL,TN
COCO_val2014_000000507171.jpg,507171,candidate,surfboard,surfboard,0.3778,2,9,0.0156,0,0.000e+00,sam,-0.98236,-1.11659,0.13422,0.81250,-2.00080,-3.87500,0.16463,0.79688,12.561,-0.34217,0.65305,0.31089,HALLUCINATED,REAL,FP
COCO_val2014_000000507171.jpg,507171,candidate,bridge,bridge,0.7284,1,144,0.2500,0,0.000e+00,sam,-4.77560,-12.81337,8.03778,8.48437,11.91710,6.85937,6.34849,8.48437,99.968,-0.34217,0.65305,0.31089,VERIFIED,UNKNOWN,TN
COCO_val2014_000000507171.jpg,507171,candidate,water,water,0.6810,1,444,0.7708,0,0.000e+00,sam,-4.85372,-6.77449,1.92077,4.98437,1.55714,4.85937,1.66228,3.85937,85.351,-0.34217,0.65305,0.31089,VERIFIED,UNKNOWN,TN
COCO_val2014_000000507171.jpg,507171,candidate,wave,wave,0.4027,1,202,0.3507,0,0.000e+00,sam,-5.12716,-8.28459,3.15743,2.32813,4.27096,2.39063,3.37337,2.64063,95.747,-0.34217,0.65305,0.31089,VERIFIED,UNKNOWN,TN
COCO_val2014_000000507171.jpg,507171,probe,kite,,0.1212,1,37,0.0642,0,0.000e+00,sam,-5.00907,-3.54569,-1.46338,-0.42187,-1.70940,1.98438,-1.41889,-0.39062,-332.054,-0.34217,0.65305,0.31089,,GT_ABSENT,
COCO_val2014_000000507171.jpg,507171,probe,car,,0.0864,1,38,0.0660,0,0.000e+00,sam,-9.82247,-8.25803,-1.56444,-0.15625,2.09327,3.62500,-1.66155,0.18750,-377.998,-0.34217,0.65305,0.31089,,GT_ABSENT,
COCO_val2014_000000507171.jpg,507171,probe,wine glass,,0.0482,1,38,0.0660,0,0.000e+00,sam,-6.90754,-6.39078,-0.51677,-0.07813,0.90025,3.04687,-0.54298,-0.07813,-67.660,-0.34217,0.65305,0.31089,,GT_ABSENT,
COCO_val2014_000000507171.jpg,507171,probe,microwave,,0.0320,1,37,0.0642,0,0.000e+00,sam,-4.59989,-4.46733,-0.13256,0.07813,0.66904,3.03125,-0.10875,0.12500,-14.175,-0.34217,0.65305,0.31089,,GT_ABSENT,
COCO_val2014_000000507171.jpg,507171,probe,dining table,,0.1417,1,38,0.0660,0,0.000e+00,sam,-4.20047,-4.72524,0.52477,0.10938,2.10705,2.28125,0.47011,0.09375,40.831,-0.34217,0.65305,0.31089,,GT_ABSENT,
COCO_val2014_000000507171.jpg,507171,probe,cat,,0.0606,1,37,0.0642,0,0.000e+00,sam,-9.59591,-7.64090,-1.95501,-0.25000,-0.66521,3.03125,-1.93687,-0.25000,-606.399,-0.34217,0.65305,0.31089,,GT_PRESENT,
COCO_val2014_000000507171.jpg,507171,probe,pizza,,0.0785,1,8,0.0139,0,0.000e+00,sam,-7.99045,-7.85865,-0.13180,0.00000,3.66119,2.65625,-0.09913,0.03125,-14.088,-0.34217,0.65305,0.31089,,GT_ABSENT,
COCO_val2014_000000507171.jpg,507171,probe,stop sign,,0.0349,1,37,0.0642,0,0.000e+00,sam,-5.98583,-5.93186,-0.05398,0.00000,1.58115,2.62500,-0.02307,0.04688,-5.546,-0.34217,0.65305,0.31089,,GT_ABSENT,
COCO_val2014_000000507171.jpg,507171,probe,bowl,,0.0891,1,9,0.0156,0,0.000e+00,sam,-6.68364,-6.63753,-0.04611,0.06250,3.04556,0.29688,-0.12616,0.09375,-4.719,-0.34217,0.65305,0.31089,,GT_ABSENT,
COCO_val2014_000000507171.jpg,507171,probe,couch,,0.1206,1,38,0.0660,0,0.000e+00,sam,-6.08897,-5.93126,-0.15772,-0.15625,1.08853,2.89063,-0.03904,-0.17187,-17.083,-0.34217,0.65305,0.31089,,GT_ABSENT,
COCO_val2014_000000507171.jpg,507171,probe,,,0.0411,1,38,0.0660,0,0.000e+00,sam,-10.65060,-10.39866,-0.25194,-0.06250,2.69483,0.01562,-0.16830,-0.03125,-28.651,-0.34217,0.65305,0.31089,,GT_ABSENT,
COCO_val2014_000000507171.jpg,507171,probe,oven,,0.0343,1,37,0.0642,0,0.000e+00,sam,-10.71900,-10.93964,0.22064,0.09375,1.50008,2.78125,0.25074,0.09375,19.799,-0.34217,0.65305,0.31089,,GT_ABSENT,
COCO_val2014_000000507171.jpg,507171,probe,tennis racket,,0.0756,1,37,0.0642,0,0.000e+00,sam,-4.42118,-3.83369,-0.58750,-0.14063,0.20589,2.67187,-0.50020,-0.12500,-79.948,-0.34217,0.65305,0.31089,,GT_ABSENT,
COCO_val2014_000000507171.jpg,507171,probe,bed,,0.1437,1,38,0.0660,0,0.000e+00,sam,-12.01778,-12.09397,0.07619,-0.37500,4.12452,2.60937,0.03286,-0.40625,7.336,-0.34217,0.65305,0.31089,,GT_ABSENT,
COCO_val2014_000000507171.jpg,507171,probe,umbrella,,0.0634,1,38,0.0660,0,0.000e+00,sam,-5.05455,-4.85705,-0.19750,-0.09375,-0.22931,2.39063,-0.18218,-0.09375,-21.835,-0.34217,0.65305,0.31089,,GT_ABSENT,
COCO_val2014_000000507171.jpg,507171,probe,cup,,0.0940,1,5,0.0087,0,0.000e+00,sam,-12.59591,-12.43520,-0.16071,-0.04688,4.99157,4.28125,-0.24374,-0.04688,-17.435,-0.34217,0.65305,0.31089,,GT_ABSENT,
COCO_val2014_000000507171.jpg,507171,probe,carrot,,0.1275,1,37,0.0642,0,0.000e+00,sam,-9.24023,-8.84955,-0.39067,0.25000,2.99885,2.53125,-0.36004,0.25000,-47.798,-0.34217,0.65305,0.31089,,GT_ABSENT,
COCO_val2014_000000507171.jpg,507171,probe,airplane,,0.1271,1,38,0.0660,0,0.000e+00,sam,-7.87521,-7.15272,-0.72249,0.07812,1.20626,3.10937,-0.79674,0.06250,-105.955,-0.34217,0.65305,0.31089,,GT_ABSENT,
COCO_val2014_000000507171.jpg,507171,probe,hair drier,,0.0215,1,37,0.0642,0,0.000e+00,sam,-6.19892,-6.51031,0.31139,-0.20312,1.48721,3.06250,0.33016,-0.15625,26.757,-0.34217,0.65305,0.31089,,GT_ABSENT,
COCO_val2014_000000507171.jpg,507171,probe,cell phone,,0.0658,1,37,0.0642,0,0.000e+00,sam,-5.24057,-5.59678,0.35620,-0.35937,2.41735,2.53125,0.35086,-0.32812,29.967,-0.34217,0.65305,0.31089,,GT_ABSENT,
COCO_val2014_000000161227.jpg,161227,candidate,couch,couch,0.9105,1,265,0.4601,0,0.000e+00,sam,-0.48021,-0.89253,0.41232,-1.21875,0.02089,-1.67188,0.53250,0.46875,33.789,-0.27472,0.58216,0.30743,VERIFIED,REAL,TN
COCO_val2014_000000161227.jpg,161227,candidate,laptop,laptop computer,0.5328,1,33,0.0573,0,0.000e+00,sam,-4.17538,-8.93053,4.75515,6.10938,3.71672,5.35938,4.95177,6.06250,99.139,-0.27472,0.58216,0.30743,VERIFIED,REAL,TN
COCO_val2014_000000161227.jpg,161227,candidate,remote,remote,0.3431,2,263,0.4566,0,0.000e+00,sam,-3.53476,-8.99375,5.45900,6.18750,5.45082,6.23438,7.18061,6.60938,99.574,-0.27472,0.58216,0.30743,VERIFIED,REAL,TN
COCO_val2014_000000161227.jpg,161227,candidate,cell phone,cell phone,0.2392,1,33,0.0573,0,0.000e+00,sam,-4.10267,-4.74901,0.64633,1.51562,0.44676,2.00000,0.76408,1.54687,47.604,-0.27472,0.58216,0.30743,VERIFIED,REAL,TN
COCO_val2014_000000161227.jpg,161227,candidate,computer,computer,0.4841,1,33,0.0573,0,0.000e+00,sam,-5.76132,-9.14928,3.38797,5.65625,5.05266,5.78125,3.52136,5.68750,96.622,-0.27472,0.58216,0.30743,VERIFIED,UNKNOWN,TN
COCO_val2014_000000161227.jpg,161227,candidate,control,control,0.4048,1,262,0.4549,0,0.000e+00,sam,-8.44101,-9.60030,1.15930,0.39062,-1.32394,-2.04688,2.66570,0.48437,68.629,-0.27472,0.58216,0.30743,VERIFIED,UNKNOWN,TN
COCO_val2014_000000161227.jpg,161227,candidate,pillow,pillow,0.6129,1,122,0.2118,0,0.000e+00,sam,-3.29720,-4.95582,1.65862,6.93750,3.33233,5.12500,1.34429,6.92187,80.960,-0.27472,0.58216,0.30743,VERIFIED,UNKNOWN,TN
COCO_val2014_000000161227.jpg,161227,candidate,window,window,0.3327,1,3,0.0052,0,0.000e+00,sam,-10.56601,-10.42095,-0.14505,0.21875,3.22889,0.78125,-0.14852,0.23438,-15.610,-0.27472,0.58216,0.30743,HALLUCINATED,UNKNOWN,TN
COCO_val2014_000000161227.jpg,161227,candidate,phone,phone,0.3245,1,252,0.4375,0,0.000e+00,sam,-9.82382,-9.29808,-0.52574,1.17187,-1.82553,2.12500,0.00417,-0.45312,-69.171,-0.27472,0.58216,0.30743,HALLUCINATED,UNKNOWN,TN
COCO_val2014_000000161227.jpg,161227,probe,person,,0.2621,1,265,0.4601,0,0.000e+00,sam,-8.88632,-7.81892,-1.06740,0.04688,-1.01946,0.17187,-0.38873,-0.06250,-190.781,-0.27472,0.58216,0.30743,,GT_ABSENT,
COCO_val2014_000000161227.jpg,161227,probe,hot dog,,0.2390,1,267,0.4635,0,0.000e+00,sam,-8.44814,-7.65928,-0.78886,0.17187,-0.47205,0.40625,-0.49712,0.09375,-120.088,-0.27472,0.58216,0.30743,,GT_ABSENT,
COCO_val2014_000000161227.jpg,161227,probe,potted plant,,0.1761,1,260,0.4514,0,0.000e+00,sam,-4.41794,-4.63486,0.21692,0.50000,0.16538,-1.14062,0.39965,-0.64063,19.501,-0.27472,0.58216,0.30743,,GT_ABSENT,
COCO_val2014_000000161227.jpg,161227,probe,fire hydrant,,0.1576,1,267,0.4635,0,0.000e+00,sam,-4.59186,-4.51110,-0.08076,0.01562,0.17281,0.40625,0.22526,-0.09375,-8.411,-0.27472,0.58216,0.30743,,GT_ABSENT,
COCO_val2014_000000161227.jpg,161227,probe,cat,,0.2650,1,267,0.4635,0,0.000e+00,sam,-10.08944,-9.36850,-0.72095,-0.37500,-0.16053,-0.25000,-0.34469,-0.43750,-105.638,-0.27472,0.58216,0.30743,,GT_ABSENT,
COCO_val2014_000000161227.jpg,161227,probe,tennis racket,,0.1846,1,267,0.4635,0,0.000e+00,sam,-4.57920,-3.91214,-0.66705,0.03125,-0.39346,4.79687,-0.20475,-0.09375,-94.849,-0.27472,0.58216,0.30743,,GT_ABSENT,
COCO_val2014_000000161227.jpg,161227,probe,hair drier,,0.0736,1,33,0.0573,0,0.000e+00,sam,-5.17163,-5.47603,0.30440,0.06250,-0.44840,2.78125,0.43144,0.12500,26.244,-0.27472,0.58216,0.30743,,GT_ABSENT,
COCO_val2014_000000161227.jpg,161227,probe,sports ball,,0.1203,1,16,0.0278,0,0.000e+00,sam,-6.73092,-8.21463,1.48371,-0.17188,4.47826,3.18750,1.60612,-0.14063,77.321,-0.27472,0.58216,0.30743,,GT_ABSENT,
COCO_val2014_000000161227.jpg,161227,probe,baseball glove,,0.1909,1,266,0.4618,0,0.000e+00,sam,-4.41293,-4.09621,-0.31672,0.04688,0.27820,5.67188,-0.18622,-0.14062,-37.262,-0.27472,0.58216,0.30743,,GT_ABSENT,
COCO_val2014_000000161227.jpg,161227,probe,,,0.0514,1,265,0.4601,0,0.000e+00,sam,-11.49569,-10.78767,-0.70802,0.10938,-0.73821,-0.21875,0.08784,0.18750,-102.998,-0.27472,0.58216,0.30743,,GT_ABSENT,
COCO_val2014_000000161227.jpg,161227,probe,knife,,0.2394,1,266,0.4618,0,0.000e+00,sam,-7.25005,-7.40860,0.15854,0.31250,0.63818,4.98437,0.42004,-0.07813,14.661,-0.27472,0.58216,0.30743,,GT_ABSENT,
COCO_val2014_000000161227.jpg,161227,probe,toothbrush,,0.1916,1,16,0.0278,0,0.000e+00,sam,-3.80710,-3.76426,-0.04284,-1.57813,1.31852,0.56250,-0.04003,-1.59375,-4.378,-0.27472,0.58216,0.30743,,GT_ABSENT,
COCO_val2014_000000161227.jpg,161227,probe,handbag,,0.2590,1,0,0.0000,1,0.000e+00,sam,-4.52996,-4.52996,0.00000,0.00000,,,,,0.000,-0.27472,0.58216,0.30743,,GT_ABSENT,
COCO_val2014_000000161227.jpg,161227,probe,parking meter,,0.1509,1,264,0.4583,0,0.000e+00,sam,-5.49631,-5.05928,-0.43703,0.12500,0.03241,0.96875,-0.52843,-0.01563,-54.811,-0.27472,0.58216,0.30743,,GT_ABSENT,
COCO_val2014_000000161227.jpg,161227,probe,stop sign,,0.0887,1,267,0.4635,0,0.000e+00,sam,-7.25928,-7.03994,-0.21934,0.01563,0.23708,1.17187,0.27975,0.48438,-24.526,-0.27472,0.58216,0.30743,,GT_ABSENT,
COCO_val2014_000000161227.jpg,161227,probe,baseball bat,,0.2659,1,266,0.4618,0,0.000e+00,sam,-7.85359,-6.75616,-1.09743,0.04687,0.14197,3.57812,-0.81332,-0.10938,-199.645,-0.27472,0.58216,0.30743,,GT_ABSENT,
COCO_val2014_000000161227.jpg,161227,probe,snowboard,,0.1587,1,267,0.4635,0,0.000e+00,sam,-10.08196,-9.41373,-0.66823,0.23438,0.52705,2.89062,-0.71684,0.10937,-95.078,-0.27472,0.58216,0.30743,,GT_ABSENT,
COCO_val2014_000000161227.jpg,161227,probe,frisbee,,0.1973,1,0,0.0000,1,0.000e+00,sam,-3.90528,-3.90528,0.00000,0.00000,,,,,0.000,-0.27472,0.58216,0.30743,,GT_ABSENT,
COCO_val2014_000000161227.jpg,161227,probe,motorcycle,,0.2328,1,267,0.4635,0,0.000e+00,sam,-5.40611,-4.99875,-0.40736,0.10937,0.47446,2.95312,-0.32259,0.07813,-50.285,-0.27472,0.58216,0.30743,,GT_ABSENT,
COCO_val2014_000000161227.jpg,161227,probe,surfboard,,0.2039,1,267,0.4635,0,0.000e+00,sam,-4.08671,-3.65064,-0.43607,0.07812,-0.49539,0.85937,-0.23507,0.10937,-54.662,-0.27472,0.58216,0.30743,,GT_ABSENT,
COCO_val2014_000000025812.jpg,25812,candidate,person,person,0.8264,1,10,0.0174,0,0.000e+00,sam,-1.76845,-7.40036,5.63191,7.57813,2.29770,4.21875,5.70066,7.60937,99.642,-0.11685,0.28847,0.17163,VERIFIED,REAL,TN
COCO_val2014_000000025812.jpg,25812,candidate,skis,ski,0.4792,2,11,0.0191,0,0.000e+00,sam,-4.59061,-4.81536,0.22475,3.79688,-2.13400,2.59375,0.25581,3.78125,20.128,-0.11685,0.28847,0.17163,VERIFIED,REAL,TN
COCO_val2014_000000025812.jpg,25812,candidate,mountain,mountain,0.2945,2,566,0.9826,0,0.000e+00,sam,-3.66689,-6.32264,2.65575,0.04688,2.67863,0.17188,0.00000,0.00000,92.975,-0.11685,0.28847,0.17163,VERIFIED,UNKNOWN,TN
COCO_val2014_000000025812.jpg,25812,candidate,ski lift,ski lift,0.2771,2,66,0.1146,0,0.000e+00,sam,-1.58571,-4.67052,3.08481,4.18750,-1.09476,1.09375,3.07408,4.21875,95.426,-0.11685,0.28847,0.17163,VERIFIED,UNKNOWN,TN
COCO_val2014_000000025812.jpg,25812,candidate,jacket,jacket,0.4637,2,10,0.0174,0,0.000e+00,sam,-5.60762,-6.06384,0.45622,3.67187,0.48173,1.93750,0.48256,3.71875,36.633,-0.11685,0.28847,0.17163,VERIFIED,UNKNOWN,TN
COCO_val2014_000000025812.jpg,25812,candidate,skier,skier,0.9143,1,10,0.0174,0,0.000e+00,sam,-1.29373,-3.55194,2.25821,6.29688,-2.47450,3.82813,2.28604,6.28125,89.546,-0.11685,0.28847,0.17163,VERIFIED,UNKNOWN,TN
COCO_val2014_000000025812.jpg,25812,candidate,slope,slope,0.3945,1,173,0.3003,0,0.000e+00,sam,-5.04970,-6.85915,1.80945,1.45313,0.92175,1.23438,1.45716,1.26562,83.626,-0.11685,0.28847,0.17163,VERIFIED,UNKNOWN,TN
COCO_val2014_000000025812.jpg,25812,candidate,snowy,snowy,0.3399,2,566,0.9826,0,0.000e+00,sam,-0.89112,-3.32014,2.42902,2.89062,2.41822,2.89063,0.00000,0.00000,91.188,-0.11685,0.28847,0.17163,VERIFIED,UNKNOWN,TN
COCO_val2014_000000025812.jpg,25812,candidate,white,white,0.3438,2,173,0.3003,0,0.000e+00,sam,-7.22158,-6.84353,-0.37805,-0.28125,0.66394,0.45313,-0.02709,-0.00000,-45.944,-0.11685,0.28847,0.17163,HALLUCINATED,UNKNOWN,TN
COCO_val2014_000000025812.jpg,25812,candidate,hill,hill,0.3203,1,173,0.3003,0,0.000e+00,sam,-4.68252,-4.85134,0.16882,0.39063,-0.17981,0.10938,-0.69068,-0.48437,15.534,-0.11685,0.28847,0.17163,HALLUCINATED,UNKNOWN,TN
COCO_val2014_000000025812.jpg,25812,probe,umbrella,,0.1361,1,10,0.0174,0,0.000e+00,sam,-5.79597,-5.84149,0.04551,0.00000,1.01702,3.12500,0.03744,0.01563,4.449,-0.11685,0.28847,0.17163,,GT_ABSENT,
COCO_val2014_000000025812.jpg,25812,probe,parking meter,,0.1010,1,10,0.0174,0,0.000e+00,sam,-5.43494,-5.56074,0.12580,0.07812,2.37107,3.09375,0.15392,0.10937,11.821,-0.11685,0.28847,0.17163,,GT_ABSENT,
COCO_val2014_000000025812.jpg,25812,probe,car,,0.1270,1,10,0.0174,0,0.000e+00,sam,-8.48720,-7.78317,-0.70403,-0.18750,1.57113,3.15625,-0.82490,-0.17188,-102.188,-0.11685,0.28847,0.17163,,GT_ABSENT,
COCO_val2014_000000025812.jpg,25812,probe,vase,,0.0525,1,10,0.0174,0,0.000e+00,sam,-8.30839,-7.80756,-0.50082,-0.09375,4.32411,3.62500,-0.44093,-0.09375,-65.008,-0.11685,0.28847,0.17163,,GT_ABSENT,
COCO_val2014_000000025812.jpg,25812,probe,bottle,,0.0791,1,1,0.0017,0,0.000e+00,sam,-6.99330,-6.97543,-0.01787,-0.03125,3.10332,3.67188,-0.01747,-0.04687,-1.803,-0.11685,0.28847,0.17163,,GT_ABSENT,
COCO_val2014_000000025812.jpg,25812,probe,cell phone,,0.1366,1,10,0.0174,0,0.000e+00,sam,-5.11696,-5.21882,0.10186,-0.12500,1.46542,1.57813,0.05961,-0.20313,9.685,-0.11685,0.28847,0.17163,,GT_ABSENT,
COCO_val2014_000000025812.jpg,25812,probe,donut,,0.1409,1,10,0.0174,0,0.000e+00,sam,-5.93651,-6.35885,0.42235,-0.14062,1.91068,2.71875,0.38099,-0.12500,34.449,-0.11685,0.28847,0.17163,,GT_ABSENT,
COCO_val2014_000000025812.jpg,25812,probe,potted plant,,0.0674,1,0,0.0000,1,0.000e+00,sam,-5.12438,-5.12438,0.00000,0.00000,,,,,0.000,-0.11685,0.28847,0.17163,,GT_ABSENT,
COCO_val2014_000000025812.jpg,25812,probe,tie,,0.1495,1,10,0.0174,0,0.000e+00,sam,-14.38173,-14.11716,-0.26458,1.09375,3.85434,2.18750,-0.27477,1.07813,-30.288,-0.11685,0.28847,0.17163,,GT_ABSENT,
COCO_val2014_000000025812.jpg,25812,probe,broccoli,,0.0570,1,10,0.0174,0,0.000e+00,sam,-5.15145,-4.88617,-0.26528,-0.00000,1.24528,2.95312,-0.30048,-0.01562,-30.379,-0.11685,0.28847,0.17163,,GT_ABSENT,
COCO_val2014_000000025812.jpg,25812,probe,toothbrush,,0.0744,1,10,0.0174,0,0.000e+00,sam,-3.74949,-3.38766,-0.36183,-0.03125,1.45247,3.76563,-0.33663,-0.04687,-43.596,-0.11685,0.28847,0.17163,,GT_ABSENT,
COCO_val2014_000000025812.jpg,25812,probe,,,0.0363,1,10,0.0174,0,0.000e+00,sam,-10.40127,-10.16599,-0.23528,0.12500,4.44613,-0.92188,-0.28207,0.12500,-26.526,-0.11685,0.28847,0.17163,,GT_ABSENT,
COCO_val2014_000000025812.jpg,25812,probe,book,,0.0708,1,10,0.0174,0,0.000e+00,sam,-12.48720,-12.22458,-0.26262,-0.09375,4.82113,4.15625,-0.22097,-0.12500,-30.034,-0.11685,0.28847,0.17163,,GT_ABSENT,
COCO_val2014_000000025812.jpg,25812,probe,apple,,0.0922,1,10,0.0174,0,0.000e+00,sam,-17.08681,-17.28562,0.19880,-0.10937,2.95444,3.12500,0.29865,-0.09375,18.029,-0.11685,0.28847,0.17163,,GT_ABSENT,
COCO_val2014_000000025812.jpg,25812,probe,keyboard,,0.0528,1,9,0.0156,0,0.000e+00,sam,-13.05752,-13.15841,0.10089,0.01562,5.73692,3.14063,0.07053,0.01563,9.597,-0.11685,0.28847,0.17163,,GT_ABSENT,
COCO_val2014_000000025812.jpg,25812,probe,toaster,,0.0168,1,10,0.0174,0,0.000e+00,sam,-7.09976,-6.48545,-0.61431,-0.01563,1.69566,3.25000,-0.63708,0.01563,-84.838,-0.11685,0.28847,0.17163,,GT_ABSENT,
COCO_val2014_000000025812.jpg,25812,probe,stop sign,,0.1243,1,9,0.0156,0,0.000e+00,sam,-4.92194,-4.94911,0.02716,-0.03125,1.15068,3.35937,0.05281,0.01562,2.680,-0.11685,0.28847,0.17163,,GT_ABSENT,
COCO_val2014_000000025812.jpg,25812,probe,spoon,,0.0856,1,10,0.0174,0,0.000e+00,sam,-8.24723,-8.00834,-0.23888,-0.03125,3.70789,3.01562,-0.30164,-0.03125,-26.983,-0.11685,0.28847,0.17163,,GT_ABSENT,
COCO_val2014_000000025812.jpg,25812,probe,hair drier,,0.0380,1,10,0.0174,0,0.000e+00,sam,-7.21714,-7.18483,-0.03231,-0.06250,3.18972,3.14062,-0.04800,-0.03125,-3.283,-0.11685,0.28847,0.17163,,GT_ABSENT,
COCO_val2014_000000025812.jpg,25812,probe,frisbee,,0.1404,1,10,0.0174,0,0.000e+00,sam,-3.63163,-3.77014,0.13851,-0.15625,1.17720,3.60937,0.18680,-0.20313,12.935,-0.11685,0.28847,0.17163,,GT_ABSENT,
COCO_val2014_000000267537.jpg,267537,candidate,person,person,0.5864,7,267,0.4635,0,0.000e+00,sam,-6.76501,-2.98025,-3.78476,0.98437,-4.24802,1.67187,-4.01604,1.07812,-4302.504,-0.13788,0.56137,0.42349,HALLUCINATED,REAL,FP
COCO_val2014_000000267537.jpg,267537,candidate,bench,bench,0.2828,1,278,0.4826,0,0.000e+00,sam,-2.02333,-3.47576,1.45242,0.96875,2.79822,2.54688,0.00000,0.00000,76.600,-0.13788,0.56137,0.42349,VERIFIED,REAL,TN
COCO_val2014_000000267537.jpg,267537,candidate,umbrella,umbrella,0.5157,2,60,0.1042,0,0.000e+00,sam,-4.12140,-4.62978,0.50838,2.26562,-0.20589,-1.57812,0.76566,2.03125,39.853,-0.13788,0.56137,0.42349,VERIFIED,REAL,TN
COCO_val2014_000000267537.jpg,267537,candidate,rain,rain,0.3108,2,288,0.5000,0,0.000e+00,sam,-10.79626,-8.28565,-2.51062,-0.46875,-0.82241,-1.28125,-3.44814,-1.62500,-1131.252,-0.13788,0.56137,0.42349,HALLUCINATED,UNKNOWN,TN
COCO_val2014_000000267537.jpg,267537,probe,hot dog,,0.0448,1,22,0.0382,0,0.000e+00,sam,-6.31500,-6.35066,0.03566,0.04688,0.93854,3.62500,0.10360,0.09375,3.504,-0.13788,0.56137,0.42349,,GT_ABSENT,
COCO_val2014_000000267537.jpg,267537,probe,toaster,,0.0161,1,22,0.0382,0,0.000e+00,sam,-8.00035,-8.09357,0.09323,0.01563,3.03874,4.00000,0.00428,0.01562,8.901,-0.13788,0.56137,0.42349,,GT_ABSENT,
COCO_val2014_000000267537.jpg,267537,probe,snowboard,,0.0646,1,22,0.0382,0,0.000e+00,sam,-8.49857,-8.53637,0.03780,-0.01562,2.70340,4.42188,0.09723,-0.03125,3.709,-0.13788,0.56137,0.42349,,GT_ABSENT,
COCO_val2014_000000267537.jpg,267537,probe,sandwich,,0.0954,1,22,0.0382,0,0.000e+00,sam,-7.89325,-7.93929,0.04604,-0.03125,4.12834,3.35938,0.24036,-0.06250,4.500,-0.13788,0.56137,0.42349,,GT_ABSENT,
COCO_val2014_000000267537.jpg,267537,probe,sink,,0.0309,1,220,0.3819,0,0.000e+00,sam,-13.96814,-11.54898,-2.41916,-0.03125,-1.95322,1.71875,0.11250,-0.01562,-1023.638,-0.13788,0.56137,0.42349,,GT_ABSENT,
COCO_val2014_000000267537.jpg,267537,probe,toothbrush,,0.0601,1,22,0.0382,0,0.000e+00,sam,-3.56357,-3.60616,0.04259,-0.01563,1.06962,4.17187,0.06409,0.09375,4.170,-0.13788,0.56137,0.42349,,GT_ABSENT,
COCO_val2014_000000267537.jpg,267537,probe,parking meter,,0.0559,1,22,0.0382,0,0.000e+00,sam,-5.14057,-5.19834,0.05777,-0.10938,1.34876,3.18750,-0.00182,-0.10938,5.613,-0.13788,0.56137,0.42349,,GT_ABSENT,
COCO_val2014_000000267537.jpg,267537,probe,tennis racket,,0.0440,1,31,0.0538,0,0.000e+00,sam,-4.26635,-3.99426,-0.27209,-0.23437,0.17115,4.00000,-0.33174,-0.15625,-31.270,-0.13788,0.56137,0.42349,,GT_ABSENT,
COCO_val2014_000000267537.jpg,267537,probe,baseball glove,,0.0901,1,3,0.0052,0,0.000e+00,sam,-4.38120,-4.41463,0.03343,0.07813,1.03018,2.92188,-0.00024,0.04688,3.288,-0.13788,0.56137,0.42349,,GT_ABSENT,
COCO_val2014_000000267537.jpg,267537,probe,kite,,0.0771,1,22,0.0382,0,0.000e+00,sam,-7.32167,-7.35728,0.03561,0.00000,2.33995,3.35937,0.30265,0.04688,3.499,-0.13788,0.56137,0.42349,,GT_ABSENT,
COCO_val2014_000000267537.jpg,267537,probe,suitcase,,0.0885,1,0,0.0000,1,0.000e+00,sam,-5.02103,-5.02103,0.00000,0.00000,,,,,0.000,-0.13788,0.56137,0.42349,,GT_ABSENT,
COCO_val2014_000000267537.jpg,267537,probe,pizza,,0.1014,1,22,0.0382,0,0.000e+00,sam,-8.61624,-8.63130,0.01506,0.00000,4.54350,4.48437,0.13999,0.01562,1.495,-0.13788,0.56137,0.42349,,GT_ABSENT,
COCO_val2014_000000267537.jpg,267537,probe,baseball bat,,0.0908,1,3,0.0052,0,0.000e+00,sam,-6.40764,-6.45210,0.04445,0.09375,0.91466,3.14062,0.04910,0.07812,4.348,-0.13788,0.56137,0.42349,,GT_ABSENT,
COCO_val2014_000000267537.jpg,267537,probe,oven,,0.0417,1,122,0.2118,0,0.000e+00,sam,-11.17818,-10.57301,-0.60516,0.03125,0.03328,2.26563,-0.39719,-0.00000,-83.155,-0.13788,0.56137,0.42349,,GT_ABSENT,
COCO_val2014_000000267537.jpg,267537,probe,book,,0.1409,1,6,0.0104,0,0.000e+00,sam,-11.49939,-11.52667,0.02729,0.03125,5.00180,1.01563,-0.04001,0.01563,2.692,-0.13788,0.56137,0.42349,,GT_ABSENT,
COCO_val2014_000000267537.jpg,267537,probe,sports ball,,0.1117,1,3,0.0052,0,0.000e+00,sam,-5.56769,-5.68381,0.11612,0.04687,1.57791,3.28125,0.13302,-0.00000,10.963,-0.13788,0.56137,0.42349,,GT_ABSENT,
COCO_val2014_000000267537.jpg,267537,probe,,,0.0377,1,22,0.0382,0,0.000e+00,sam,-10.23376,-10.28573,0.05197,-0.01563,2.97934,-0.70313,0.01806,0.07812,5.064,-0.13788,0.56137,0.42349,,GT_ABSENT,
COCO_val2014_000000267537.jpg,267537,probe,bicycle,,0.1037,1,22,0.0382,0,0.000e+00,sam,-3.38632,-3.43180,0.04549,-0.01562,0.71557,2.85938,0.11727,-0.07812,4.447,-0.13788,0.56137,0.42349,,GT_ABSENT,
COCO_val2014_000000267537.jpg,267537,probe,frisbee,,0.0677,1,33,0.0573,0,0.000e+00,sam,-3.57472,-3.39614,-0.17858,-0.54688,0.60563,3.34375,-0.15898,-0.23437,-19.552,-0.13788,0.56137,0.42349,,GT_ABSENT,
COCO_val2014_000000267537.jpg,267537,probe,refrigerator,,0.0849,1,22,0.0382,0,0.000e+00,sam,-3.65418,-3.68898,0.03480,0.00000,1.49243,4.06250,0.00179,0.00000,3.420,-0.13788,0.56137,0.42349,,GT_ABSENT,
COCO_val2014_000000195645.jpg,195645,candidate,person,person,0.5294,7,360,0.6250,0,0.000e+00,sam,-5.87284,-9.71840,3.84556,9.57813,4.58138,9.56250,7.16838,6.48438,97.863,-0.14360,0.25081,0.10721,VERIFIED,REAL,TN
COCO_val2014_000000195645.jpg,195645,candidate,bench,bench,0.2980,1,52,0.0903,0,0.000e+00,sam,-1.62396,-4.38167,2.75771,5.23437,3.73092,2.71875,2.91484,4.75000,93.656,-0.14360,0.25081,0.10721,VERIFIED,REAL,TN
COCO_val2014_000000195645.jpg,195645,candidate,dining table,table,0.4186,1,6,0.0104,0,0.000e+00,sam,-1.07743,-1.08921,0.01178,0.26562,-0.77572,-1.54687,0.10689,0.50000,1.171,-0.14360,0.25081,0.10721,HALLUCINATED,REAL,FP
COCO_val2014_000000195645.jpg,195645,candidate,handbag,handbag,0.4171,1,11,0.0191,0,0.000e+00,sam,-4.49789,-4.73137,0.23348,1.09375,1.24992,-1.59375,0.16707,1.18750,20.823,-0.14360,0.25081,0.10721,VERIFIED,REAL,TN
COCO_val2014_000000195645.jpg,195645,candidate,backpack,backpack,0.2914,1,129,0.2240,0,0.000e+00,sam,-4.41212,-4.38680,-0.02532,3.76563,0.00214,4.15625,0.58061,3.57813,-2.565,-0.14360,0.25081,0.10721,HALLUCINATED,HALLUCINATED,TP
COCO_val2014_000000195645.jpg,195645,candidate,bottle,bottle,0.2184,1,35,0.0608,0,0.000e+00,sam,-3.99146,-3.77515,-0.21631,0.37500,-0.74856,-1.50000,-0.12862,0.67187,-24.148,-0.14360,0.25081,0.10721,HALLUCINATED,REAL,FP
COCO_val2014_000000195645.jpg,195645,candidate,wine glass,wine glass,0.4889,2,16,0.0278,0,0.000e+00,sam,-3.19309,-4.39448,1.20139,0.71875,0.85673,-4.29688,1.19389,0.65625,69.922,-0.14360,0.25081,0.10721,VERIFIED,UNKNOWN,TN
COCO_val2014_000000195645.jpg,195645,probe,skateboard,,0.1143,1,35,0.0608,0,0.000e+00,sam,-3.97369,-3.83698,-0.13671,0.10938,0.77300,1.60938,-0.22396,0.04688,-14.650,-0.14360,0.25081,0.10721,,GT_ABSENT,
COCO_val2014_000000195645.jpg,195645,probe,skis,,0.0766,1,35,0.0608,0,0.000e+00,sam,-8.47703,-8.46815,-0.00888,0.12500,0.86403,2.04688,-0.04757,0.15625,-0.892,-0.14360,0.25081,0.10721,,GT_ABSENT,
COCO_val2014_000000195645.jpg,195645,probe,boat,,0.1408,1,128,0.2222,0,0.000e+00,sam,-10.34940,-9.61778,-0.73163,0.14063,-1.06114,2.03125,-0.30630,1.32813,-107.846,-0.14360,0.25081,0.10721,,GT_ABSENT,
COCO_val2014_000000195645.jpg,195645,probe,motorcycle,,0.0929,1,35,0.0608,0,0.000e+00,sam,-6.28309,-6.22257,-0.06052,-0.01562,0.69148,1.43750,-0.09487,-0.03125,-6.239,-0.14360,0.25081,0.10721,,GT_ABSENT,
COCO_val2014_000000195645.jpg,195645,probe,sports ball,,0.0681,1,3,0.0052,0,0.000e+00,sam,-6.26403,-6.30948,0.04545,0.01562,1.97491,3.85937,0.03929,-0.00000,4.443,-0.14360,0.25081,0.10721,,GT_ABSENT,
COCO_val2014_000000195645.jpg,195645,probe,car,,0.1483,1,108,0.1875,0,0.000e+00,sam,-9.54472,-8.62255,-0.92217,-0.17188,0.25127,-0.31250,-1.12679,-0.26563,-151.474,-0.14360,0.25081,0.10721,,GT_ABSENT,
COCO_val2014_000000195645.jpg,195645,probe,giraffe,,0.0986,1,35,0.0608,0,0.000e+00,sam,-4.28991,-4.12223,-0.16768,0.03125,1.01255,1.59375,-0.11289,-0.01563,-18.256,-0.14360,0.25081,0.10721,,GT_ABSENT,
COCO_val2014_000000195645.jpg,195645,probe,toothbrush,,0.0965,1,2,0.0035,0,0.000e+00,sam,-3.75617,-3.71650,-0.03967,-0.10938,1.27581,3.29688,-0.04463,-0.09375,-4.047,-0.14360,0.25081,0.10721,,GT_ABSENT,
COCO_val2014_000000195645.jpg,195645,probe,tennis racket,,0.0554,1,35,0.0608,0,0.000e+00,sam,-4.29345,-4.25410,-0.03935,0.01562,1.54597,1.92187,-0.05834,-0.00000,-4.013,-0.14360,0.25081,0.10721,,GT_ABSENT,
COCO_val2014_000000195645.jpg,195645,probe,baseball glove,,0.0970,1,35,0.0608,0,0.000e+00,sam,-4.49988,-4.48936,-0.01053,0.15625,2.77973,1.50000,-0.14260,0.00000,-1.058,-0.14360,0.25081,0.10721,,GT_ABSENT,
COCO_val2014_000000195645.jpg,195645,probe,keyboard,,0.0976,1,6,0.0104,0,0.000e+00,sam,-14.37284,-14.28235,-0.09049,-0.03125,7.65998,3.39062,-0.09044,-0.01563,-9.471,-0.14360,0.25081,0.10721,,GT_ABSENT,
COCO_val2014_000000195645.jpg,195645,probe,potted plant,,0.1265,1,34,0.0590,0,0.000e+00,sam,-3.02507,-2.93031,-0.09476,0.95313,0.69833,2.62500,-0.04631,1.06250,-9.940,-0.14360,0.25081,0.10721,,GT_ABSENT,
COCO_val2014_000000195645.jpg,195645,probe,surfboard,,0.0420,1,35,0.0608,0,0.000e+00,sam,-4.72694,-4.68553,-0.04141,0.07813,1.35754,2.34375,0.07127,0.07812,-4.228,-0.14360,0.25081,0.10721,,GT_ABSENT,
COCO_val2014_000000195645.jpg,195645,probe,cake,,0.1451,1,35,0.0608,0,0.000e+00,sam,-5.47817,-5.45338,-0.02479,0.18750,0.49938,0.75000,0.04230,0.15625,-2.510,-0.14360,0.25081,0.10721,,GT_ABSENT,
COCO_val2014_000000195645.jpg,195645,probe,stop sign,,0.0488,1,4,0.0069,0,0.000e+00,sam,-5.83644,-5.79040,-0.04604,0.01562,2.03299,3.57812,-0.08510,0.00000,-4.712,-0.14360,0.25081,0.10721,,GT_ABSENT,
COCO_val2014_000000195645.jpg,195645,probe,frisbee,,0.0698,1,35,0.0608,0,0.000e+00,sam,-2.60485,-2.54096,-0.06389,0.23438,0.93201,2.06250,-0.08671,0.18750,-6.598,-0.14360,0.25081,0.10721,,GT_ABSENT,
COCO_val2014_000000195645.jpg,195645,probe,mouse,,0.1487,1,35,0.0608,0,0.000e+00,sam,-14.47440,-14.20202,-0.27238,0.07813,1.59466,1.76563,0.08930,0.01563,-31.309,-0.14360,0.25081,0.10721,,GT_ABSENT,
COCO_val2014_000000195645.jpg,195645,probe,toaster,,0.0621,1,11,0.0191,0,0.000e+00,sam,-8.53708,-8.28898,-0.24810,-0.34375,3.38399,3.35937,-0.14869,-0.34375,-28.158,-0.14360,0.25081,0.10721,,GT_ABSENT,
COCO_val2014_000000195645.jpg,195645,probe,vase,,0.1492,1,128,0.2222,0,0.000e+00,sam,-5.64483,-5.71097,0.06615,-0.45312,1.53776,-0.60938,0.26059,-0.78125,6.401,-0.14360,0.25081,0.10721,,GT_ABSENT,
COCO_val2014_000000195645.jpg,195645,probe,baseball bat,,0.0587,1,35,0.0608,0,0.000e+00,sam,-6.50758,-6.52305,0.01547,0.10938,4.04462,2.48438,0.03220,0.09375,1.535,-0.14360,0.25081,0.10721,,GT_ABSENT,
COCO_val2014_000000155671.jpg,155671,candidate,traffic light,traffic light,0.4424,5,11,0.0191,0,0.000e+00,sam,-0.95770,-2.81196,1.85426,4.48437,-1.69272,0.93750,1.75582,4.46875,84.343,-0.03268,0.21171,0.17903,VERIFIED,REAL,TN
COCO_val2014_000000155671.jpg,155671,candidate,fire hydrant,fire hydrant,0.3385,1,4,0.0069,0,0.000e+00,sam,-2.35463,-2.34276,-0.01187,0.15625,-0.11792,-0.78125,-0.04318,0.17188,-1.194,-0.03268,0.21171,0.17903,HALLUCINATED,HALLUCINATED,TP
COCO_val2014_000000155671.jpg,155671,candidate,truck,truck,0.5693,2,19,0.0330,0,0.000e+00,sam,-4.74860,-5.03911,0.29051,0.50000,1.18491,-0.56250,0.39662,0.51562,25.212,-0.03268,0.21171,0.17903,VERIFIED,REAL,TN
COCO_val2014_000000155671.jpg,155671,candidate,car,car,0.5343,5,26,0.0451,0,0.000e+00,sam,-5.68357,-5.89883,0.21526,4.48437,3.20778,1.95313,0.37927,4.42187,19.367,-0.03268,0.21171,0.17903,VERIFIED,REAL,TN
COCO_val2014_000000155671.jpg,155671,candidate,street sign,street sign,0.3274,2,14,0.0243,0,0.000e+00,sam,-2.59448,-2.56892,-0.02556,1.64063,-2.53474,-0.70312,-0.09784,1.64062,-2.589,-0.03268,0.21171,0.17903,HALLUCINATED,UNKNOWN,TN
COCO_val2014_000000155671.jpg,155671,candidate,building,building,0.4211,3,100,0.1736,0,0.000e+00,sam,-7.33201,-8.58552,1.25351,4.37500,1.56746,4.06250,1.16333,4.37500,71.450,-0.03268,0.21171,0.17903,VERIFIED,UNKNOWN,TN
COCO_val2014_000000155671.jpg,155671,candidate,hydrant,hydrant,0.3130,1,3,0.0052,0,0.000e+00,sam,-5.82429,-5.77584,-0.04845,0.23438,-0.33861,-0.79687,-0.04347,0.21875,-4.964,-0.03268,0.21171,0.17903,HALLUCINATED,UNKNOWN,TN
COCO_val2014_000000155671.jpg,155671,candidate,traffic,traffic,0.3074,2,19,0.0330,0,0.000e+00,sam,-1.73044,-1.32817,-0.40227,2.79687,-6.56605,1.67187,-0.43875,2.90625,-49.522,-0.03268,0.21171,0.17903,HALLUCINATED,UNKNOWN,TN
COCO_val2014_000000155671.jpg,155671,probe,airplane,,0.1245,1,12,0.0208,0,0.000e+00,sam,-7.91242,-7.90909,-0.00333,0.01562,1.97620,4.54687,-0.08361,-0.00000,-0.333,-0.03268,0.21171,0.17903,,GT_ABSENT,
COCO_val2014_000000155671.jpg,155671,probe,dog,,0.0707,1,7,0.0122,0,0.000e+00,sam,-9.88669,-9.30521,-0.58148,-0.00000,2.54810,2.79687,-0.64202,0.03125,-78.868,-0.03268,0.21171,0.17903,,GT_ABSENT,
COCO_val2014_000000155671.jpg,155671,probe,giraffe,,0.0288,1,7,0.0122,0,0.000e+00,sam,-4.72954,-4.91013,0.18059,-0.00000,1.88339,4.34375,0.17778,-0.01563,16.522,-0.03268,0.21171,0.17903,,GT_ABSENT,
COCO_val2014_000000155671.jpg,155671,probe,,,0.0332,1,7,0.0122,0,0.000e+00,sam,-9.41013,-9.23490,-0.17523,-0.32812,1.70826,-0.62500,-0.14839,-0.34375,-19.152,-0.03268,0.21171,0.17903,,GT_ABSENT,
COCO_val2014_000000155671.jpg,155671,probe,banana,,0.1163,1,7,0.0122,0,0.000e+00,sam,-7.45639,-7.05292,-0.40347,0.03125,2.32031,3.43750,-0.34627,0.01562,-49.701,-0.03268,0.21171,0.17903,,GT_ABSENT,
COCO_val2014_000000155671.jpg,155671,probe,mouse,,0.0743,1,12,0.0208,0,0.000e+00,sam,-14.00779,-14.06383,0.05604,0.10938,5.87247,4.15625,0.04152,0.06250,5.450,-0.03268,0.21171,0.17903,,GT_ABSENT,
COCO_val2014_000000155671.jpg,155671,probe,sheep,,0.1145,1,7,0.0122,0,0.000e+00,sam,-15.01560,-14.73295,-0.28265,-0.00000,4.43677,4.04687,-0.13754,0.01562,-32.664,-0.03268,0.21171,0.17903,,GT_ABSENT,
COCO_val2014_000000155671.jpg,155671,probe,zebra,,0.1387,1,12,0.0208,0,0.000e+00,sam,-3.36141,-3.36352,0.00211,0.03125,-0.04972,2.73437,0.00720,-0.07812,0.211,-0.03268,0.21171,0.17903,,GT_ABSENT,
COCO_val2014_000000155671.jpg,155671,probe,wine glass,,0.0160,1,12,0.0208,0,0.000e+00,sam,-7.29742,-7.22436,-0.07306,0.03125,1.87213,4.28125,-0.06976,0.01562,-7.580,-0.03268,0.21171,0.17903,,GT_ABSENT,
COCO_val2014_000000155671.jpg,155671,probe,baseball glove,,0.0364,1,7,0.0122,0,0.000e+00,sam,-5.16695,-5.14495,-0.02201,0.03125,1.77124,3.84375,-0.05042,0.04688,-2.225,-0.03268,0.21171,0.17903,,GT_ABSENT,
COCO_val2014_000000155671.jpg,155671,probe,sports ball,,0.0347,1,7,0.0122,0,0.000e+00,sam,-7.19430,-7.31578,0.12149,0.01563,2.98722,3.96875,0.39794,0.01563,11.440,-0.03268,0.21171,0.17903,,GT_ABSENT,
COCO_val2014_000000155671.jpg,155671,probe,pizza,,0.0885,1,12,0.0208,0,0.000e+00,sam,-7.00779,-7.28611,0.27832,0.04687,2.51304,3.53125,0.28167,-0.01562,24.295,-0.03268,0.21171,0.17903,,GT_ABSENT,
COCO_val2014_000000155671.jpg,155671,probe,bench,,0.0940,1,8,0.0139,0,0.000e+00,sam,-5.13972,-5.08462,-0.05510,-0.17188,0.74311,2.37500,-0.02398,-0.32813,-5.664,-0.03268,0.21171,0.17903,,GT_ABSENT,
COCO_val2014_000000155671.jpg,155671,probe,broccoli,,0.0281,1,12,0.0208,0,0.000e+00,sam,-5.73631,-5.76434,0.02803,-0.00000,2.02244,4.07812,0.01943,-0.00000,2.764,-0.03268,0.21171,0.17903,,GT_ABSENT,
COCO_val2014_000000155671.jpg,155671,probe,spoon,,0.0247,1,12,0.0208,0,0.000e+00,sam,-8.44288,-8.51665,0.07377,-0.01562,3.76559,3.51562,0.45613,-0.03125,7.112,-0.03268,0.21171,0.17903,,GT_ABSENT,
COCO_val2014_000000155671.jpg,155671,probe,boat,,0.0847,1,12,0.0208,0,0.000e+00,sam,-12.27732,-12.55993,0.28261,0.34375,5.57950,3.93750,0.41180,0.34375,24.618,-0.03268,0.21171,0.17903,,GT_ABSENT,
COCO_val2014_000000155671.jpg,155671,probe,sink,,0.1266,1,2,0.0035,0,0.000e+00,sam,-12.41013,-12.24358,-0.16656,0.03125,5.37878,4.04687,-0.11630,0.04688,-18.123,-0.03268,0.21171,0.17903,,GT_ABSENT,
COCO_val2014_000000155671.jpg,155671,probe,frisbee,,0.0433,1,12,0.0208,0,0.000e+00,sam,-3.50153,-3.60411,0.10258,0.04687,1.36593,4.31250,0.08188,0.04688,9.750,-0.03268,0.21171,0.17903,,GT_ABSENT,
COCO_val2014_000000155671.jpg,155671,probe,handbag,,0.1160,1,2,0.0035,0,0.000e+00,sam,-6.64822,-6.63327,-0.01495,0.01563,3.29468,2.03125,-0.00927,0.04688,-1.507,-0.03268,0.21171,0.17903,,GT_ABSENT,
COCO_val2014_000000155671.jpg,155671,probe,toothbrush,,0.0413,1,11,0.0191,0,0.000e+00,sam,-4.06467,-4.06339,-0.00128,0.01563,1.41456,4.04688,0.01268,0.01563,-0.128,-0.03268,0.21171,0.17903,,GT_ABSENT,
COCO_val2014_000000412894.jpg,412894,candidate,traffic light,traffic light,0.7741,1,26,0.0451,0,0.000e+00,sam,-0.87046,-2.41012,1.53966,2.21875,-0.81958,-3.48437,1.51310,2.09375,78.555,-0.24519,0.42859,0.18340,VERIFIED,REAL,TN
COCO_val2014_000000412894.jpg,412894,candidate,clock,clock,0.2147,1,26,0.0451,0,0.000e+00,sam,-5.46868,-4.94913,-0.51955,-0.64062,-2.01382,-2.00000,-0.56066,-0.53125,-68.128,-0.24519,0.42859,0.18340,HALLUCINATED,HALLUCINATED,TP
COCO_val2014_000000412894.jpg,412894,candidate,person,person,0.5662,10,44,0.0764,0,0.000e+00,sam,-6.17180,-6.53949,0.36769,1.17188,2.65892,-0.98437,0.43676,1.17187,30.767,-0.24519,0.42859,0.18340,VERIFIED,REAL,TN
COCO_val2014_000000412894.jpg,412894,candidate,street sign,street sign,0.4165,2,70,0.1215,0,0.000e+00,sam,-2.49775,-3.38733,0.88958,0.70313,2.00293,0.51563,1.14272,0.46875,58.917,-0.24519,0.42859,0.18340,VERIFIED,UNKNOWN,TN
COCO_val2014_000000412894.jpg,412894,candidate,building,building,0.4160,3,431,0.7483,0,0.000e+00,sam,-4.65618,-7.67116,3.01498,3.96875,4.48295,3.01563,0.84709,2.46875,95.095,-0.24519,0.42859,0.18340,VERIFIED,UNKNOWN,TN
COCO_val2014_000000412894.jpg,412894,candidate,traffic,traffic,0.3304,1,26,0.0451,0,0.000e+00,sam,-1.60930,-4.41006,2.80076,1.03125,-1.66226,-0.14062,2.84744,1.06250,93.924,-0.24519,0.42859,0.18340,VERIFIED,UNKNOWN,TN
COCO_val2014_000000412894.jpg,412894,probe,spoon,,0.0585,1,26,0.0451,0,0.000e+00,sam,-8.24836,-7.36902,-0.87933,-0.03125,2.00945,1.28125,-0.72190,-0.03125,-140.929,-0.24519,0.42859,0.18340,,GT_ABSENT,
COCO_val2014_000000412894.jpg,412894,probe,bird,,0.0986,1,10,0.0174,0,0.000e+00,sam,-9.33587,-9.23057,-0.10530,0.15625,4.37413,-1.56250,-0.10600,0.23438,-11.104,-0.24519,0.42859,0.18340,,GT_ABSENT,
COCO_val2014_000000412894.jpg,412894,probe,tennis racket,,0.0258,1,26,0.0451,0,0.000e+00,sam,-4.79920,-4.41258,-0.38662,-0.10938,0.52647,1.85938,-0.33160,-0.06250,-47.199,-0.24519,0.42859,0.18340,,GT_ABSENT,
COCO_val2014_000000412894.jpg,412894,probe,dining table,,0.1482,1,0,0.0000,1,0.000e+00,sam,-4.23151,-4.23151,0.00000,0.00000,,,,,0.000,-0.24519,0.42859,0.18340,,GT_ABSENT,
COCO_val2014_000000412894.jpg,412894,probe,car,,0.0854,1,26,0.0451,0,0.000e+00,sam,-9.10149,-9.51944,0.41795,-0.31250,4.78305,2.85937,0.62135,-0.37500,34.160,-0.24519,0.42859,0.18340,,GT_ABSENT,
COCO_val2014_000000412894.jpg,412894,probe,toilet,,0.1414,1,26,0.0451,0,0.000e+00,sam,-5.24703,-4.72174,-0.52528,-0.09375,1.18551,1.53125,-0.53190,-0.17188,-69.094,-0.24519,0.42859,0.18340,,GT_ABSENT,
COCO_val2014_000000412894.jpg,412894,probe,hot dog,,0.0317,1,36,0.0625,0,0.000e+00,sam,-5.76920,-6.12246,0.35326,-0.07812,0.90029,2.26563,0.40820,0.07813,29.760,-0.24519,0.42859,0.18340,,GT_ABSENT,
COCO_val2014_000000412894.jpg,412894,probe,kite,,0.0632,1,26,0.0451,0,0.000e+00,sam,-5.90973,-5.59246,-0.31728,-0.18750,0.95110,1.39062,-0.21085,-0.18750,-37.338,-0.24519,0.42859,0.18340,,GT_ABSENT,
COCO_val2014_000000412894.jpg,412894,probe,bottle,,0.1393,1,1,0.0017,0,0.000e+00,sam,-6.30971,-6.32134,0.01163,-0.01562,2.51358,1.81250,-0.00374,-0.03125,1.156,-0.24519,0.42859,0.18340,,GT_ABSENT,
COCO_val2014_000000412894.jpg,412894,probe,bed,,0.0638,1,26,0.0451,0,0.000e+00,sam,-13.39837,-12.84756,-0.55080,-0.06250,5.07602,3.32812,-0.56750,-0.04688,-73.465,-0.24519,0.42859,0.18340,,GT_ABSENT,
COCO_val2014_000000412894.jpg,412894,probe,mouse,,0.0562,1,26,0.0451,0,0.000e+00,sam,-14.33587,-13.79678,-0.53908,-0.25000,4.33383,2.85937,-0.58668,-0.25000,-71.444,-0.24519,0.42859,0.18340,,GT_ABSENT,
COCO_val2014_000000412894.jpg,412894,probe,cat,,0.1043,1,26,0.0451,0,0.000e+00,sam,-13.08196,-12.10928,-0.97268,-0.09375,4.88462,2.09375,-1.09830,-0.10937,-164.502,-0.24519,0.42859,0.18340,,GT_ABSENT,
COCO_val2014_000000412894.jpg,412894,probe,bear,,0.0944,1,26,0.0451,0,0.000e+00,sam,-13.75774,-12.76553,-0.99221,-1.73437,4.61899,1.37500,-1.06538,-1.75000,-169.719,-0.24519,0.42859,0.18340,,GT_ABSENT,
COCO_val2014_000000412894.jpg,412894,probe,wine glass,,0.0511,1,25,0.0434,0,0.000e+00,sam,-6.73661,-6.25217,-0.48444,0.01562,1.37362,2.32813,-0.49558,0.01563,-62.326,-0.24519,0.42859,0.18340,,GT_ABSENT,
COCO_val2014_000000412894.jpg,412894,probe,carrot,,0.1262,1,7,0.0122,0,0.000e+00,sam,-9.41280,-9.45539,0.04258,-0.03125,4.79693,1.17187,-0.02496,0.00000,4.169,-0.24519,0.42859,0.18340,,GT_ABSENT,
COCO_val2014_000000412894.jpg,412894,probe,toothbrush,,0.0447,1,36,0.0625,0,0.000e+00,sam,-3.99295,-4.20077,0.20782,0.17187,1.32059,2.79688,0.18681,0.18750,18.765,-0.24519,0.42859,0.18340,,GT_ABSENT,
COCO_val2014_000000412894.jpg,412894,probe,sports ball,,0.0309,1,26,0.0451,0,0.000e+00,sam,-6.84081,-6.42782,-0.41299,-0.31250,2.39278,1.90625,-0.33047,-0.26563,-51.133,-0.24519,0.42859,0.18340,,GT_ABSENT,
COCO_val2014_000000412894.jpg,412894,probe,donut,,0.0892,1,26,0.0451,0,0.000e+00,sam,-6.49415,-6.40667,-0.08747,0.06250,1.74158,1.45313,-0.01402,0.04688,-9.141,-0.24519,0.42859,0.18340,,GT_ABSENT,
COCO_val2014_000000412894.jpg,412894,probe,remote,,0.0827,1,26,0.0451,0,0.000e+00,sam,-14.05071,-14.36709,0.31638,0.32812,4.93930,1.17187,0.33088,0.25000,27.122,-0.24519,0.42859,0.18340,,GT_ABSENT,
COCO_val2014_000000412894.jpg,412894,probe,laptop,,0.1438,1,0,0.0000,1,0.000e+00,sam,-12.13665,-12.13665,0.00000,0.00000,,,,,0.000,-0.24519,0.42859,0.18340,,GT_ABSENT,
COCO_val2014_000000032625.jpg,32625,candidate,dining table,table,0.7351,1,311,0.5399,0,0.000e+00,sam,-0.69099,-0.86164,0.17066,4.37500,0.11940,5.10938,0.04966,3.46875,15.689,0.05051,0.22983,0.28034,HALLUCINATED,REAL,FP
COCO_val2014_000000032625.jpg,32625,candidate,bowl,bowl,0.7039,1,49,0.0851,0,0.000e+00,sam,-1.68675,-3.43116,1.74441,3.00000,2.52357,1.73437,1.74277,2.87500,82.525,0.05051,0.22983,0.28034,VERIFIED,REAL,TN
COCO_val2014_000000032625.jpg,32625,candidate,fork,fork,0.5879,1,18,0.0312,0,0.000e+00,sam,-4.02954,-7.33518,3.30564,6.28125,-0.14450,1.54687,3.02971,6.17187,96.332,0.05051,0.22983,0.28034,VERIFIED,REAL,TN
COCO_val2014_000000032625.jpg,32625,candidate,spoon,spoon,0.4338,1,18,0.0312,0,0.000e+00,sam,-3.28316,-3.58799,0.30482,1.15625,-0.53467,-1.14063,0.18089,1.17187,26.275,0.05051,0.22983,0.28034,VERIFIED,HALLUCINATED,FN
COCO_val2014_000000032625.jpg,32625,candidate,book,book,0.3152,10,63,0.1094,0,0.000e+00,sam,-8.02954,-10.59227,2.56274,-0.23437,8.59477,0.59375,2.88092,0.03125,92.291,0.05051,0.22983,0.28034,VERIFIED,REAL,TN
COCO_val2014_000000032625.jpg,32625,candidate,cup,cup,0.5765,1,45,0.0781,0,0.000e+00,sam,-3.87329,-4.30485,0.43156,-2.20313,-0.95573,-1.89063,0.19504,-2.35938,35.051,0.05051,0.22983,0.28034,VERIFIED,REAL,TN
COCO_val2014_000000032625.jpg,32625,candidate,restaurant,restaurant,0.5951,1,393,0.6823,0,0.000e+00,sam,-6.93579,-8.05680,1.12101,-0.39062,0.98860,-0.60938,0.00000,0.00000,67.405,0.05051,0.22983,0.28034,VERIFIED,UNKNOWN,TN
COCO_val2014_000000032625.jpg,32625,candidate,soda,soda,0.6891,1,45,0.0781,0,0.000e+00,sam,-3.78918,-5.95083,2.16165,4.31250,0.65734,3.53125,2.10369,4.29687,88.486,0.05051,0.22983,0.28034,VERIFIED,UNKNOWN,TN
COCO_val2014_000000032625.jpg,32625,candidate,soup,soup,0.4774,3,98,0.1701,0,0.000e+00,sam,-6.81079,-8.96960,2.15882,3.09375,3.87708,0.09375,2.16385,2.96875,88.454,0.05051,0.22983,0.28034,VERIFIED,UNKNOWN,TN
COCO_val2014_000000032625.jpg,32625,probe,motorcycle,,0.0340,1,49,0.0851,0,0.000e+00,sam,-6.11164,-6.20976,0.09812,-0.03125,-0.08129,1.70312,0.10817,-0.07813,9.346,0.05051,0.22983,0.28034,,GT_ABSENT,
COCO_val2014_000000032625.jpg,32625,probe,suitcase,,0.0348,1,71,0.1233,0,0.000e+00,sam,-5.68437,-5.72577,0.04140,0.28125,0.38034,2.68750,0.05421,0.25000,4.056,0.05051,0.22983,0.28034,,GT_ABSENT,
COCO_val2014_000000032625.jpg,32625,probe,zebra,,0.0843,1,49,0.0851,0,0.000e+00,sam,-5.15781,-5.09053,-0.06728,-0.21875,0.36171,0.81250,-0.08201,-0.17187,-6.959,0.05051,0.22983,0.28034,,GT_ABSENT,
COCO_val2014_000000032625.jpg,32625,probe,cow,,0.0845,1,49,0.0851,0,0.000e+00,sam,-10.40454,-10.49498,0.09044,-0.09375,-0.95284,1.50000,-0.05075,-0.07813,8.647,0.05051,0.22983,0.28034,,GT_ABSENT,
COCO_val2014_000000032625.jpg,32625,probe,knife,,0.1048,1,5,0.0087,0,0.000e+00,sam,-4.00522,-3.99523,-0.00999,0.04688,0.13431,-1.10937,-0.10824,0.10938,-1.004,0.05051,0.22983,0.28034,,GT_ABSENT,
COCO_val2014_000000032625.jpg,32625,probe,baseball bat,,0.0242,1,45,0.0781,0,0.000e+00,sam,-7.12660,-7.49273,0.36613,0.00000,-0.13101,3.51563,0.40109,-0.04687,30.659,0.05051,0.22983,0.28034,,GT_ABSENT,
COCO_val2014_000000032625.jpg,32625,probe,vase,,0.1269,1,45,0.0781,0,0.000e+00,sam,-3.50756,-3.45870,-0.04886,-0.12500,0.37800,1.09375,-0.14740,-0.56250,-5.007,0.05051,0.22983,0.28034,,GT_ABSENT,
COCO_val2014_000000032625.jpg,32625,probe,hair drier,,0.0390,1,45,0.0781,0,0.000e+00,sam,-5.18395,-4.97182,-0.21214,-0.37500,-0.53525,0.68750,-0.32603,-0.46875,-23.632,0.05051,0.22983,0.28034,,GT_ABSENT,
COCO_val2014_000000032625.jpg,32625,probe,broccoli,,0.1399,1,32,0.0556,0,0.000e+00,sam,-3.81914,-3.81728,-0.00186,1.10938,0.23258,1.09375,0.01694,1.04687,-0.186,0.05051,0.22983,0.28034,,GT_ABSENT,
COCO_val2014_000000032625.jpg,32625,probe,boat,,0.0622,1,49,0.0851,0,0.000e+00,sam,-13.14282,-13.55748,0.41466,0.40625,3.69169,2.18750,0.39513,0.39062,33.943,0.05051,0.22983,0.28034,,GT_ABSENT,
COCO_val2014_000000032625.jpg,32625,probe,car,,0.0692,1,49,0.0851,0,0.000e+00,sam,-9.47485,-9.54185,0.06700,-0.26562,0.36747,1.87500,0.11736,-0.25000,6.481,0.05051,0.22983,0.28034,,GT_ABSENT,
COCO_val2014_000000032625.jpg,32625,probe,handbag,,0.0900,1,49,0.0851,0,0.000e+00,sam,-6.25877,-6.06143,-0.19734,-0.21875,-0.30914,0.28125,-0.17190,-0.26562,-21.816,0.05051,0.22983,0.28034,,GT_ABSENT,
COCO_val2014_000000032625.jpg,32625,probe,bus,,0.0854,1,71,0.1233,0,0.000e+00,sam,-13.45141,-13.75366,0.30225,0.37500,3.19853,3.75000,0.67634,0.39063,26.085,0.05051,0.22983,0.28034,,GT_ABSENT,
COCO_val2014_000000032625.jpg,32625,probe,scissors,,0.0461,1,45,0.0781,0,0.000e+00,sam,-6.61301,-6.07589,-0.53712,0.03125,0.53330,2.60938,-0.59055,0.01563,-71.107,0.05051,0.22983,0.28034,,GT_ABSENT,
COCO_val2014_000000032625.jpg,32625,probe,mouse,,0.0887,1,49,0.0851,0,0.000e+00,sam,-12.79125,-13.24107,0.44981,0.10937,1.28153,1.89062,0.27601,0.07812,36.225,0.05051,0.22983,0.28034,,GT_ABSENT,
COCO_val2014_000000032625.jpg,32625,probe,potted plant,,0.1201,1,49,0.0851,0,0.000e+00,sam,-3.61685,-3.73599,0.11914,-0.98437,1.03273,-0.85937,0.20714,-0.84375,11.231,0.05051,0.22983,0.28034,,GT_ABSENT,
COCO_val2014_000000032625.jpg,32625,probe,dog,,0.0454,1,49,0.0851,0,0.000e+00,sam,-11.68579,-11.71373,0.02794,-0.09375,0.65653,1.20313,0.20475,-0.06250,2.755,0.05051,0.22983,0.28034,,GT_ABSENT,
COCO_val2014_000000032625.jpg,32625,probe,tie,,0.0742,1,45,0.0781,0,0.000e+00,sam,-12.27172,-12.32047,0.04875,-0.18750,0.76302,1.56250,-0.15626,-0.10938,4.758,0.05051,0.22983,0.28034,,GT_ABSENT,
COCO_val2014_000000032625.jpg,32625,probe,sheep,,0.0644,1,49,0.0851,0,0.000e+00,sam,-14.52172,-14.67857,0.15685,-0.09375,1.29521,2.45312,0.03285,-0.12500,14.516,0.05051,0.22983,0.28034,,GT_ABSENT,
COCO_val2014_000000032625.jpg,32625,probe,couch,,0.1475,1,311,0.5399,0,0.000e+00,sam,-5.31044,-5.21280,-0.09765,-0.31250,-1.17442,-0.23437,-0.22204,-0.62500,-10.257,0.05051,0.22983,0.28034,,GT_ABSENT,
COCO_val2014_000000018688.jpg,18688,candidate,person,player,0.6656,5,237,0.4115,0,0.000e+00,sam,-5.12573,-8.02003,2.89431,7.23437,1.72382,7.00000,-0.51222,2.00000,94.466,-0.03811,0.14858,0.11047,VERIFIED,REAL,TN
COCO_val2014_000000018688.jpg,18688,candidate,baseball player,baseball player,0.6185,1,36,0.0625,0,0.000e+00,sam,-1.07568,-0.83711,-0.23857,-0.09375,-2.14215,-3.76563,-0.23594,-0.00000,-26.944,-0.03811,0.14858,0.11047,HALLUCINATED,UNKNOWN,TN
COCO_val2014_000000018688.jpg,18688,candidate,catcher,catcher,0.9425,1,23,0.0399,0,0.000e+00,sam,-3.55239,-3.67930,0.12691,1.65625,-3.61425,-1.50000,0.09261,1.68750,11.919,-0.03811,0.14858,0.11047,VERIFIED,UNKNOWN,TN
COCO_val2014_000000018688.jpg,18688,candidate,crowd,crowd,0.5904,1,153,0.2656,0,0.000e+00,sam,-6.30542,-7.98685,1.68143,6.15625,4.85387,6.31250,1.52721,6.42188,81.389,-0.03811,0.14858,0.11047,VERIFIED,UNKNOWN,TN
COCO_val2014_000000018688.jpg,18688,candidate,field,field,0.5079,1,278,0.4826,0,0.000e+00,sam,-4.65698,-4.99764,0.34067,-0.15625,0.67744,0.79687,0.17742,-0.43750,28.870,-0.03811,0.14858,0.11047,VERIFIED,UNKNOWN,TN
COCO_val2014_000000018688.jpg,18688,candidate,pitch,pitch,0.3542,1,36,0.0625,0,0.000e+00,sam,-3.83666,-4.20337,0.36670,0.20312,-2.48344,-1.10938,0.23513,0.23438,30.698,-0.03811,0.14858,0.11047,VERIFIED,UNKNOWN,TN
COCO_val2014_000000018688.jpg,18688,candidate,plate,plate,0.0746,1,36,0.0625,0,0.000e+00,sam,-9.64917,-9.40649,-0.24267,-0.10937,-1.56157,-0.17187,-0.42202,0.00000,-27.465,-0.03811,0.14858,0.11047,HALLUCINATED,UNKNOWN,TN
COCO_val2014_000000018688.jpg,18688,candidate,swing,swing,0.0434,1,23,0.0399,0,0.000e+00,sam,-11.11792,-11.36233,0.24441,-0.28125,-1.55743,-0.67187,0.17808,-0.28125,21.684,-0.03811,0.14858,0.11047,VERIFIED,UNKNOWN,TN
COCO_val2014_000000018688.jpg,18688,candidate,game,game,0.2936,2,490,0.8507,0,0.000e+00,sam,-6.74292,-8.03519,1.29228,4.00000,1.31225,4.00000,0.00000,0.00000,72.536,-0.03811,0.14858,0.11047,VERIFIED,UNKNOWN,TN
COCO_val2014_000000018688.jpg,18688,candidate,bat,bat,0.2323,1,20,0.0347,0,0.000e+00,sam,-7.92260,-9.96556,2.04296,3.46875,-0.40842,1.43750,1.89631,3.37500,87.036,-0.03811,0.14858,0.11047,VERIFIED,UNKNOWN,TN
COCO_val2014_000000018688.jpg,18688,probe,wine glass,,0.0407,1,36,0.0625,0,0.000e+00,sam,-8.63451,-8.69089,0.05639,-0.01562,2.58481,1.92188,0.12306,-0.07812,5.483,-0.03811,0.14858,0.11047,,GT_ABSENT,
COCO_val2014_000000018688.jpg,18688,probe,dining table,,0.1148,1,36,0.0625,0,0.000e+00,sam,-4.66454,-4.84903,0.18449,0.01562,1.90904,1.57812,0.20966,0.09375,16.847,-0.03811,0.14858,0.11047,,GT_ABSENT,
COCO_val2014_000000018688.jpg,18688,probe,kite,,0.0960,1,23,0.0399,0,0.000e+00,sam,-6.84873,-6.85452,0.00579,0.01562,2.04480,4.28125,-0.01438,-0.00000,0.578,-0.03811,0.14858,0.11047,,GT_ABSENT,
COCO_val2014_000000018688.jpg,18688,probe,spoon,,0.1136,1,36,0.0625,0,0.000e+00,sam,-9.63877,-9.63102,-0.00775,-0.03125,2.83142,1.39063,-0.27886,-0.03125,-0.778,-0.03811,0.14858,0.11047,,GT_ABSENT,
COCO_val2014_000000018688.jpg,18688,probe,toilet,,0.1288,1,23,0.0399,0,0.000e+00,sam,-6.01279,-5.76758,-0.24520,0.01563,1.84539,3.48438,-0.29563,0.03125,-27.788,-0.03811,0.14858,0.11047,,GT_ABSENT,
COCO_val2014_000000018688.jpg,18688,probe,toothbrush,,0.0609,1,20,0.0347,0,0.000e+00,sam,-4.18358,-4.26827,0.08469,0.06250,1.62070,3.76563,0.12113,0.06250,8.120,-0.03811,0.14858,0.11047,,GT_ABSENT,
COCO_val2014_000000018688.jpg,18688,probe,apple,,0.1250,1,36,0.0625,0,0.000e+00,sam,-18.96850,-18.64478,-0.32372,0.01562,4.44820,2.89063,-0.34726,-0.00000,-38.227,-0.03811,0.14858,0.11047,,GT_ABSENT,
COCO_val2014_000000018688.jpg,18688,probe,laptop,,0.1011,1,36,0.0625,0,0.000e+00,sam,-12.50463,-12.69556,0.19092,-0.20312,1.66890,1.76563,-0.02219,-0.26562,17.380,-0.03811,0.14858,0.11047,,GT_ABSENT,
COCO_val2014_000000018688.jpg,18688,probe,potted plant,,0.0705,1,17,0.0295,0,0.000e+00,sam,-5.27884,-5.28677,0.00793,-0.01563,3.07111,3.51563,-0.02598,0.04687,0.790,-0.03811,0.14858,0.11047,,GT_ABSENT,
COCO_val2014_000000018688.jpg,18688,probe,surfboard,,0.0417,1,36,0.0625,0,0.000e+00,sam,-5.61122,-5.50854,-0.10268,-0.04688,1.52463,1.54687,0.01051,-0.04688,-10.814,-0.03811,0.14858,0.11047,,GT_ABSENT,
COCO_val2014_000000018688.jpg,18688,probe,parking meter,,0.0514,1,36,0.0625,0,0.000e+00,sam,-5.43928,-5.47965,0.04037,0.03125,0.87439,1.70312,0.05694,0.09375,3.957,-0.03811,0.14858,0.11047,,GT_ABSENT,
COCO_val2014_000000018688.jpg,18688,probe,banana,,0.1289,1,36,0.0625,0,0.000e+00,sam,-8.41067,-8.49924,0.08857,-0.12500,2.51615,1.10937,0.15230,-0.07813,8.476,-0.03811,0.14858,0.11047,,GT_ABSENT,
COCO_val2014_000000018688.jpg,18688,probe,hair drier,,0.0419,1,23,0.0399,0,0.000e+00,sam,-7.32614,-7.02888,-0.29726,-0.03125,2.16131,3.59375,-0.19783,-0.06250,-34.616,-0.03811,0.14858,0.11047,,GT_ABSENT,
COCO_val2014_000000018688.jpg,18688,probe,,,0.0456,1,23,0.0399,0,0.000e+00,sam,-10.17260,-10.12795,-0.04465,-0.01562,3.71210,0.06250,0.03618,0.03125,-4.566,-0.03811,0.14858,0.11047,,GT_ABSENT,
COCO_val2014_000000018688.jpg,18688,probe,stop sign,,0.1283,1,10,0.0174,0,0.000e+00,sam,-6.09673,-6.14452,0.04779,0.04688,2.38622,3.14063,0.01496,0.06250,4.667,-0.03811,0.14858,0.11047,,GT_ABSENT,
COCO_val2014_000000018688.jpg,18688,probe,microwave,,0.0651,1,23,0.0399,0,0.000e+00,sam,-4.47970,-4.39690,-0.08281,-0.00000,1.00591,2.85938,-0.10351,-0.04687,-8.633,-0.03811,0.14858,0.11047,,GT_ABSENT,
COCO_val2014_000000018688.jpg,18688,probe,sports ball,,0.1024,1,2,0.0035,0,0.000e+00,sam,-3.05506,-3.01505,-0.04001,0.10937,-1.32719,1.39063,-0.06460,0.10937,-4.082,-0.03811,0.14858,0.11047,,GT_PRESENT,
COCO_val2014_000000018688.jpg,18688,probe,motorcycle,,0.1260,1,23,0.0399,0,0.000e+00,sam,-6.26433,-6.13325,-0.13109,0.07812,1.04756,3.43750,-0.15739,0.09375,-14.007,-0.03811,0.14858,0.11047,,GT_ABSENT,
COCO_val2014_000000018688.jpg,18688,probe,car,,0.0996,1,23,0.0399,0,0.000e+00,sam,-10.87573,-10.62795,-0.24777,-0.06250,5.14960,4.39063,-0.30565,-0.09375,-28.117,-0.03811,0.14858,0.11047,,GT_ABSENT,
COCO_val2014_000000018688.jpg,18688,probe,vase,,0.0492,1,36,0.0625,0,0.000e+00,sam,-7.40844,-7.46223,0.05379,0.03125,3.49819,1.84375,0.08858,0.01563,5.237,-0.03811,0.14858,0.11047,,GT_ABSENT,
COCO_val2014_000000343534.jpg,343534,candidate,teddy bear,teddy bear,0.7583,2,107,0.1858,0,0.000e+00,sam,-1.44165,-1.81739,0.37574,4.17188,0.69612,2.90625,0.38373,3.92188,31.322,-0.40830,0.92382,0.51552,HALLUCINATED,REAL,FP
COCO_val2014_000000343534.jpg,343534,candidate,chair,chair,0.7755,1,47,0.0816,0,0.000e+00,sam,-7.72799,-9.00822,1.28023,2.43750,1.87715,0.07812,1.48785,2.28125,72.203,-0.40830,0.92382,0.51552,VERIFIED,REAL,TN
COCO_val2014_000000343534.jpg,343534,candidate,sweater,sweater,0.6343,1,176,0.3056,0,0.000e+00,sam,-5.39240,-6.44891,1.05651,2.82813,1.84318,1.78125,1.15969,2.48438,65.233,-0.40830,0.92382,0.51552,VERIFIED,UNKNOWN,TN
COCO_val2014_000000343534.jpg,343534,candidate,black,black,0.7184,1,176,0.3056,0,0.000e+00,sam,-8.00924,-7.61786,-0.39138,1.98438,2.27858,2.51562,-0.38961,2.12500,-47.902,-0.40830,0.92382,0.51552,HALLUCINATED,UNKNOWN,TN
COCO_val2014_000000343534.jpg,343534,candidate,teddy,teddy,0.5930,2,107,0.1858,0,0.000e+00,sam,-2.16091,-2.71750,0.55659,2.98437,1.03594,2.39063,0.56822,2.71875,42.684,-0.40830,0.92382,0.51552,VERIFIED,UNKNOWN,TN
COCO_val2014_000000343534.jpg,343534,candidate,bear,bear,0.3948,3,273,0.4740,0,0.000e+00,sam,-8.68893,-10.34164,1.65272,4.09375,2.11485,3.67188,3.54882,2.15625,80.847,-0.40830,0.92382,0.51552,VERIFIED,UNKNOWN,TN
COCO_val2014_000000343534.jpg,343534,candidate,doll,doll,0.9262,1,176,0.3056,0,0.000e+00,sam,-0.50924,-2.93817,2.42893,2.18750,1.88795,2.28125,2.35258,2.23438,91.187,-0.40830,0.92382,0.51552,VERIFIED,UNKNOWN,TN
COCO_val2014_000000343534.jpg,343534,candidate,pink,pink,0.7824,1,176,0.3056,0,0.000e+00,sam,-2.66882,-2.86494,0.19611,3.82812,0.55902,3.32812,0.05913,3.07813,17.808,-0.40830,0.92382,0.51552,HALLUCINATED,UNKNOWN,TN
COCO_val2014_000000343534.jpg,343534,probe,sports ball,,0.1465,1,56,0.0972,0,0.000e+00,sam,-6.88234,-6.81791,-0.06442,0.09375,0.99207,0.89063,0.04887,0.18750,-6.654,-0.40830,0.92382,0.51552,,GT_ABSENT,
COCO_val2014_000000343534.jpg,343534,probe,cell phone,,0.1927,1,176,0.3056,0,0.000e+00,sam,-5.20581,-4.96507,-0.24074,0.25000,0.36320,-0.31250,-0.29237,0.14062,-27.219,-0.40830,0.92382,0.51552,,GT_ABSENT,
COCO_val2014_000000343534.jpg,343534,probe,baseball bat,,0.2042,1,176,0.3056,0,0.000e+00,sam,-7.62449,-6.28201,-1.34248,-2.07813,-0.75963,-2.34375,-1.13795,-2.09375,-282.853,-0.40830,0.92382,0.51552,,GT_ABSENT,
COCO_val2014_000000343534.jpg,343534,probe,parking meter,,0.1140,1,176,0.3056,0,0.000e+00,sam,-6.78383,-5.83286,-0.95097,0.01562,0.88948,0.29687,-0.24306,-0.00000,-158.821,-0.40830,0.92382,0.51552,,GT_ABSENT,
COCO_val2014_000000343534.jpg,343534,probe,motorcycle,,0.2032,1,177,0.3073,0,0.000e+00,sam,-7.02830,-6.51435,-0.51395,-0.14062,0.10061,-0.09375,-0.48313,-0.14062,-67.188,-0.40830,0.92382,0.51552,,GT_ABSENT,
COCO_val2014_000000343534.jpg,343534,probe,microwave,,0.1352,1,62,0.1076,0,0.000e+00,sam,-4.28157,-4.24018,-0.04139,-0.06250,1.24607,0.57813,-0.06328,-0.25000,-4.225,-0.40830,0.92382,0.51552,,GT_ABSENT,
COCO_val2014_000000343534.jpg,343534,probe,stop sign,,0.1056,1,176,0.3056,0,0.000e+00,sam,-6.93728,-6.90734,-0.02994,0.12500,2.47141,-0.12500,0.35311,-0.06250,-3.039,-0.40830,0.92382,0.51552,,GT_ABSENT,
COCO_val2014_000000343534.jpg,343534,probe,wine glass,,0.2113,1,176,0.3056,0,0.000e+00,sam,-6.79647,-5.99228,-0.80419,-0.35937,-0.12615,-0.78125,-0.91686,-0.20312,-123.489,-0.40830,0.92382,0.51552,,GT_ABSENT,
COCO_val2014_000000343534.jpg,343534,probe,bottle,,0.2201,1,4,0.0069,0,0.000e+00,sam,-6.47828,-6.50105,0.02277,-0.00000,2.70616,3.03125,0.03250,0.00000,2.251,-0.40830,0.92382,0.51552,,GT_ABSENT,
COCO_val2014_000000343534.jpg,343534,probe,hot dog,,0.2233,1,176,0.3056,0,0.000e+00,sam,-6.95172,-5.75466,-1.19706,-0.23437,-0.91932,-0.90625,-1.35913,-0.51562,-231.038,-0.40830,0.92382,0.51552,,GT_ABSENT,
COCO_val2014_000000343534.jpg,343534,probe,oven,,0.1720,1,176,0.3056,0,0.000e+00,sam,-9.14856,-8.75226,-0.39630,-0.18750,-0.49585,-0.23438,-0.72356,-0.12500,-48.632,-0.40830,0.92382,0.51552,,GT_ABSENT,
COCO_val2014_000000343534.jpg,343534,probe,keyboard,,0.1893,1,53,0.0920,0,0.000e+00,sam,-12.04049,-12.12859,0.08810,0.01562,4.27770,2.85938,0.14304,0.12500,8.433,-0.40830,0.92382,0.51552,,GT_ABSENT,
COCO_val2014_000000343534.jpg,343534,probe,tv,,0.1577,1,176,0.3056,0,0.000e+00,sam,-14.83932,-13.55536,-1.28396,0.79688,-0.71361,1.18750,-1.43453,0.90625,-261.090,-0.40830,0.92382,0.51552,,GT_ABSENT,
COCO_val2014_000000343534.jpg,343534,probe,sink,,0.1862,1,51,0.0885,0,0.000e+00,sam,-14.17721,-14.24108,0.06387,0.03125,7.12309,3.07812,0.32616,0.28125,6.187,-0.40830,0.92382,0.51552,,GT_ABSENT,
COCO_val2014_000000343534.jpg,343534,probe,toaster,,0.1347,1,55,0.0955,0,0.000e+00,sam,-7.24225,-7.21113,-0.03113,-0.12500,2.54798,1.17187,-0.02718,0.15625,-3.162,-0.40830,0.92382,0.51552,,GT_ABSENT,
COCO_val2014_000000343534.jpg,343534,probe,cup,,0.1676,1,176,0.3056,0,0.000e+00,sam,-10.81783,-8.82099,-1.99685,-0.98437,-0.78392,-2.01562,-2.13961,-1.01562,-636.580,-0.40830,0.92382,0.51552,,GT_ABSENT,
COCO_val2014_000000343534.jpg,343534,probe,bowl,,0.2127,1,6,0.0104,0,0.000e+00,sam,-6.59891,-6.58098,-0.01793,0.09375,3.39133,1.48438,-0.00928,0.10938,-1.809,-0.40830,0.92382,0.51552,,GT_ABSENT,
COCO_val2014_000000343534.jpg,343534,probe,,,0.0448,1,176,0.3056,0,0.000e+00,sam,-8.09518,-10.20771,2.11253,0.10938,2.08717,-0.04688,1.95023,0.14062,87.907,-0.40830,0.92382,0.51552,,GT_ABSENT,
COCO_val2014_000000343534.jpg,343534,probe,traffic light,,0.1807,1,176,0.3056,0,0.000e+00,sam,-7.33128,-7.78018,0.44890,0.09375,0.87248,0.01563,0.49462,0.07813,36.167,-0.40830,0.92382,0.51552,,GT_ABSENT,
COCO_val2014_000000343534.jpg,343534,probe,hair drier,,0.1183,1,176,0.3056,0,0.000e+00,sam,-8.10926,-6.11841,-1.99085,0.20313,-0.11665,-0.20313,-1.75043,0.12500,-632.172,-0.40830,0.92382,0.51552,,GT_ABSENT,
COCO_val2014_000000370657.jpg,370657,candidate,person,person,0.5666,6,272,0.4722,0,0.000e+00,sam,-4.18555,-8.57666,4.39111,3.68750,4.40334,3.67188,5.09909,3.40625,98.761,-0.17963,0.24013,0.06049,VERIFIED,REAL,TN
COCO_val2014_000000370657.jpg,370657,candidate,motorcycle,motorcycle,0.6419,2,135,0.2344,0,0.000e+00,sam,-0.49735,-0.47318,-0.02417,0.51562,-0.94496,1.42188,-0.02988,0.42187,-2.447,-0.17963,0.24013,0.06049,HALLUCINATED,REAL,FP
COCO_val2014_000000370657.jpg,370657,candidate,helmet,helmet,0.4176,7,57,0.0990,0,0.000e+00,sam,-3.48480,-4.01633,0.53153,3.85938,-0.55078,2.21875,0.58839,3.71875,41.229,-0.17963,0.24013,0.06049,VERIFIED,UNKNOWN,TN
COCO_val2014_000000370657.jpg,370657,candidate,child,child,0.4978,1,28,0.0486,0,0.000e+00,sam,-7.60743,-10.60462,2.99719,3.56250,2.56059,-0.54688,3.18886,3.57812,95.007,-0.17963,0.24013,0.06049,VERIFIED,UNKNOWN,TN
COCO_val2014_000000370657.jpg,370657,candidate,woman,woman,0.7304,1,36,0.0625,0,0.000e+00,sam,-5.00586,-4.81707,-0.18879,-0.07812,-0.59183,-3.78125,-0.23138,-0.01563,-20.779,-0.17963,0.24013,0.06049,HALLUCINATED,UNKNOWN,TN
COCO_val2014_000000370657.jpg,370657,probe,traffic light,,0.1025,1,112,0.1944,0,0.000e+00,sam,-5.96637,-5.69381,-0.27256,0.18750,-1.99367,-2.07812,-0.32807,-1.67188,-31.332,-0.17963,0.24013,0.06049,,GT_ABSENT,
COCO_val2014_000000370657.jpg,370657,probe,toaster,,0.0872,1,112,0.1944,0,0.000e+00,sam,-9.31405,-8.96325,-0.35080,0.06250,-0.42993,-0.76562,-0.19786,0.17188,-42.020,-0.17963,0.24013,0.06049,,GT_ABSENT,
COCO_val2014_000000370657.jpg,370657,probe,sink,,0.1425,1,111,0.1927,0,0.000e+00,sam,-12.42774,-12.90527,0.47753,0.10937,-1.08177,-0.29687,0.77096,0.12500,37.969,-0.17963,0.24013,0.06049,,GT_ABSENT,
COCO_val2014_000000370657.jpg,370657,probe,surfboard,,0.0899,1,112,0.1944,0,0.000e+00,sam,-4.93184,-4.71866,-0.21318,-0.03125,-0.44534,-0.56250,-0.18010,-0.37500,-23.760,-0.17963,0.24013,0.06049,,GT_ABSENT,
COCO_val2014_000000370657.jpg,370657,probe,parking meter,,0.1409,1,116,0.2014,0,0.000e+00,sam,-4.59774,-4.23455,-0.36319,-0.21875,-0.84804,0.26562,-0.62295,-0.34375,-43.790,-0.17963,0.24013,0.06049,,GT_ABSENT,
COCO_val2014_000000370657.jpg,370657,probe,skateboard,,0.1250,1,113,0.1962,0,0.000e+00,sam,-3.66245,-3.69424,0.03179,0.14062,-1.10637,0.03125,0.04460,-0.09375,3.129,-0.17963,0.24013,0.06049,,GT_ABSENT,
COCO_val2014_000000370657.jpg,370657,probe,sports ball,,0.1365,1,12,0.0208,0,0.000e+00,sam,-7.42509,-7.49218,0.06710,0.34375,3.33764,3.20312,0.05091,0.40625,6.489,-0.17963,0.24013,0.06049,,GT_ABSENT,
COCO_val2014_000000370657.jpg,370657,probe,giraffe,,0.1091,1,116,0.2014,0,0.000e+00,sam,-5.30613,-5.15363,-0.15250,-0.01562,0.29003,-0.29687,-0.04476,-0.20312,-16.474,-0.17963,0.24013,0.06049,,GT_ABSENT,
COCO_val2014_000000370657.jpg,370657,probe,toothbrush,,0.0973,1,114,0.1979,0,0.000e+00,sam,-4.39870,-4.16084,-0.23786,-0.04688,0.05301,-1.35938,-0.11996,-0.37500,-26.853,-0.17963,0.24013,0.06049,,GT_ABSENT,
COCO_val2014_000000370657.jpg,370657,probe,hair drier,,0.0635,1,112,0.1944,0,0.000e+00,sam,-6.71075,-6.42991,-0.28083,-0.26562,-0.43455,-1.75000,-0.52601,-0.67188,-32.423,-0.17963,0.24013,0.06049,,GT_ABSENT,
COCO_val2014_000000370657.jpg,370657,probe,baseball bat,,0.1577,1,114,0.1979,0,0.000e+00,sam,-7.42580,-7.23350,-0.19230,-0.06250,-0.62715,-0.48437,0.17745,-0.01562,-21.203,-0.17963,0.24013,0.06049,,GT_ABSENT,
COCO_val2014_000000370657.jpg,370657,probe,book,,0.1570,1,113,0.1962,0,0.000e+00,sam,-13.45118,-13.05687,-0.39431,0.00000,-0.21245,-0.17188,-0.29944,-0.09375,-48.336,-0.17963,0.24013,0.06049,,GT_ABSENT,
COCO_val2014_000000370657.jpg,370657,probe,frisbee,,0.0688,1,113,0.1962,0,0.000e+00,sam,-3.27415,-3.19192,-0.08222,-0.01562,-1.26283,-0.60937,0.03948,0.04688,-8.570,-0.17963,0.24013,0.06049,,GT_ABSENT,
COCO_val2014_000000370657.jpg,370657,probe,wine glass,,0.0548,1,110,0.1910,0,0.000e+00,sam,-7.17518,-6.81564,-0.35954,-0.03125,-0.88159,-0.56250,-0.56925,-0.10937,-43.267,-0.17963,0.24013,0.06049,,GT_ABSENT,
COCO_val2014_000000370657.jpg,370657,probe,fire hydrant,,0.1385,1,36,0.0625,0,0.000e+00,sam,-3.75665,-3.69730,-0.05935,-0.06250,1.73279,2.07812,0.10280,-0.04688,-6.115,-0.17963,0.24013,0.06049,,GT_ABSENT,
COCO_val2014_000000370657.jpg,370657,probe,,,0.0523,1,114,0.1979,0,0.000e+00,sam,-10.49805,-10.68627,0.18822,0.12500,-0.77101,-0.10938,0.09881,0.17188,17.156,-0.17963,0.24013,0.06049,,GT_ABSENT,
COCO_val2014_000000370657.jpg,370657,probe,stop sign,,0.1189,1,112,0.1944,0,0.000e+00,sam,-4.74582,-4.54646,-0.19936,-0.04688,-1.59803,-0.75000,-0.20107,-0.39063,-22.062,-0.17963,0.24013,0.06049,,GT_ABSENT,
COCO_val2014_000000370657.jpg,370657,probe,tennis racket,,0.0631,1,114,0.1979,0,0.000e+00,sam,-4.94704,-4.78142,-0.16562,-0.03125,-0.55385,-0.43750,0.08345,-0.17187,-18.012,-0.17963,0.24013,0.06049,,GT_ABSENT,
COCO_val2014_000000370657.jpg,370657,probe,hot dog,,0.0693,1,117,0.2031,0,0.000e+00,sam,-7.53374,-6.96632,-0.56743,0.10937,-0.72456,-0.89063,-0.24354,-0.28125,-76.372,-0.17963,0.24013,0.06049,,GT_ABSENT,
COCO_val2014_000000370657.jpg,370657,probe,vase,,0.1383,1,110,0.1910,0,0.000e+00,sam,-6.83924,-6.37302,-0.46622,0.14063,-0.97354,-1.84375,-0.60773,0.12500,-59.396,-0.17963,0.24013,0.06049,,GT_ABSENT,
COCO_val2014_000000481596.jpg,481596,candidate,person,man,0.5448,2,309,0.5365,0,0.000e+00,sam,-2.71061,-5.93659,3.22598,1.20313,3.45823,1.46875,4.31683,0.84375,96.028,0.12109,0.70272,0.82381,VERIFIED,REAL,TN
COCO_val2014_000000481596.jpg,481596,candidate,hot dog,hot dog,0.5506,1,11,0.0191,0,0.000e+00,sam,-2.24310,-5.13498,2.89187,5.12500,0.06053,1.31250,2.95138,5.04688,94.453,0.12109,0.70272,0.82381,VERIFIED,REAL,TN
COCO_val2014_000000481596.jpg,481596,candidate,chair,chair,0.3076,3,40,0.0694,0,0.000e+00,sam,-7.35904,-7.56656,0.20751,0.17188,1.56653,-0.65625,0.42527,0.39063,18.740,0.12109,0.70272,0.82381,HALLUCINATED,REAL,FP
COCO_val2014_000000481596.jpg,481596,candidate,baseball bat,baseball bat,0.1315,1,2,0.0035,0,0.000e+00,sam,-3.78320,-3.78079,-0.00241,-0.06250,-2.11836,0.64063,0.01764,-0.09375,-0.241,0.12109,0.70272,0.82381,HALLUCINATED,HALLUCINATED,TP
COCO_val2014_000000481596.jpg,481596,candidate,cup,cup,0.3770,3,10,0.0174,0,0.000e+00,sam,-9.29654,-9.24038,-0.05616,1.79688,1.74139,0.42188,0.00263,1.81250,-5.777,0.12109,0.70272,0.82381,HALLUCINATED,HALLUCINATED,TP
COCO_val2014_000000481596.jpg,481596,candidate,baseball game,baseball game,0.4576,1,294,0.5104,0,0.000e+00,sam,-1.31835,-1.50730,0.18894,1.46875,-0.37319,0.96875,0.32042,0.43750,17.217,0.12109,0.70272,0.82381,HALLUCINATED,UNKNOWN,TN
COCO_val2014_000000481596.jpg,481596,candidate,hand,hand,0.4449,4,286,0.4965,0,0.000e+00,sam,-7.52311,-9.12778,1.60468,3.32812,2.73693,3.65625,1.69169,1.95312,79.905,0.12109,0.70272,0.82381,VERIFIED,UNKNOWN,TN
COCO_val2014_000000481596.jpg,481596,candidate,bat,bat,0.0659,1,279,0.4844,0,0.000e+00,sam,-10.02311,-10.22315,0.20005,0.59375,0.10533,-0.96875,0.59378,-0.17188,18.131,0.12109,0.70272,0.82381,HALLUCINATED,UNKNOWN,TN
COCO_val2014_000000481596.jpg,481596,candidate,can,can,0.1176,1,279,0.4844,0,0.000e+00,sam,-11.46842,-10.53565,-0.93277,0.71875,-1.03139,-0.29687,-0.25388,-0.14062,-154.153,0.12109,0.70272,0.82381,HALLUCINATED,UNKNOWN,TN
COCO_val2014_000000481596.jpg,481596,candidate,dog,dog,0.1840,1,11,0.0191,0,0.000e+00,sam,-9.14811,-10.84525,1.69715,0.07812,3.83324,2.78125,1.84319,0.12500,81.679,0.12109,0.70272,0.82381,VERIFIED,UNKNOWN,TN
COCO_val2014_000000481596.jpg,481596,candidate,hot,hot,0.2119,1,279,0.4844,0,0.000e+00,sam,-4.39029,-9.36378,4.97348,1.76562,3.52720,0.71875,5.70315,1.62500,99.308,0.12109,0.70272,0.82381,VERIFIED,UNKNOWN,TN
COCO_val2014_000000481596.jpg,481596,probe,skis,,0.0321,1,279,0.4844,0,0.000e+00,sam,-8.40592,-8.62494,0.21903,-0.42187,-0.13598,-0.40625,0.22834,-0.71875,19.670,0.12109,0.70272,0.82381,,GT_ABSENT,
COCO_val2014_000000481596.jpg,481596,probe,apple,,0.1058,1,279,0.4844,0,0.000e+00,sam,-16.15982,-18.02881,1.86898,-1.01562,4.13755,0.32812,2.07326,-1.01562,84.572,0.12109,0.70272,0.82381,,GT_ABSENT,
COCO_val2014_000000481596.jpg,481596,probe,vase,,0.0473,1,4,0.0069,0,0.000e+00,sam,-6.70703,-6.72005,0.01302,0.01563,3.89016,3.90625,0.07822,0.01563,1.293,0.12109,0.70272,0.82381,,GT_ABSENT,
COCO_val2014_000000481596.jpg,481596,probe,surfboard,,0.0452,1,11,0.0191,0,0.000e+00,sam,-5.10046,-4.92962,-0.17085,-0.21875,1.11944,4.35938,-0.16049,-0.23437,-18.631,0.12109,0.70272,0.82381,,GT_ABSENT,
COCO_val2014_000000481596.jpg,481596,probe,broccoli,,0.1365,1,11,0.0191,0,0.000e+00,sam,-3.80745,-4.14369,0.33624,-0.54688,0.46798,4.35937,0.38211,-0.54688,28.555,0.12109,0.70272,0.82381,,GT_ABSENT,
COCO_val2014_000000481596.jpg,481596,probe,mouse,,0.1195,1,279,0.4844,0,0.000e+00,sam,-12.69889,-13.25440,0.55552,-0.56250,1.18736,-0.42188,0.70706,-0.75000,42.622,0.12109,0.70272,0.82381,,GT_ABSENT,
COCO_val2014_000000481596.jpg,481596,probe,horse,,0.0882,1,279,0.4844,0,0.000e+00,sam,-12.04654,-11.00440,-1.04214,-0.23438,-1.77358,-0.53125,-0.03513,-0.28125,-183.528,0.12109,0.70272,0.82381,,GT_ABSENT,
COCO_val2014_000000481596.jpg,481596,probe,oven,,0.0595,1,279,0.4844,0,0.000e+00,sam,-10.47538,-10.59597,0.12059,-1.04688,0.86991,-0.28125,-0.10343,-1.31250,11.360,0.12109,0.70272,0.82381,,GT_ABSENT,
COCO_val2014_000000481596.jpg,481596,probe,bed,,0.1325,1,279,0.4844,0,0.000e+00,sam,-12.51920,-12.64503,0.12583,-0.76563,-0.04702,-0.92187,0.42190,-1.07812,11.823,0.12109,0.70272,0.82381,,GT_ABSENT,
COCO_val2014_000000481596.jpg,481596,probe,hair drier,,0.0489,1,279,0.4844,0,0.000e+00,sam,-6.61785,-5.80583,-0.81202,-0.65625,-0.70621,-1.14062,-0.25021,-0.40625,-125.245,0.12109,0.70272,0.82381,,GT_ABSENT,
COCO_val2014_000000481596.jpg,481596,probe,parking meter,,0.0887,1,279,0.4844,0,0.000e+00,sam,-4.65902,-5.05037,0.39135,-0.39063,0.12314,-1.03125,0.45070,-0.31250,32.386,0.12109,0.70272,0.82381,,GT_ABSENT,
COCO_val2014_000000481596.jpg,481596,probe,traffic light,,0.0757,1,0,0.0000,1,0.000e+00,sam,-6.36705,-6.36705,0.00000,0.00000,,,,,0.000,0.12109,0.70272,0.82381,,GT_ABSENT,
COCO_val2014_000000481596.jpg,481596,probe,kite,,0.0643,1,279,0.4844,0,0.000e+00,sam,-6.58632,-6.69278,0.10646,-0.29688,-0.20555,-0.31250,0.61896,-0.42188,10.099,0.12109,0.70272,0.82381,,GT_ABSENT,
COCO_val2014_000000481596.jpg,481596,probe,keyboard,,0.1349,1,11,0.0191,0,0.000e+00,sam,-12.37076,-11.76322,-0.60754,-0.20312,5.43480,4.17188,-0.74388,-0.20313,-83.591,0.12109,0.70272,0.82381,,GT_ABSENT,
COCO_val2014_000000481596.jpg,481596,probe,,,0.0315,1,280,0.4861,0,0.000e+00,sam,-10.41373,-9.70949,-0.70424,-0.21875,-0.76878,-0.45312,-0.36621,-0.14062,-102.230,0.12109,0.70272,0.82381,,GT_ABSENT,
COCO_val2014_000000481596.jpg,481596,probe,toaster,,0.1368,1,11,0.0191,0,0.000e+00,sam,-7.05852,-7.91852,0.86001,0.01563,3.20724,3.23437,0.83672,-0.01563,57.684,0.12109,0.70272,0.82381,,GT_ABSENT,
COCO_val2014_000000481596.jpg,481596,probe,skateboard,,0.0565,1,11,0.0191,0,0.000e+00,sam,-4.30476,-3.89078,-0.41397,-0.09375,0.89791,3.92187,-0.40731,-0.12500,-51.282,0.12109,0.70272,0.82381,,GT_ABSENT,
COCO_val2014_000000481596.jpg,481596,probe,tv,,0.1138,1,289,0.5017,0,0.000e+00,sam,-12.92545,-14.29269,1.36724,-0.23438,0.69865,-1.07812,1.05123,-0.09375,74.519,0.12109,0.70272,0.82381,,GT_ABSENT,
COCO_val2014_000000481596.jpg,481596,probe,motorcycle,,0.1234,1,279,0.4844,0,0.000e+00,sam,-5.97131,-5.88027,-0.09104,-0.04688,-0.14954,-0.43750,0.09922,-0.23438,-9.531,0.12109,0.70272,0.82381,,GT_ABSENT,
COCO_val2014_000000481596.jpg,481596,probe,scissors,,0.1283,1,279,0.4844,0,0.000e+00,sam,-5.97970,-6.27913,0.29943,-0.50000,0.28489,-0.70312,0.07884,-0.75000,25.876,0.12109,0.70272,0.82381,,GT_ABSENT,
COCO_val2014_000000460347.jpg,460347,candidate,car,car,0.4933,5,60,0.1042,0,0.000e+00,sam,-6.48298,-5.31638,-1.16659,5.37500,-1.82369,4.40625,-0.94427,5.45312,-221.103,-0.53544,0.69233,0.15689,HALLUCINATED,REAL,FP
COCO_val2014_000000460347.jpg,460347,candidate,truck,truck,0.4048,3,56,0.0972,0,0.000e+00,sam,-4.70138,-5.02881,0.32744,-1.60937,1.28811,1.21875,0.34042,-1.56250,27.923,-0.53544,0.69233,0.15689,VERIFIED,HALLUCINATED,FN
COCO_val2014_000000460347.jpg,460347,candidate,highway,highway,0.4855,1,541,0.9392,0,0.000e+00,sam,-4.83454,-11.23229,6.39775,2.29687,7.98870,3.29687,0.00000,0.00000,99.833,-0.53544,0.69233,0.15689,VERIFIED,UNKNOWN,TN
COCO_val2014_000000460347.jpg,460347,candidate,white,white,0.9038,1,56,0.0972,0,0.000e+00,sam,-1.82673,-4.13113,2.30440,1.37500,2.05506,0.51562,2.29315,1.53125,90.018,-0.53544,0.69233,0.15689,VERIFIED,UNKNOWN,TN
COCO_val2014_000000460347.jpg,460347,candidate,bus,bus,0.8032,1,56,0.0972,0,0.000e+00,sam,-1.15485,-8.75613,7.60128,7.98437,6.37538,5.43750,7.57820,8.03125,99.950,-0.53544,0.69233,0.15689,VERIFIED,UNKNOWN,TN
COCO_val2014_000000460347.jpg,460347,probe,teddy bear,,0.1672,1,56,0.0972,0,0.000e+00,sam,-4.16425,-4.17961,0.01536,0.20313,0.42625,3.26562,0.03443,0.25000,1.524,-0.53544,0.69233,0.15689,,GT_ABSENT,
COCO_val2014_000000460347.jpg,460347,probe,baseball bat,,0.2240,1,56,0.0972,0,0.000e+00,sam,-7.54737,-7.21634,-0.33103,0.09375,-0.74283,3.81250,-0.33092,0.09375,-39.240,-0.53544,0.69233,0.15689,,GT_ABSENT,
COCO_val2014_000000460347.jpg,460347,probe,toaster,,0.1630,1,56,0.0972,0,0.000e+00,sam,-7.75694,-6.83625,-0.92069,0.07813,-0.13688,4.17188,-0.92937,0.07813,-151.102,-0.53544,0.69233,0.15689,,GT_ABSENT,
COCO_val2014_000000460347.jpg,460347,probe,stop sign,,0.2306,1,56,0.0972,0,0.000e+00,sam,-4.75330,-4.28914,-0.46416,0.57813,0.43663,1.87500,-0.50210,0.57813,-59.068,-0.53544,0.69233,0.15689,,GT_ABSENT,
COCO_val2014_000000460347.jpg,460347,probe,parking meter,,0.2305,1,56,0.0972,0,0.000e+00,sam,-3.31796,-4.13964,0.82168,-0.12500,0.55688,2.51562,0.68499,-0.12500,56.031,-0.53544,0.69233,0.15689,,GT_ABSENT,
COCO_val2014_000000460347.jpg,460347,probe,handbag,,0.1179,1,56,0.0972,0,0.000e+00,sam,-7.17293,-6.31287,-0.86006,2.75000,0.91063,3.04687,-0.82593,2.65625,-136.331,-0.53544,0.69233,0.15689,,GT_ABSENT,
COCO_val2014_000000460347.jpg,460347,probe,broccoli,,0.1833,1,56,0.0972,0,0.000e+00,sam,-5.51430,-4.95553,-0.55877,0.06250,0.21100,3.65625,-0.54408,0.04688,-74.852,-0.53544,0.69233,0.15689,,GT_ABSENT,
COCO_val2014_000000460347.jpg,460347,probe,bowl,,0.1463,1,56,0.0972,0,0.000e+00,sam,-7.82765,-5.92701,-1.90065,-0.20312,0.28320,2.35938,-1.72044,-0.23437,-569.022,-0.53544,0.69233,0.15689,,GT_ABSENT,
COCO_val2014_000000460347.jpg,460347,probe,hair drier,,0.1324,1,56,0.0972,0,0.000e+00,sam,-5.90970,-6.23669,0.32699,0.14063,0.20560,3.59375,0.30572,0.15625,27.891,-0.53544,0.69233,0.15689,,GT_ABSENT,
COCO_val2014_000000460347.jpg,460347,probe,fire hydrant,,0.1292,1,56,0.0972,0,0.000e+00,sam,-3.78674,-3.29726,-0.48948,-0.04687,0.17108,2.59375,-0.50041,0.07813,-63.147,-0.53544,0.69233,0.15689,,GT_ABSENT,
COCO_val2014_000000460347.jpg,460347,probe,hot dog,,0.1707,1,56,0.0972,0,0.000e+00,sam,-7.88362,-7.71706,-0.16656,0.00000,1.11316,4.23437,-0.12045,-0.03125,-18.124,-0.53544,0.69233,0.15689,,GT_ABSENT,
COCO_val2014_000000460347.jpg,460347,probe,wine glass,,0.0843,1,56,0.0972,0,0.000e+00,sam,-7.61543,-7.17116,-0.44427,0.09375,1.08655,3.42188,-0.27616,0.07813,-55.935,-0.53544,0.69233,0.15689,,GT_ABSENT,
COCO_val2014_000000460347.jpg,460347,probe,cup,,0.2024,1,56,0.0972,0,0.000e+00,sam,-12.92048,-12.18972,-0.73075,0.35937,0.91053,2.78125,-0.89745,0.50000,-107.664,-0.53544,0.69233,0.15689,,GT_ABSENT,
COCO_val2014_000000460347.jpg,460347,probe,bottle,,0.2363,1,2,0.0035,0,0.000e+00,sam,-6.92199,-6.93208,0.01009,0.01563,3.11275,3.53125,0.01246,0.01563,1.004,-0.53544,0.69233,0.15689,,GT_ABSENT,
COCO_val2014_000000460347.jpg,460347,probe,tennis racket,,0.2085,1,56,0.0972,0,0.000e+00,sam,-5.45049,-5.23792,-0.21257,0.15625,-0.18738,3.60938,-0.20477,0.18750,-23.685,-0.53544,0.69233,0.15689,,GT_ABSENT,
COCO_val2014_000000460347.jpg,460347,probe,sports ball,,0.0719,1,56,0.0972,0,0.000e+00,sam,-7.53716,-7.17270,-0.36446,0.15625,0.81373,3.25000,-0.30148,0.21875,-43.974,-0.53544,0.69233,0.15689,,GT_ABSENT,
COCO_val2014_000000460347.jpg,460347,probe,,,0.0780,1,56,0.0972,0,0.000e+00,sam,-9.85016,-9.48660,-0.36357,-0.18750,0.96913,-0.03125,-0.39786,-0.17187,-43.845,-0.53544,0.69233,0.15689,,GT_ABSENT,
COCO_val2014_000000460347.jpg,460347,probe,sink,,0.2266,1,56,0.0972,0,0.000e+00,sam,-13.58845,-11.35379,-2.23466,-0.03125,1.43006,3.50000,-2.18557,-0.03125,-834.330,-0.53544,0.69233,0.15689,,GT_ABSENT,
COCO_val2014_000000460347.jpg,460347,probe,vase,,0.2254,1,56,0.0972,0,0.000e+00,sam,-8.24202,-6.98679,-1.25523,0.04688,1.85975,3.71875,-1.32285,0.06250,-250.864,-0.53544,0.69233,0.15689,,GT_ABSENT,
COCO_val2014_000000460347.jpg,460347,probe,potted plant,,0.0670,1,56,0.0972,0,0.000e+00,sam,-4.86936,-4.28332,-0.58604,0.06250,0.51852,2.06250,-0.51757,0.04688,-79.686,-0.53544,0.69233,0.15689,,GT_ABSENT,
COCO_val2014_000000398753.jpg,398753,candidate,person,player,0.5878,10,23,0.0399,0,0.000e+00,sam,-5.59253,-7.79032,2.19779,1.51562,3.24968,-3.98438,2.23382,1.53125,88.895,-0.02724,0.06266,0.03541,VERIFIED,REAL,TN
COCO_val2014_000000398753.jpg,398753,candidate,baseball glove,baseball glove,0.3620,2,2,0.0035,0,0.000e+00,sam,-2.79435,-2.86556,0.07121,0.25000,-0.55775,-0.51562,0.08060,0.28125,6.873,-0.02724,0.06266,0.03541,VERIFIED,REAL,TN
COCO_val2014_000000398753.jpg,398753,candidate,sports ball,ball,0.2538,1,0,0.0000,1,0.000e+00,sam,-3.18103,-3.18103,0.00000,0.00000,,,,,0.000,-0.02724,0.06266,0.03541,HALLUCINATED,REAL,FP
COCO_val2014_000000398753.jpg,398753,candidate,bench,bench,0.2796,2,12,0.0208,0,0.000e+00,sam,-4.48117,-4.52351,0.04234,0.15625,0.50073,0.71875,0.04642,0.15625,4.145,-0.02724,0.06266,0.03541,VERIFIED,HALLUCINATED,FN
COCO_val2014_000000398753.jpg,398753,candidate,baseball player,baseball player,0.4180,2,12,0.0208,0,0.000e+00,sam,-1.76532,-1.32801,-0.43730,1.18750,-4.14628,-2.64062,-0.43449,1.20313,-54.853,-0.02724,0.06266,0.03541,HALLUCINATED,UNKNOWN,TN
COCO_val2014_000000398753.jpg,398753,candidate,baseball game,baseball game,0.3904,1,199,0.3455,0,0.000e+00,sam,-0.72625,-1.69230,0.96604,4.09375,0.98369,4.18750,0.99190,4.40625,61.941,-0.02724,0.06266,0.03541,VERIFIED,UNKNOWN,TN
COCO_val2014_000000398753.jpg,398753,candidate,crowd,crowd,0.3635,1,37,0.0642,0,0.000e+00,sam,-6.21753,-6.27808,0.06055,0.60938,2.07545,-0.65625,-0.11934,0.43750,5.875,-0.02724,0.06266,0.03541,VERIFIED,UNKNOWN,TN
COCO_val2014_000000398753.jpg,398753,candidate,fence,fence,0.2186,1,23,0.0399,0,0.000e+00,sam,-5.51599,-5.69621,0.18022,0.01562,0.82881,-0.34375,0.22882,0.06250,16.491,-0.02724,0.06266,0.03541,VERIFIED,UNKNOWN,TN
COCO_val2014_000000398753.jpg,398753,candidate,field,field,0.5994,1,193,0.3351,0,0.000e+00,sam,-4.18628,-2.57367,-1.61261,1.43750,-1.22759,1.54688,-1.70532,1.56250,-401.589,-0.02724,0.06266,0.03541,HALLUCINATED,UNKNOWN,TN
COCO_val2014_000000398753.jpg,398753,candidate,glove,glove,0.2021,1,0,0.0000,1,0.000e+00,sam,-5.30378,-5.30378,0.00000,0.00000,,,,,0.000,-0.02724,0.06266,0.03541,HALLUCINATED,UNKNOWN,TN
COCO_val2014_000000398753.jpg,398753,candidate,blue,blue,0.2729,1,6,0.0104,0,0.000e+00,sam,-8.01440,-7.98610,-0.02831,-0.07812,2.46098,-3.89062,-0.01288,-0.07812,-2.871,-0.02724,0.06266,0.03541,HALLUCINATED,UNKNOWN,TN
COCO_val2014_000000398753.jpg,398753,candidate,bat,bat,0.2450,1,6,0.0104,0,0.000e+00,sam,-8.76440,-8.60349,-0.16092,-0.26562,-1.39952,-1.90625,-0.12303,-0.23438,-17.459,-0.02724,0.06266,0.03541,HALLUCINATED,UNKNOWN,TN
COCO_val2014_000000398753.jpg,398753,probe,suitcase,,0.0602,1,0,0.0000,1,0.000e+00,sam,-6.50801,-6.50801,0.00000,0.00000,,,,,0.000,-0.02724,0.06266,0.03541,,GT_ABSENT,
COCO_val2014_000000398753.jpg,398753,probe,tv,,0.0494,1,6,0.0104,0,0.000e+00,sam,-17.04370,-17.03057,-0.01313,-0.07813,4.82964,1.64063,0.17286,-0.07813,-1.322,-0.02724,0.06266,0.03541,,GT_ABSENT,
COCO_val2014_000000398753.jpg,398753,probe,tie,,0.1159,1,0,0.0000,1,0.000e+00,sam,-15.33472,-15.33472,0.00000,0.00000,,,,,0.000,-0.02724,0.06266,0.03541,,GT_ABSENT,
COCO_val2014_000000398753.jpg,398753,probe,potted plant,,0.1312,1,1,0.0017,0,0.000e+00,sam,-5.45843,-5.44848,-0.00995,0.00000,3.51780,2.20312,-0.02478,-0.06250,-1.000,-0.02724,0.06266,0.03541,,GT_ABSENT,
COCO_val2014_000000398753.jpg,398753,probe,apple,,0.0523,1,6,0.0104,0,0.000e+00,sam,-18.52710,-18.50778,-0.01931,-0.01563,5.30947,3.60938,0.00184,-0.03125,-1.950,-0.02724,0.06266,0.03541,,GT_ABSENT,
COCO_val2014_000000398753.jpg,398753,probe,carrot,,0.1389,1,6,0.0104,0,0.000e+00,sam,-9.38522,-9.30964,-0.07558,0.03125,4.38500,3.21875,0.02350,0.03125,-7.851,-0.02724,0.06266,0.03541,,GT_ABSENT,
COCO_val2014_000000398753.jpg,398753,probe,fork,,0.0533,1,6,0.0104,0,0.000e+00,sam,-14.47143,-14.23630,-0.23514,-0.00000,6.79970,3.15625,-0.14118,-0.00000,-26.508,-0.02724,0.06266,0.03541,,GT_ABSENT,
COCO_val2014_000000398753.jpg,398753,probe,bird,,0.1006,1,3,0.0052,0,0.000e+00,sam,-10.10034,-10.13702,0.03668,0.10937,3.81141,3.06250,0.06337,0.10937,3.602,-0.02724,0.06266,0.03541,,GT_ABSENT,
COCO_val2014_000000398753.jpg,398753,probe,spoon,,0.0487,1,6,0.0104,0,0.000e+00,sam,-10.47577,-10.46916,-0.00661,-0.03125,6.13114,3.37500,0.06323,-0.03125,-0.663,-0.02724,0.06266,0.03541,,GT_ABSENT,
COCO_val2014_000000398753.jpg,398753,probe,bus,,0.1255,1,6,0.0104,0,0.000e+00,sam,-12.48315,-12.40557,-0.07759,0.06250,5.42144,2.79687,-0.04936,0.10938,-8.068,-0.02724,0.06266,0.03541,,GT_ABSENT,
COCO_val2014_000000398753.jpg,398753,probe,oven,,0.0374,1,6,0.0104,0,0.000e+00,sam,-11.57803,-11.62256,0.04453,-0.01563,3.26060,4.35937,0.05360,0.01562,4.356,-0.02724,0.06266,0.03541,,GT_ABSENT,
COCO_val2014_000000398753.jpg,398753,probe,surfboard,,0.0839,1,0,0.0000,1,0.000e+00,sam,-5.33845,-5.33845,0.00000,0.00000,,,,,0.000,-0.02724,0.06266,0.03541,,GT_ABSENT,
COCO_val2014_000000398753.jpg,398753,probe,keyboard,,0.0443,1,0,0.0000,1,0.000e+00,sam,-15.28393,-15.28393,0.00000,0.00000,,,,,0.000,-0.02724,0.06266,0.03541,,GT_ABSENT,
COCO_val2014_000000398753.jpg,398753,probe,sandwich,,0.0566,1,6,0.0104,0,0.000e+00,sam,-7.98279,-7.98384,0.00105,-0.06250,4.25940,3.43750,0.02941,-0.10937,0.105,-0.02724,0.06266,0.03541,,GT_ABSENT,
COCO_val2014_000000398753.jpg,398753,probe,toilet,,0.0776,1,6,0.0104,0,0.000e+00,sam,-5.78170,-5.70053,-0.08117,-0.09375,2.29998,3.45313,-0.05876,-0.06250,-8.455,-0.02724,0.06266,0.03541,,GT_ABSENT,
COCO_val2014_000000398753.jpg,398753,probe,banana,,0.0579,1,6,0.0104,0,0.000e+00,sam,-8.22782,-8.11916,-0.10866,-0.42187,3.41132,1.68750,-0.06708,-0.82812,-11.478,-0.02724,0.06266,0.03541,,GT_ABSENT,
COCO_val2014_000000398753.jpg,398753,probe,cup,,0.0927,1,0,0.0000,1,0.000e+00,sam,-14.78003,-14.78003,0.00000,0.00000,,,,,0.000,-0.02724,0.06266,0.03541,,GT_ABSENT,
COCO_val2014_000000398753.jpg,398753,probe,backpack,,0.1472,1,0,0.0000,1,0.000e+00,sam,-6.80431,-6.80431,0.00000,0.00000,,,,,0.000,-0.02724,0.06266,0.03541,,GT_ABSENT,
COCO_val2014_000000398753.jpg,398753,probe,toothbrush,,0.0857,1,0,0.0000,1,0.000e+00,sam,-3.94804,-3.94804,0.00000,0.00000,,,,,0.000,-0.02724,0.06266,0.03541,,GT_ABSENT,
COCO_val2014_000000398753.jpg,398753,probe,broccoli,,0.0486,1,0,0.0000,1,0.000e+00,sam,-5.04822,-5.04822,0.00000,0.00000,,,,,0.000,-0.02724,0.06266,0.03541,,GT_ABSENT,
COCO_val2014_000000067833.jpg,67833,candidate,pizza,pizza,0.6073,2,393,0.6823,0,0.000e+00,sam,-0.76786,-4.33986,3.57200,5.04688,3.34219,5.06250,2.94673,2.53125,97.190,-0.42693,0.41843,-0.00850,VERIFIED,REAL,TN
COCO_val2014_000000067833.jpg,67833,candidate,dining table,table,0.8015,1,112,0.1944,0,0.000e+00,sam,-1.09595,-1.03215,-0.06380,1.12500,0.28364,-1.17188,-0.17020,1.10937,-6.588,-0.42693,0.41843,-0.00850,HALLUCINATED,REAL,FP
COCO_val2014_000000067833.jpg,67833,candidate,bowl,bowl,0.3725,2,104,0.1806,0,0.000e+00,sam,-3.95353,-4.79994,0.84641,3.42188,1.95141,1.51562,0.85818,3.10938,57.105,-0.42693,0.41843,-0.00850,VERIFIED,REAL,TN
COCO_val2014_000000067833.jpg,67833,candidate,person,person,0.5327,2,45,0.0781,0,0.000e+00,sam,-8.03188,-8.73221,0.70033,5.54687,4.93501,4.26562,0.71377,5.57812,50.358,-0.42693,0.41843,-0.00850,VERIFIED,REAL,TN
COCO_val2014_000000067833.jpg,67833,candidate,bread,bread,0.4091,2,353,0.6128,0,0.000e+00,sam,-9.95375,-10.60055,0.64679,2.59375,2.39552,2.07813,-0.56733,-1.93750,47.628,-0.42693,0.41843,-0.00850,VERIFIED,UNKNOWN,TN
COCO_val2014_000000067833.jpg,67833,candidate,green,green,0.6155,1,327,0.5677,0,0.000e+00,sam,-8.71938,-9.06136,0.34198,4.85938,1.86790,4.87500,2.16072,4.85938,28.964,-0.42693,0.41843,-0.00850,VERIFIED,UNKNOWN,TN
COCO_val2014_000000067833.jpg,67833,candidate,plate,plate,0.4171,2,42,0.0729,0,0.000e+00,sam,-5.02407,-4.83680,-0.18727,2.29687,-0.52607,1.17187,-0.36563,2.12500,-20.596,-0.42693,0.41843,-0.00850,HALLUCINATED,UNKNOWN,TN
COCO_val2014_000000067833.jpg,67833,candidate,sauce,sauce,0.6532,1,327,0.5677,0,0.000e+00,sam,-5.41444,-5.37000,-0.04444,-0.20312,0.69235,-1.37500,0.62727,-1.92187,-4.544,-0.42693,0.41843,-0.00850,HALLUCINATED,UNKNOWN,TN
COCO_val2014_000000067833.jpg,67833,probe,suitcase,,0.0800,1,327,0.5677,0,0.000e+00,sam,-6.01706,-5.70783,-0.30923,-0.04688,-0.65141,0.09375,-0.64848,0.37500,-36.237,-0.42693,0.41843,-0.00850,,GT_ABSENT,
COCO_val2014_000000067833.jpg,67833,probe,backpack,,0.1334,1,329,0.5712,0,0.000e+00,sam,-8.04902,-6.64371,-1.40530,-0.32812,-1.63569,-1.56250,-1.43351,0.28125,-307.677,-0.42693,0.41843,-0.00850,,GT_ABSENT,
COCO_val2014_000000067833.jpg,67833,probe,hair drier,,0.0496,1,327,0.5677,0,0.000e+00,sam,-6.67635,-6.28245,-0.39389,-0.03125,-0.37032,-0.29688,-0.24961,-0.18750,-48.274,-0.42693,0.41843,-0.00850,,GT_ABSENT,
COCO_val2014_000000067833.jpg,67833,probe,sports ball,,0.0945,1,42,0.0729,0,0.000e+00,sam,-8.30664,-8.02598,-0.28066,-0.09375,0.98543,3.78125,-0.12783,-0.17187,-32.400,-0.42693,0.41843,-0.00850,,GT_ABSENT,
COCO_val2014_000000067833.jpg,67833,probe,teddy bear,,0.1104,1,329,0.5712,0,0.000e+00,sam,-5.35103,-4.89572,-0.45531,-0.06250,-0.06549,-0.00000,0.10533,0.03125,-57.665,-0.42693,0.41843,-0.00850,,GT_ABSENT,
COCO_val2014_000000067833.jpg,67833,probe,skateboard,,0.0747,1,327,0.5677,0,0.000e+00,sam,-4.77232,-4.45457,-0.31775,0.03125,-0.06608,0.23438,0.18914,0.31250,-37.403,-0.42693,0.41843,-0.00850,,GT_ABSENT,
COCO_val2014_000000067833.jpg,67833,probe,baseball bat,,0.1220,1,327,0.5677,0,0.000e+00,sam,-8.36294,-7.84610,-0.51684,0.10937,1.04712,0.43750,0.95540,0.53125,-67.672,-0.42693,0.41843,-0.00850,,GT_ABSENT,
COCO_val2014_000000067833.jpg,67833,probe,potted plant,,0.0853,1,62,0.1076,0,0.000e+00,sam,-3.22034,-3.28816,0.06782,0.42188,-0.45682,1.92188,0.04142,0.29688,6.557,-0.42693,0.41843,-0.00850,,GT_ABSENT,
COCO_val2014_000000067833.jpg,67833,probe,snowboard,,0.0821,1,328,0.5694,0,0.000e+00,sam,-8.59881,-7.60469,-0.99412,-0.01563,-1.74929,0.14062,-1.18369,0.14062,-170.234,-0.42693,0.41843,-0.00850,,GT_ABSENT,
COCO_val2014_000000067833.jpg,67833,probe,kite,,0.1127,1,327,0.5677,0,0.000e+00,sam,-7.43309,-6.71267,-0.72043,0.14062,-0.72143,0.40625,-0.12339,0.35937,-105.531,-0.42693,0.41843,-0.00850,,GT_ABSENT,
COCO_val2014_000000067833.jpg,67833,probe,tv,,0.0882,1,329,0.5712,0,0.000e+00,sam,-17.24868,-15.96242,-1.28626,-0.39063,-1.15560,-0.43750,-1.31512,0.14062,-261.922,-0.42693,0.41843,-0.00850,,GT_ABSENT,
COCO_val2014_000000067833.jpg,67833,probe,motorcycle,,0.0614,1,329,0.5712,0,0.000e+00,sam,-6.50540,-6.37415,-0.13125,0.17188,-0.18913,0.50000,-0.10318,0.42187,-14.025,-0.42693,0.41843,-0.00850,,GT_ABSENT,
COCO_val2014_000000067833.jpg,67833,probe,parking meter,,0.0497,1,2,0.0035,0,0.000e+00,sam,-4.84799,-4.84416,-0.00384,0.01562,1.12196,3.56250,0.04226,-0.00000,-0.384,-0.42693,0.41843,-0.00850,,GT_ABSENT,
COCO_val2014_000000067833.jpg,67833,probe,stop sign,,0.0311,1,327,0.5677,0,0.000e+00,sam,-7.37575,-6.76208,-0.61367,0.12500,-0.02722,0.20313,0.04723,0.45313,-84.719,-0.42693,0.41843,-0.00850,,GT_ABSENT,
COCO_val2014_000000067833.jpg,67833,probe,traffic light,,0.0385,1,329,0.5712,0,0.000e+00,sam,-8.19627,-8.31597,0.11970,0.03125,0.60797,0.17187,0.49968,0.25000,11.281,-0.42693,0.41843,-0.00850,,GT_ABSENT,
COCO_val2014_000000067833.jpg,67833,probe,tennis racket,,0.0886,1,327,0.5677,0,0.000e+00,sam,-5.50599,-5.39349,-0.11250,-0.15625,0.18797,0.12500,0.11873,0.07813,-11.907,-0.42693,0.41843,-0.00850,,GT_ABSENT,
COCO_val2014_000000067833.jpg,67833,probe,fire hydrant,,0.0680,1,329,0.5712,0,0.000e+00,sam,-4.83856,-4.34721,-0.49135,0.40625,-0.60590,0.59375,-0.56967,0.59375,-63.452,-0.42693,0.41843,-0.00850,,GT_ABSENT,
COCO_val2014_000000067833.jpg,67833,probe,frisbee,,0.0969,1,328,0.5694,0,0.000e+00,sam,-2.95461,-2.78614,-0.16847,0.25000,0.31206,0.59375,0.29346,0.50000,-18.349,-0.42693,0.41843,-0.00850,,GT_ABSENT,
COCO_val2014_000000067833.jpg,67833,probe,toothbrush,,0.1006,1,329,0.5712,0,0.000e+00,sam,-5.07977,-4.59667,-0.48310,0.14063,0.52718,-0.34375,1.16285,0.03125,-62.109,-0.42693,0.41843,-0.00850,,GT_ABSENT,
COCO_val2014_000000067833.jpg,67833,probe,,,0.0677,1,329,0.5712,0,0.000e+00,sam,-9.55532,-9.51320,-0.04212,0.54688,-0.22591,0.40625,-0.22333,0.23438,-4.302,-0.42693,0.41843,-0.00850,,GT_ABSENT,
COCO_val2014_000000272880.jpg,272880,candidate,pizza,pizza,0.4223,3,127,0.2205,0,0.000e+00,sam,-0.64926,-0.62651,-0.02275,2.18750,-0.29347,0.51562,-0.12270,2.04687,-2.301,-0.05461,0.31257,0.25796,HALLUCINATED,REAL,FP
COCO_val2014_000000272880.jpg,272880,candidate,fork,fork,0.5980,1,24,0.0417,0,0.000e+00,sam,-4.61441,-6.64536,2.03095,1.14063,-0.22951,-2.98437,1.95503,1.17187,86.879,-0.05461,0.31257,0.25796,VERIFIED,REAL,TN
COCO_val2014_000000272880.jpg,272880,candidate,knife,knife,0.4150,1,21,0.0365,0,0.000e+00,sam,-4.35308,-4.41015,0.05707,0.50000,-0.28632,1.12500,0.14066,0.59375,5.547,-0.05461,0.31257,0.25796,HALLUCINATED,REAL,FP
COCO_val2014_000000272880.jpg,272880,candidate,cup,cup,0.4981,1,34,0.0590,0,0.000e+00,sam,-8.45034,-10.11584,1.66550,4.76562,3.65040,1.65625,2.15286,4.73437,81.090,-0.05461,0.31257,0.25796,VERIFIED,REAL,TN
COCO_val2014_000000272880.jpg,272880,candidate,person,person,0.5351,1,36,0.0625,0,0.000e+00,sam,-2.69253,-9.30014,6.60761,6.82813,6.78404,3.00000,6.69667,6.84375,99.865,-0.05461,0.31257,0.25796,VERIFIED,REAL,TN
COCO_val2014_000000272880.jpg,272880,candidate,plate,plate,0.6757,2,287,0.4983,0,0.000e+00,sam,-2.37222,-3.45966,1.08744,1.12500,2.13816,1.50000,2.29228,0.84375,66.292,-0.05461,0.31257,0.25796,VERIFIED,UNKNOWN,TN
COCO_val2014_000000272880.jpg,272880,candidate,hand,hand,0.8048,1,36,0.0625,0,0.000e+00,sam,-5.05191,-9.89389,4.84198,6.78125,7.80748,4.68750,5.26256,6.76563,99.211,-0.05461,0.31257,0.25796,VERIFIED,UNKNOWN,TN
COCO_val2014_000000272880.jpg,272880,probe,car,,0.1168,1,289,0.5017,0,0.000e+00,sam,-9.48941,-10.22559,0.73618,-0.25000,0.57310,-0.15625,0.00000,0.00000,52.106,-0.05461,0.31257,0.25796,,GT_ABSENT,
COCO_val2014_000000272880.jpg,272880,probe,skis,,0.0769,1,244,0.4236,0,0.000e+00,sam,-11.00455,-10.79455,-0.21000,0.07813,0.97159,0.23438,-0.27316,-0.06250,-23.368,-0.05461,0.31257,0.25796,,GT_ABSENT,
COCO_val2014_000000272880.jpg,272880,probe,potted plant,,0.1429,1,34,0.0590,0,0.000e+00,sam,-3.44060,-3.45210,0.01150,-0.18750,1.18680,2.89063,0.06640,-0.21875,1.143,-0.05461,0.31257,0.25796,,GT_ABSENT,
COCO_val2014_000000272880.jpg,272880,probe,baseball glove,,0.0783,1,73,0.1267,0,0.000e+00,sam,-4.80970,-4.72435,-0.08534,0.06250,-0.10536,4.29688,-0.17629,0.31250,-8.909,-0.05461,0.31257,0.25796,,GT_ABSENT,
COCO_val2014_000000272880.jpg,272880,probe,microwave,,0.1178,1,289,0.5017,0,0.000e+00,sam,-3.50892,-3.20476,-0.30417,-0.93750,0.19254,-1.42187,0.00000,0.00000,-35.550,-0.05461,0.31257,0.25796,,GT_ABSENT,
COCO_val2014_000000272880.jpg,272880,probe,traffic light,,0.0334,1,34,0.0590,0,0.000e+00,sam,-7.43405,-7.42079,-0.01326,-0.15625,2.37182,2.87500,-0.07977,-0.10937,-1.335,-0.05461,0.31257,0.25796,,GT_ABSENT,
COCO_val2014_000000272880.jpg,272880,probe,boat,,0.1202,1,289,0.5017,0,0.000e+00,sam,-12.12612,-11.96167,-0.16446,-0.59375,0.00703,-0.35938,0.06678,-0.45312,-17.875,-0.05461,0.31257,0.25796,,GT_ABSENT,
COCO_val2014_000000272880.jpg,272880,probe,truck,,0.0885,1,73,0.1267,0,0.000e+00,sam,-8.26109,-8.20959,-0.05150,0.31250,2.19192,2.95312,-0.10230,1.71875,-5.285,-0.05461,0.31257,0.25796,,GT_ABSENT,
COCO_val2014_000000272880.jpg,272880,probe,motorcycle,,0.0441,1,289,0.5017,0,0.000e+00,sam,-5.85783,-6.19923,0.34140,-0.17188,0.19784,-0.68750,0.00000,0.00000,28.922,-0.05461,0.31257,0.25796,,GT_ABSENT,
COCO_val2014_000000272880.jpg,272880,probe,snowboard,,0.0449,1,73,0.1267,0,0.000e+00,sam,-7.36447,-7.57489,0.21041,0.10938,1.20045,3.96875,0.04747,0.15625,18.975,-0.05461,0.31257,0.25796,,GT_ABSENT,
COCO_val2014_000000272880.jpg,272880,probe,skateboard,,0.0425,1,73,0.1267,0,0.000e+00,sam,-4.64210,-4.33441,-0.30769,0.12500,-0.14378,3.12500,0.02199,0.46875,-36.028,-0.05461,0.31257,0.25796,,GT_ABSENT,
COCO_val2014_000000272880.jpg,272880,probe,toothbrush,,0.0580,1,283,0.4913,0,0.000e+00,sam,-4.22587,-3.64227,-0.58360,-0.42188,-0.12668,0.14063,0.58034,-0.50000,-79.248,-0.05461,0.31257,0.25796,,GT_ABSENT,
COCO_val2014_000000272880.jpg,272880,probe,tennis racket,,0.1043,1,24,0.0417,0,0.000e+00,sam,-5.53942,-5.56733,0.02791,-0.00000,2.58083,1.89062,-0.01883,0.01562,2.752,-0.05461,0.31257,0.25796,,GT_ABSENT,
COCO_val2014_000000272880.jpg,272880,probe,refrigerator,,0.1464,1,289,0.5017,0,0.000e+00,sam,-2.85694,-2.89393,0.03699,0.39062,-0.01873,1.20312,0.20701,0.53125,3.631,-0.05461,0.31257,0.25796,,GT_ABSENT,
COCO_val2014_000000272880.jpg,272880,probe,bird,,0.1194,1,73,0.1267,0,0.000e+00,sam,-11.70816,-11.55076,-0.15740,-0.03125,2.92798,2.62500,-0.43750,0.07813,-17.046,-0.05461,0.31257,0.25796,,GT_ABSENT,
COCO_val2014_000000272880.jpg,272880,probe,tie,,0.0898,1,287,0.4983,0,0.000e+00,sam,-12.30972,-12.19124,-0.11848,-1.31250,0.35118,-1.31250,0.22559,-1.23437,-12.578,-0.05461,0.31257,0.25796,,GT_ABSENT,
COCO_val2014_000000272880.jpg,272880,probe,toaster,,0.0716,1,73,0.1267,0,0.000e+00,sam,-6.35502,-6.47046,0.11544,0.31250,2.23317,2.71875,0.03222,-0.00000,10.903,-0.05461,0.31257,0.25796,,GT_ABSENT,
COCO_val2014_000000272880.jpg,272880,probe,mouse,,0.1333,1,270,0.4688,0,0.000e+00,sam,-12.00503,-11.41442,-0.59061,0.62500,-0.36990,0.90625,-0.88030,-0.26563,-80.509,-0.05461,0.31257,0.25796,,GT_ABSENT,
COCO_val2014_000000272880.jpg,272880,probe,tv,,0.1085,1,289,0.5017,0,0.000e+00,sam,-16.36636,-16.69043,0.32408,-0.06250,1.07310,-0.39062,0.00000,0.00000,27.680,-0.05461,0.31257,0.25796,,GT_ABSENT,
COCO_val2014_000000272880.jpg,272880,probe,umbrella,,0.0555,1,73,0.1267,0,0.000e+00,sam,-5.43851,-5.12890,-0.30961,-0.04688,-0.12980,3.81250,-0.53562,0.09375,-36.289,-0.05461,0.31257,0.25796,,GT_ABSENT,
COCO_val2014_000000254368.jpg,254368,candidate,person,man,0.4292,1,362,0.6285,0,0.000e+00,sam,-1.50860,-8.29571,6.78711,8.04687,6.47708,8.07812,0.09382,-0.62500,99.887,-0.05081,0.55663,0.50582,VERIFIED,REAL,TN
COCO_val2014_000000254368.jpg,254368,candidate,bed,bed,0.6584,1,220,0.3819,0,0.000e+00,sam,-2.46173,-4.36150,1.89977,1.15625,1.88812,0.40625,0.00000,0.00000,85.040,-0.05081,0.55663,0.50582,VERIFIED,REAL,TN
COCO_val2014_000000254368.jpg,254368,candidate,bowl,bowl,0.4384,1,34,0.0590,0,0.000e+00,sam,-1.51218,-5.28859,3.77641,5.10937,2.38512,1.85938,3.82295,5.34375,97.710,-0.05081,0.55663,0.50582,VERIFIED,HALLUCINATED,FN
COCO_val2014_000000254368.jpg,254368,candidate,sandwich,sandwich,0.3160,1,17,0.0295,0,0.000e+00,sam,-4.75992,-5.19191,0.43199,2.37500,1.84717,3.07812,0.47438,2.53125,35.079,-0.05081,0.55663,0.50582,HALLUCINATED,HALLUCINATED,TP
COCO_val2014_000000254368.jpg,254368,candidate,food,food,0.4257,2,51,0.0885,0,0.000e+00,sam,-7.96954,-13.07915,5.10961,3.39062,3.99831,0.92188,5.32921,3.39062,99.396,-0.05081,0.55663,0.50582,VERIFIED,UNKNOWN,TN
COCO_val2014_000000254368.jpg,254368,candidate,hand,hand,0.3696,1,377,0.6545,0,0.000e+00,sam,-7.83673,-8.69158,0.85485,4.53125,1.04760,4.40625,-0.52704,-0.60937,57.465,-0.05081,0.55663,0.50582,VERIFIED,UNKNOWN,TN
COCO_val2014_000000254368.jpg,254368,probe,baseball bat,,0.0887,1,381,0.6615,0,0.000e+00,sam,-6.30444,-6.49905,0.19461,-0.12500,-0.23168,-0.23438,-0.01332,-0.03125,17.684,-0.05081,0.55663,0.50582,,GT_ABSENT,
COCO_val2014_000000254368.jpg,254368,probe,handbag,,0.2029,1,120,0.2083,0,0.000e+00,sam,-6.64713,-6.80605,0.15892,-0.21875,1.97267,-0.23437,0.13902,-0.10937,14.694,-0.05081,0.55663,0.50582,,GT_ABSENT,
COCO_val2014_000000254368.jpg,254368,probe,motorcycle,,0.1739,1,381,0.6615,0,0.000e+00,sam,-6.64632,-6.00697,-0.63935,-0.20313,-1.14687,-0.15625,0.09519,-0.01562,-89.524,-0.05081,0.55663,0.50582,,GT_ABSENT,
COCO_val2014_000000254368.jpg,254368,probe,potted plant,,0.2008,1,379,0.6580,0,0.000e+00,sam,-3.70329,-3.77227,0.06898,0.68750,0.12221,0.20312,0.00000,0.00000,6.665,-0.05081,0.55663,0.50582,,GT_ABSENT,
COCO_val2014_000000254368.jpg,254368,probe,tennis racket,,0.1343,1,381,0.6615,0,0.000e+00,sam,-4.52113,-4.31703,-0.20410,-0.35937,-0.38130,-0.29688,0.05865,-0.10938,-22.642,-0.05081,0.55663,0.50582,,GT_ABSENT,
COCO_val2014_000000254368.jpg,254368,probe,toothbrush,,0.1634,1,17,0.0295,0,0.000e+00,sam,-2.00275,-2.13066,0.12791,0.09375,-0.22660,3.50000,0.14047,0.26562,12.007,-0.05081,0.55663,0.50582,,GT_ABSENT,
COCO_val2014_000000254368.jpg,254368,probe,stop sign,,0.0616,1,34,0.0590,0,0.000e+00,sam,-6.75880,-6.77265,0.01385,-0.12500,2.53749,3.82813,0.15412,-0.09375,1.376,-0.05081,0.55663,0.50582,,GT_ABSENT,
COCO_val2014_000000254368.jpg,254368,probe,parking meter,,0.0958,1,381,0.6615,0,0.000e+00,sam,-5.57203,-4.89279,-0.67924,-0.31250,-0.30405,-0.18750,-0.07477,-0.09375,-97.237,-0.05081,0.55663,0.50582,,GT_ABSENT,
COCO_val2014_000000254368.jpg,254368,probe,fire hydrant,,0.1837,1,382,0.6632,0,0.000e+00,sam,-4.81966,-4.35535,-0.46432,-0.07812,-0.62559,-0.15625,-0.05084,-0.04687,-59.093,-0.05081,0.55663,0.50582,,GT_ABSENT,
COCO_val2014_000000254368.jpg,254368,probe,bottle,,0.1905,1,17,0.0295,0,0.000e+00,sam,-4.92847,-5.28813,0.35966,1.67188,1.13420,3.84375,0.31873,1.78125,30.209,-0.05081,0.55663,0.50582,,GT_ABSENT,
COCO_val2014_000000254368.jpg,254368,probe,teddy bear,,0.2009,1,381,0.6615,0,0.000e+00,sam,-3.20400,-3.28731,0.08331,1.90625,-0.03382,-0.64062,0.00000,0.00000,7.993,-0.05081,0.55663,0.50582,,GT_ABSENT,
COCO_val2014_000000254368.jpg,254368,probe,baseball glove,,0.1454,1,383,0.6649,0,0.000e+00,sam,-4.56240,-4.30212,-0.26028,0.07813,-0.60399,-0.09375,-0.02664,-0.10938,-29.730,-0.05081,0.55663,0.50582,,GT_ABSENT,
COCO_val2014_000000254368.jpg,254368,probe,hair drier,,0.0382,1,381,0.6615,0,0.000e+00,sam,-5.13744,-4.41223,-0.72521,0.07812,-0.90479,0.06250,0.08767,0.00000,-106.516,-0.05081,0.55663,0.50582,,GT_ABSENT,
COCO_val2014_000000254368.jpg,254368,probe,traffic light,,0.1155,1,383,0.6649,0,0.000e+00,sam,-8.05760,-7.94126,-0.11634,-0.17187,-0.35817,-0.17187,-0.24502,-0.04687,-12.338,-0.05081,0.55663,0.50582,,GT_ABSENT,
COCO_val2014_000000254368.jpg,254368,probe,,,0.0375,1,382,0.6632,0,0.000e+00,sam,-11.07110,-10.06428,-1.00683,-0.14062,-1.14612,-0.51562,-0.13177,-0.06250,-173.690,-0.05081,0.55663,0.50582,,GT_ABSENT,
COCO_val2014_000000254368.jpg,254368,probe,surfboard,,0.1535,1,216,0.3750,0,0.000e+00,sam,-4.38662,-4.75663,0.37001,-0.07813,0.70745,0.18750,0.00000,0.00000,30.927,-0.05081,0.55663,0.50582,,GT_ABSENT,
COCO_val2014_000000254368.jpg,254368,probe,sports ball,,0.1744,1,17,0.0295,0,0.000e+00,sam,-5.80304,-5.75741,-0.04563,0.17188,1.41808,4.34375,-0.13324,0.21875,-4.669,-0.05081,0.55663,0.50582,,GT_ABSENT,
COCO_val2014_000000254368.jpg,254368,probe,snowboard,,0.1431,1,381,0.6615,0,0.000e+00,sam,-5.73342,-7.41369,1.68027,-0.04688,0.86540,-0.09375,-0.24366,-0.10937,81.368,-0.05081,0.55663,0.50582,,GT_ABSENT,
COCO_val2014_000000254368.jpg,254368,probe,frisbee,,0.1874,1,34,0.0590,0,0.000e+00,sam,-2.86745,-2.95092,0.08347,0.31250,0.88115,3.95312,0.10688,0.48437,8.008,-0.05081,0.55663,0.50582,,GT_ABSENT,
COCO_val2014_000000254368.jpg,254368,probe,toaster,,0.1979,1,216,0.3750,0,0.000e+00,sam,-4.71304,-4.69704,-0.01601,-1.01562,-1.15883,-1.59375,0.00000,0.00000,-1.614,-0.05081,0.55663,0.50582,,GT_ABSENT,
COCO_val2014_000000193108.jpg,193108,candidate,person,player,0.6839,2,315,0.5469,0,0.000e+00,sam,-4.31847,-5.16728,0.84881,8.50000,1.19228,8.39063,2.19857,7.04687,57.208,-0.35473,0.70475,0.35002,VERIFIED,REAL,TN
COCO_val2014_000000193108.jpg,193108,candidate,baseball bat,baseball bat,0.4650,1,13,0.0226,0,0.000e+00,sam,-0.64897,-0.74027,0.09129,0.56250,-4.89442,-1.65625,0.12562,0.70313,8.725,-0.35473,0.70475,0.35002,HALLUCINATED,REAL,FP
COCO_val2014_000000193108.jpg,193108,candidate,baseball glove,baseball glove,0.2559,1,12,0.0208,0,0.000e+00,sam,-1.85984,-1.74373,-0.11611,0.18750,-1.78144,-1.67188,-0.10186,0.21875,-12.312,-0.35473,0.70475,0.35002,HALLUCINATED,HALLUCINATED,TP
COCO_val2014_000000193108.jpg,193108,candidate,sports ball,ball,0.1290,1,12,0.0208,0,0.000e+00,sam,-3.48060,-3.41218,-0.06842,0.54687,-1.08582,1.53125,-0.00659,1.03125,-7.082,-0.35473,0.70475,0.35002,HALLUCINATED,REAL,FP
COCO_val2014_000000193108.jpg,193108,candidate,baseball player,baseball player,0.8125,1,175,0.3038,0,0.000e+00,sam,-0.37554,-0.73021,0.35467,0.20312,0.47960,0.56250,0.41793,-0.20313,29.860,-0.35473,0.70475,0.35002,VERIFIED,UNKNOWN,TN
COCO_val2014_000000193108.jpg,193108,candidate,glove,glove,0.4665,1,19,0.0330,0,0.000e+00,sam,-4.69025,-4.64623,-0.04402,2.87500,-0.89135,-0.12500,-0.01117,2.92187,-4.501,-0.35473,0.70475,0.35002,HALLUCINATED,UNKNOWN,TN
COCO_val2014_000000193108.jpg,193108,candidate,bat,bat,0.3884,2,186,0.3229,0,0.000e+00,sam,-4.74034,-4.74946,0.00912,-0.43750,-0.30438,-0.57812,0.27059,-0.26563,0.907,-0.35473,0.70475,0.35002,HALLUCINATED,UNKNOWN,TN
COCO_val2014_000000193108.jpg,193108,candidate,can,can,0.1975,1,175,0.3038,0,0.000e+00,sam,-13.61144,-12.09106,-1.52038,-1.70313,-1.12116,-1.42188,-1.46922,-0.81250,-357.396,-0.35473,0.70475,0.35002,HALLUCINATED,UNKNOWN,TN
COCO_val2014_000000193108.jpg,193108,probe,tv,,0.1245,1,175,0.3038,0,0.000e+00,sam,-15.70519,-15.50903,-0.19616,-0.14063,-0.68757,-0.12500,-0.21532,-0.20313,-21.672,-0.35473,0.70475,0.35002,,GT_ABSENT,
COCO_val2014_000000193108.jpg,193108,probe,book,,0.1357,1,12,0.0208,0,0.000e+00,sam,-14.03722,-13.85588,-0.18134,-0.01562,6.92537,3.59375,-0.11408,0.00000,-19.882,-0.35473,0.70475,0.35002,,GT_ABSENT,
COCO_val2014_000000193108.jpg,193108,probe,skateboard,,0.1255,1,175,0.3038,0,0.000e+00,sam,-3.60439,-3.22146,-0.38293,-1.95313,-0.14506,-2.04688,-0.23394,-1.89062,-46.657,-0.35473,0.70475,0.35002,,GT_ABSENT,
COCO_val2014_000000193108.jpg,193108,probe,skis,,0.1389,1,175,0.3038,0,0.000e+00,sam,-8.85255,-8.00090,-0.85166,-0.65625,-0.76157,-0.65625,-0.87568,-0.64062,-134.353,-0.35473,0.70475,0.35002,,GT_ABSENT,
COCO_val2014_000000193108.jpg,193108,probe,stop sign,,0.0492,1,175,0.3038,0,0.000e+00,sam,-6.26248,-5.87406,-0.38842,-0.12500,-0.37623,0.35937,-0.35308,-0.04687,-47.465,-0.35473,0.70475,0.35002,,GT_ABSENT,
COCO_val2014_000000193108.jpg,193108,probe,keyboard,,0.1404,1,175,0.3038,0,0.000e+00,sam,-15.18956,-14.54418,-0.64538,-0.04688,0.08978,0.46875,-0.05907,-0.06250,-90.671,-0.35473,0.70475,0.35002,,GT_ABSENT,
COCO_val2014_000000193108.jpg,193108,probe,broccoli,,0.1073,1,175,0.3038,0,0.000e+00,sam,-6.15849,-6.13460,-0.02389,0.14062,0.82367,0.03125,0.30174,0.14062,-2.418,-0.35473,0.70475,0.35002,,GT_ABSENT,
COCO_val2014_000000193108.jpg,193108,probe,tennis racket,,0.0832,1,175,0.3038,0,0.000e+00,sam,-3.78545,-2.76047,-1.02499,-3.14062,-1.33298,-3.28125,-1.12146,-2.57813,-178.707,-0.35473,0.70475,0.35002,,GT_ABSENT,
COCO_val2014_000000193108.jpg,193108,probe,potted plant,,0.0559,1,22,0.0382,0,0.000e+00,sam,-5.33253,-5.31116,-0.02137,-0.06250,3.17408,2.03125,0.02850,-0.10937,-2.160,-0.35473,0.70475,0.35002,,GT_ABSENT,
COCO_val2014_000000193108.jpg,193108,probe,suitcase,,0.0985,1,175,0.3038,0,0.000e+00,sam,-5.81365,-4.91831,-0.89535,-0.89062,-0.52387,-0.82813,-0.58962,-0.34375,-144.819,-0.35473,0.70475,0.35002,,GT_ABSENT,
COCO_val2014_000000193108.jpg,193108,probe,,,0.0417,1,175,0.3038,0,0.000e+00,sam,-10.07628,-11.78637,1.71009,2.42188,1.92571,2.32812,0.98390,2.46875,81.915,-0.35473,0.70475,0.35002,,GT_ABSENT,
COCO_val2014_000000193108.jpg,193108,probe,wine glass,,0.0929,1,175,0.3038,0,0.000e+00,sam,-8.29128,-7.59599,-0.69529,-0.15625,-0.68112,-0.29687,-0.62428,0.00000,-100.429,-0.35473,0.70475,0.35002,,GT_ABSENT,
COCO_val2014_000000193108.jpg,193108,probe,sink,,0.1203,1,175,0.3038,0,0.000e+00,sam,-12.51378,-11.05981,-1.45397,-1.25000,-1.39460,-0.78125,-1.26610,-1.20313,-328.009,-0.35473,0.70475,0.35002,,GT_ABSENT,
COCO_val2014_000000193108.jpg,193108,probe,bowl,,0.1429,1,175,0.3038,0,0.000e+00,sam,-8.24467,-8.12468,-0.11999,-0.59375,0.53769,-0.42188,0.33923,-0.50000,-12.749,-0.35473,0.70475,0.35002,,GT_ABSENT,
COCO_val2014_000000193108.jpg,193108,probe,hot dog,,0.1154,1,13,0.0226,0,0.000e+00,sam,-6.01856,-5.92977,-0.08879,-0.14063,0.68785,4.59375,-0.09520,-0.14062,-9.285,-0.35473,0.70475,0.35002,,GT_ABSENT,
COCO_val2014_000000193108.jpg,193108,probe,surfboard,,0.1012,1,13,0.0226,0,0.000e+00,sam,-4.62979,-4.54402,-0.08577,-0.18750,0.83393,4.60937,-0.07452,-0.18750,-8.955,-0.35473,0.70475,0.35002,,GT_ABSENT,
COCO_val2014_000000193108.jpg,193108,probe,traffic light,,0.0681,1,141,0.2448,0,0.000e+00,sam,-6.99564,-7.26793,0.27228,-0.14062,0.80175,0.98437,0.31334,-0.09375,23.836,-0.35473,0.70475,0.35002,,GT_ABSENT,
COCO_val2014_000000193108.jpg,193108,probe,hair drier,,0.0717,1,175,0.3038,0,0.000e+00,sam,-7.32453,-5.76476,-1.55977,-0.68750,-1.41072,-0.81250,-1.45617,-0.40625,-375.773,-0.35473,0.70475,0.35002,,GT_ABSENT,
COCO_val2014_000000193108.jpg,193108,probe,dog,,0.0932,1,141,0.2448,0,0.000e+00,sam,-13.52159,-13.75126,0.22967,0.01563,3.06475,0.75000,0.56272,0.04688,20.520,-0.35473,0.70475,0.35002,,GT_ABSENT,
COCO_val2014_000000193108.jpg,193108,probe,motorcycle,,0.1460,1,175,0.3038,0,0.000e+00,sam,-6.62440,-5.93285,-0.69156,-1.01563,-0.16434,-0.68750,-0.57644,-0.96875,-99.682,-0.35473,0.70475,0.35002,,GT_ABSENT,
COCO_val2014_000000459141.jpg,459141,candidate,person,person,0.7927,1,151,0.2622,0,0.000e+00,sam,-1.01162,-6.45429,5.44268,8.76562,4.84608,7.67187,5.40796,8.59375,99.567,-0.51467,0.78674,0.27207,VERIFIED,REAL,TN
COCO_val2014_000000459141.jpg,459141,candidate,orange,orange,0.4787,1,151,0.2622,0,0.000e+00,sam,-12.90224,-13.91914,1.01690,1.35938,1.45154,2.57813,0.65406,1.17188,63.828,-0.51467,0.78674,0.27207,VERIFIED,HALLUCINATED,FN
COCO_val2014_000000459141.jpg,459141,candidate,bicycle,bicycle,0.8186,1,157,0.2726,0,0.000e+00,sam,-0.30324,-1.99012,1.68688,7.20313,1.89547,6.64063,1.68245,7.32813,81.490,-0.51467,0.78674,0.27207,VERIFIED,REAL,TN
COCO_val2014_000000459141.jpg,459141,candidate,potted plant,potted plant,0.5708,2,17,0.0295,0,0.000e+00,sam,-2.43004,-3.70157,1.27153,4.39063,1.72431,0.43750,1.23925,4.45313,71.960,-0.51467,0.78674,0.27207,VERIFIED,REAL,TN
COCO_val2014_000000459141.jpg,459141,candidate,bench,bench,0.2062,1,157,0.2726,0,0.000e+00,sam,-5.26474,-4.84462,-0.42012,-0.03125,0.02634,-2.48437,-0.38551,-0.87500,-52.214,-0.51467,0.78674,0.27207,HALLUCINATED,HALLUCINATED,TP
COCO_val2014_000000459141.jpg,459141,candidate,motorcycle,motorcycle,0.6999,1,157,0.2726,0,0.000e+00,sam,-3.17386,-4.23863,1.06476,-1.06250,0.27733,-1.17188,1.39496,-0.26563,65.519,-0.51467,0.78674,0.27207,VERIFIED,REAL,TN
COCO_val2014_000000459141.jpg,459141,candidate,straw hat,straw hat,0.5053,2,151,0.2622,0,0.000e+00,sam,-3.41140,-5.65076,2.23936,6.85938,2.90551,5.15625,2.24760,6.56250,89.347,-0.51467,0.78674,0.27207,VERIFIED,UNKNOWN,TN
COCO_val2014_000000459141.jpg,459141,candidate,basket,basket,0.6205,1,23,0.0399,0,0.000e+00,sam,-7.51162,-7.89856,0.38694,0.00000,-1.26594,-2.92187,0.52977,-0.09375,32.087,-0.51467,0.78674,0.27207,VERIFIED,UNKNOWN,TN
COCO_val2014_000000459141.jpg,459141,candidate,jacket,jacket,0.3974,1,151,0.2622,0,0.000e+00,sam,-6.66185,-6.74787,0.08602,4.43750,1.08720,4.25000,0.03344,4.43750,8.243,-0.51467,0.78674,0.27207,HALLUCINATED,UNKNOWN,TN
COCO_val2014_000000459141.jpg,459141,candidate,plant,plant,0.3755,10,30,0.0521,0,0.000e+00,sam,-11.92568,-13.38174,1.45606,3.82813,5.92787,2.03125,1.62362,3.90625,76.685,-0.51467,0.78674,0.27207,VERIFIED,UNKNOWN,TN
COCO_val2014_000000459141.jpg,459141,candidate,bag,bag,0.3980,1,32,0.0556,0,0.000e+00,sam,-10.22256,-12.81034,2.58778,4.37500,8.96483,3.78125,2.64200,4.34375,92.481,-0.51467,0.78674,0.27207,VERIFIED,UNKNOWN,TN
COCO_val2014_000000459141.jpg,459141,probe,cat,,0.0760,1,154,0.2674,0,0.000e+00,sam,-10.73037,-9.19900,-1.53137,-0.14062,-2.95844,0.46875,-1.58107,-0.21875,-362.450,-0.51467,0.78674,0.27207,,GT_ABSENT,
COCO_val2014_000000459141.jpg,459141,probe,keyboard,,0.1096,1,154,0.2674,0,0.000e+00,sam,-14.91787,-14.47244,-0.44543,-0.09375,-0.39985,0.56250,-0.45997,-0.15625,-56.116,-0.51467,0.78674,0.27207,,GT_ABSENT,
COCO_val2014_000000459141.jpg,459141,probe,skateboard,,0.0782,1,156,0.2708,0,0.000e+00,sam,-3.59819,-3.46743,-0.13076,-1.51563,-0.23061,-1.32812,-0.08985,-1.43750,-13.969,-0.51467,0.78674,0.27207,,GT_ABSENT,
COCO_val2014_000000459141.jpg,459141,probe,cell phone,,0.1279,1,4,0.0069,0,0.000e+00,sam,-5.61319,-5.60217,-0.01102,-0.06250,2.44582,3.06250,0.00166,-0.04687,-1.108,-0.51467,0.78674,0.27207,,GT_ABSENT,
COCO_val2014_000000459141.jpg,459141,probe,parking meter,,0.0799,1,155,0.2691,0,0.000e+00,sam,-4.33581,-4.09123,-0.24458,-1.01563,0.07647,-1.32812,-0.14267,-0.96875,-27.708,-0.51467,0.78674,0.27207,,GT_ABSENT,
COCO_val2014_000000459141.jpg,459141,probe,microwave,,0.0713,1,154,0.2674,0,0.000e+00,sam,-4.34426,-4.13955,-0.20471,-0.15625,-0.29705,-0.09375,-0.24410,-0.17187,-22.717,-0.51467,0.78674,0.27207,,GT_ABSENT,
COCO_val2014_000000459141.jpg,459141,probe,stop sign,,0.0709,1,152,0.2639,0,0.000e+00,sam,-4.71311,-4.03837,-0.67474,0.21875,-0.99146,-0.29688,-0.45232,0.14062,-96.353,-0.51467,0.78674,0.27207,,GT_ABSENT,
COCO_val2014_000000459141.jpg,459141,probe,toothbrush,,0.0787,1,155,0.2691,0,0.000e+00,sam,-3.86814,-2.72409,-1.14405,-1.09375,-0.83439,-0.70313,-1.08342,-0.98438,-213.945,-0.51467,0.78674,0.27207,,GT_ABSENT,
COCO_val2014_000000459141.jpg,459141,probe,sandwich,,0.1457,1,151,0.2622,0,0.000e+00,sam,-5.69551,-7.11619,1.42068,-0.18750,2.67847,-0.54688,1.46139,-0.29688,75.845,-0.51467,0.78674,0.27207,,GT_ABSENT,
COCO_val2014_000000459141.jpg,459141,probe,surfboard,,0.0697,1,154,0.2674,0,0.000e+00,sam,-4.37790,-3.72044,-0.65746,-0.92187,-0.32881,0.60938,-0.40755,-0.82813,-92.989,-0.51467,0.78674,0.27207,,GT_ABSENT,
COCO_val2014_000000459141.jpg,459141,probe,tv,,0.1305,1,153,0.2656,0,0.000e+00,sam,-17.57802,-15.24705,-2.33097,0.18750,-2.73766,0.56250,-2.27882,0.10938,-928.792,-0.51467,0.78674,0.27207,,GT_ABSENT,
COCO_val2014_000000459141.jpg,459141,probe,wine glass,,0.0926,1,157,0.2726,0,0.000e+00,sam,-7.14799,-6.75611,-0.39188,0.07812,0.20491,0.43750,-0.45809,0.09375,-47.976,-0.51467,0.78674,0.27207,,GT_ABSENT,
COCO_val2014_000000459141.jpg,459141,probe,dog,,0.0981,1,0,0.0000,1,0.000e+00,sam,-10.08974,-10.08974,0.00000,0.00000,,,,,0.000,-0.51467,0.78674,0.27207,,GT_ABSENT,
COCO_val2014_000000459141.jpg,459141,probe,baseball bat,,0.0569,1,157,0.2726,0,0.000e+00,sam,-8.04570,-7.01298,-1.03272,-1.06250,0.13680,-0.71875,-0.79591,-1.03125,-180.869,-0.51467,0.78674,0.27207,,GT_ABSENT,
COCO_val2014_000000459141.jpg,459141,probe,refrigerator,,0.1457,1,152,0.2639,0,0.000e+00,sam,-3.08941,-2.64657,-0.44284,-0.45312,-0.16464,-0.37500,-0.25518,-0.43750,-55.712,-0.51467,0.78674,0.27207,,GT_ABSENT,
COCO_val2014_000000459141.jpg,459141,probe,toaster,,0.0284,1,4,0.0069,0,0.000e+00,sam,-8.01964,-8.05045,0.03081,0.01563,3.30821,4.09375,0.05510,0.00000,3.034,-0.51467,0.78674,0.27207,,GT_ABSENT,
COCO_val2014_000000459141.jpg,459141,probe,baseball glove,,0.0586,1,151,0.2622,0,0.000e+00,sam,-5.64513,-4.23535,-1.40978,-0.01563,0.54869,2.06250,-1.25011,-0.01562,-309.507,-0.51467,0.78674,0.27207,,GT_ABSENT,
COCO_val2014_000000459141.jpg,459141,probe,tennis racket,,0.0727,1,156,0.2708,0,0.000e+00,sam,-4.19301,-4.00754,-0.18547,-0.79687,0.27936,0.54688,-0.20901,-0.73437,-20.378,-0.51467,0.78674,0.27207,,GT_ABSENT,
COCO_val2014_000000459141.jpg,459141,probe,cake,,0.1139,1,151,0.2622,0,0.000e+00,sam,-7.40714,-7.62320,0.21606,-0.43750,1.72446,-0.37500,0.49300,-0.50000,19.431,-0.51467,0.78674,0.27207,,GT_ABSENT,
COCO_val2014_000000459141.jpg,459141,probe,oven,,0.1175,1,152,0.2639,0,0.000e+00,sam,-10.18838,-9.06515,-1.12323,0.07813,-1.81145,-0.21875,-0.99394,-0.09375,-207.478,-0.51467,0.78674,0.27207,,GT_ABSENT,
COCO_val2014_000000231534.jpg,231534,candidate,airplane,airplane,0.8411,1,93,0.1615,0,0.000e+00,sam,-3.19034,-4.09895,0.90861,1.54687,0.67201,1.45313,0.92940,1.90625,59.692,-0.01492,0.37535,0.36043,VERIFIED,REAL,TN
COCO_val2014_000000231534.jpg,231534,candidate,truck,truck,0.5916,5,70,0.1215,0,0.000e+00,sam,-1.07641,-2.91027,1.83386,1.29688,1.67013,-1.06250,1.80762,1.29687,84.021,-0.01492,0.37535,0.36043,VERIFIED,REAL,TN
COCO_val2014_000000231534.jpg,231534,candidate,suitcase,luggage,0.2834,1,25,0.0434,0,0.000e+00,sam,-2.99885,-3.38587,0.38702,0.10937,-1.77427,0.67188,0.51753,0.15625,32.092,-0.01492,0.37535,0.36043,VERIFIED,REAL,TN
COCO_val2014_000000231534.jpg,231534,candidate,backpack,backpack,0.2772,1,93,0.1615,0,0.000e+00,sam,-4.30516,-4.70853,0.40336,0.35938,-1.70100,-2.12500,0.46583,0.53125,33.193,-0.01492,0.37535,0.36043,VERIFIED,HALLUCINATED,FN
COCO_val2014_000000231534.jpg,231534,candidate,cargo,cargo,0.3985,3,53,0.0920,0,0.000e+00,sam,-3.41821,-4.81531,1.39711,1.48437,-1.32521,0.81250,1.35105,1.54688,75.269,-0.01492,0.37535,0.36043,VERIFIED,UNKNOWN,TN
COCO_val2014_000000231534.jpg,231534,candidate,plane,plane,0.8480,1,93,0.1615,0,0.000e+00,sam,-2.76977,-4.14030,1.37053,1.42188,0.56041,1.56250,1.45029,1.89063,74.603,-0.01492,0.37535,0.36043,VERIFIED,UNKNOWN,TN
COCO_val2014_000000231534.jpg,231534,probe,cake,,0.1647,1,93,0.1615,0,0.000e+00,sam,-7.12329,-6.78502,-0.33826,-0.09375,0.38449,0.82812,-0.33785,-0.04688,-40.251,-0.01492,0.37535,0.36043,,GT_ABSENT,
COCO_val2014_000000231534.jpg,231534,probe,baseball glove,,0.1222,1,92,0.1597,0,0.000e+00,sam,-4.29179,-4.04166,-0.25013,-0.18750,-0.70120,0.89062,-0.24845,-0.17188,-28.419,-0.01492,0.37535,0.36043,,GT_ABSENT,
COCO_val2014_000000231534.jpg,231534,probe,tennis racket,,0.1665,1,93,0.1615,0,0.000e+00,sam,-4.50019,-4.49497,-0.00522,-0.20312,0.35375,0.40625,0.06799,-0.17187,-0.523,-0.01492,0.37535,0.36043,,GT_ABSENT,
COCO_val2014_000000231534.jpg,231534,probe,spoon,,0.0615,1,92,0.1597,0,0.000e+00,sam,-8.46722,-8.52419,0.05696,-0.09375,0.97547,1.12500,0.05033,-0.04688,5.537,-0.01492,0.37535,0.36043,,GT_ABSENT,
COCO_val2014_000000231534.jpg,231534,probe,hair drier,,0.0582,1,92,0.1597,0,0.000e+00,sam,-5.60764,-5.96976,0.36212,-0.00000,1.11968,0.59375,0.46198,-0.12500,30.380,-0.01492,0.37535,0.36043,,GT_ABSENT,
COCO_val2014_000000231534.jpg,231534,probe,stop sign,,0.1195,1,91,0.1580,0,0.000e+00,sam,-5.06677,-4.82154,-0.24523,0.07813,-0.57600,0.53125,-0.24758,0.20313,-27.792,-0.01492,0.37535,0.36043,,GT_ABSENT,
COCO_val2014_000000231534.jpg,231534,probe,bowl,,0.0603,1,92,0.1597,0,0.000e+00,sam,-7.32478,-6.93311,-0.39167,-0.07813,0.75671,1.18750,-0.37878,-0.06250,-47.945,-0.01492,0.37535,0.36043,,GT_ABSENT,
COCO_val2014_000000231534.jpg,231534,probe,cup,,0.1513,1,4,0.0069,0,0.000e+00,sam,-12.15258,-12.17565,0.02306,0.03125,5.22736,2.82812,-0.09148,0.04687,2.280,-0.01492,0.37535,0.36043,,GT_ABSENT,
COCO_val2014_000000231534.jpg,231534,probe,toaster,,0.1434,1,15,0.0260,0,0.000e+00,sam,-7.15101,-7.09627,-0.05474,-0.29687,2.15856,3.39063,-0.01026,-0.32813,-5.626,-0.01492,0.37535,0.36043,,GT_ABSENT,
COCO_val2014_000000231534.jpg,231534,probe,parking meter,,0.1202,1,92,0.1597,0,0.000e+00,sam,-4.31376,-3.88094,-0.43283,0.01563,-1.33017,0.37500,-0.49869,0.15625,-54.161,-0.01492,0.37535,0.36043,,GT_ABSENT,
COCO_val2014_000000231534.jpg,231534,probe,wine glass,,0.0360,1,91,0.1580,0,0.000e+00,sam,-7.30029,-8.46029,1.16000,0.03125,2.16459,1.09375,1.01406,0.06250,68.651,-0.01492,0.37535,0.36043,,GT_ABSENT,
COCO_val2014_000000231534.jpg,231534,probe,,,0.0835,1,93,0.1615,0,0.000e+00,sam,-8.89477,-9.45280,0.55803,-0.20312,0.74791,-0.48437,0.43467,-0.14062,42.766,-0.01492,0.37535,0.36043,,GT_ABSENT,
COCO_val2014_000000231534.jpg,231534,probe,hot dog,,0.0820,1,94,0.1632,0,0.000e+00,sam,-6.99043,-7.13393,0.14350,-0.09375,0.03546,0.62500,0.11325,-0.04687,13.368,-0.01492,0.37535,0.36043,,GT_ABSENT,
COCO_val2014_000000231534.jpg,231534,probe,vase,,0.0917,1,92,0.1597,0,0.000e+00,sam,-6.95100,-6.56270,-0.38829,-0.09375,-0.24149,0.89063,-0.47990,-0.06250,-47.446,-0.01492,0.37535,0.36043,,GT_ABSENT,
COCO_val2014_000000231534.jpg,231534,probe,fire hydrant,,0.1665,1,93,0.1615,0,0.000e+00,sam,-3.40734,-3.28387,-0.12347,-0.09375,-0.41919,-0.25000,-0.16211,0.09375,-13.142,-0.01492,0.37535,0.36043,,GT_ABSENT,
COCO_val2014_000000231534.jpg,231534,probe,sports ball,,0.0888,1,2,0.0035,0,0.000e+00,sam,-6.39658,-6.41704,0.02046,-0.00000,2.13039,3.82812,0.00127,-0.01563,2.025,-0.01492,0.37535,0.36043,,GT_ABSENT,
COCO_val2014_000000231534.jpg,231534,probe,broccoli,,0.0848,1,92,0.1597,0,0.000e+00,sam,-5.36310,-5.35219,-0.01091,0.03125,0.54966,0.64062,0.05217,-0.01562,-1.097,-0.01492,0.37535,0.36043,,GT_ABSENT,
COCO_val2014_000000231534.jpg,231534,probe,frisbee,,0.1653,1,93,0.1615,0,0.000e+00,sam,-3.14851,-2.96409,-0.18442,-0.15625,-0.35034,0.62500,-0.19134,-0.14062,-20.252,-0.01492,0.37535,0.36043,,GT_ABSENT,
COCO_val2014_000000231534.jpg,231534,probe,potted plant,,0.0852,1,93,0.1615,0,0.000e+00,sam,-4.40983,-4.49540,0.08557,0.10937,0.38810,0.31250,-0.10699,0.17187,8.201,-0.01492,0.37535,0.36043,,GT_ABSENT,
COCO_val2014_000000231534.jpg,231534,probe,toothbrush,,0.1629,1,93,0.1615,0,0.000e+00,sam,-3.56378,-3.28087,-0.28291,-0.07813,0.47628,1.00000,-0.34406,-0.04688,-32.698,-0.01492,0.37535,0.36043,,GT_ABSENT,
COCO_val2014_000000227031.jpg,227031,candidate,person,man,0.5935,8,195,0.3385,0,0.000e+00,sam,-4.89403,-9.23733,4.34329,5.09375,4.39472,3.90625,5.23494,5.20312,98.701,-0.02076,0.32131,0.30055,VERIFIED,REAL,TN
COCO_val2014_000000227031.jpg,227031,candidate,dining table,table,0.6249,1,81,0.1406,0,0.000e+00,sam,-1.17246,-1.79251,0.62005,1.42187,0.57767,1.09375,0.43526,1.10937,46.208,-0.02076,0.32131,0.30055,VERIFIED,REAL,TN
COCO_val2014_000000227031.jpg,227031,candidate,cake,cake,0.4862,2,38,0.0660,0,0.000e+00,sam,-0.81090,-0.89417,0.08326,0.67187,-3.59463,-5.95313,0.07162,0.65625,7.989,-0.02076,0.32131,0.30055,HALLUCINATED,REAL,FP
COCO_val2014_000000227031.jpg,227031,candidate,potted plant,potted plant,0.5205,2,9,0.0156,0,0.000e+00,sam,-3.51405,-4.11510,0.60106,5.17187,1.94475,1.75000,0.64096,5.12500,45.177,-0.02076,0.32131,0.30055,VERIFIED,REAL,TN
COCO_val2014_000000227031.jpg,227031,candidate,couple,couple,0.7375,1,146,0.2535,0,0.000e+00,sam,-3.01122,-3.87398,0.86276,3.92188,-0.62496,1.68750,1.01867,3.75000,57.801,-0.02076,0.32131,0.30055,VERIFIED,UNKNOWN,TN
COCO_val2014_000000227031.jpg,227031,candidate,plant,plant,0.3044,3,20,0.0347,0,0.000e+00,sam,-11.47997,-11.86803,0.38806,5.04687,3.97698,3.00000,0.30902,5.03125,32.163,-0.02076,0.32131,0.30055,VERIFIED,UNKNOWN,TN
COCO_val2014_000000227031.jpg,227031,candidate,woman,woman,0.3886,2,57,0.0990,0,0.000e+00,sam,-4.87841,-5.28202,0.40361,0.65625,-1.25991,-2.25000,0.44751,0.76563,33.210,-0.02076,0.32131,0.30055,VERIFIED,UNKNOWN,TN
COCO_val2014_000000227031.jpg,227031,candidate,room,room,0.4741,1,230,0.3993,0,0.000e+00,sam,-8.62841,-8.40382,-0.22459,-0.17187,2.70812,-0.45312,0.10191,-0.48438,-25.180,-0.02076,0.32131,0.30055,HALLUCINATED,UNKNOWN,TN
COCO_val2014_000000227031.jpg,227031,probe,giraffe,,0.1248,1,144,0.2500,0,0.000e+00,sam,-3.69562,-3.44701,-0.24861,0.06250,-0.56872,0.54687,-0.04846,0.15625,-28.224,-0.02076,0.32131,0.30055,,GT_ABSENT,
COCO_val2014_000000227031.jpg,227031,probe,stop sign,,0.0308,1,53,0.0920,0,0.000e+00,sam,-6.94073,-6.94459,0.00387,-0.03125,0.80821,2.68750,-0.00047,-0.09375,0.386,-0.02076,0.32131,0.30055,,GT_ABSENT,
COCO_val2014_000000227031.jpg,227031,probe,tennis racket,,0.0494,1,54,0.0938,0,0.000e+00,sam,-4.37565,-4.34577,-0.02988,-0.04687,0.17836,2.75000,-0.13645,-0.06250,-3.033,-0.02076,0.32131,0.30055,,GT_ABSENT,
COCO_val2014_000000227031.jpg,227031,probe,broccoli,,0.1379,1,25,0.0434,0,0.000e+00,sam,-5.00706,-5.04110,0.03404,-0.25000,0.99308,2.12500,0.04432,-0.37500,3.347,-0.02076,0.32131,0.30055,,GT_ABSENT,
COCO_val2014_000000227031.jpg,227031,probe,car,,0.1099,1,145,0.2517,0,0.000e+00,sam,-8.82372,-8.47907,-0.34465,-0.01563,0.12029,1.75000,-0.99254,0.09375,-41.149,-0.02076,0.32131,0.30055,,GT_ABSENT,
COCO_val2014_000000227031.jpg,227031,probe,,,0.0380,1,145,0.2517,0,0.000e+00,sam,-8.32372,-7.84626,-0.47746,0.09375,-1.87190,-0.01562,-2.07758,0.01562,-61.197,-0.02076,0.32131,0.30055,,GT_ABSENT,
COCO_val2014_000000227031.jpg,227031,probe,pizza,,0.1479,1,144,0.2500,0,0.000e+00,sam,-6.17790,-6.29473,0.11683,-0.14063,-0.25944,1.17188,0.40241,-0.06250,11.026,-0.02076,0.32131,0.30055,,GT_ABSENT,
COCO_val2014_000000227031.jpg,227031,probe,baseball glove,,0.0348,1,144,0.2500,0,0.000e+00,sam,-5.29602,-5.67631,0.38028,-0.06250,1.36070,1.57813,0.68971,0.18750,31.633,-0.02076,0.32131,0.30055,,GT_ABSENT,
COCO_val2014_000000227031.jpg,227031,probe,traffic light,,0.0316,1,144,0.2500,0,0.000e+00,sam,-6.49097,-6.83879,0.34782,-0.09375,0.46615,1.45312,-0.05354,0.07812,29.377,-0.02076,0.32131,0.30055,,GT_ABSENT,
COCO_val2014_000000227031.jpg,227031,probe,parking meter,,0.0599,1,145,0.2517,0,0.000e+00,sam,-5.17727,-5.32761,0.15035,-0.04687,0.50875,1.25000,0.17279,0.01563,13.959,-0.02076,0.32131,0.30055,,GT_ABSENT,
COCO_val2014_000000227031.jpg,227031,probe,tv,,0.1206,1,144,0.2500,0,0.000e+00,sam,-15.92919,-16.03956,0.11037,-0.12500,2.10430,1.81250,0.97688,-0.25000,10.449,-0.02076,0.32131,0.30055,,GT_ABSENT,
COCO_val2014_000000227031.jpg,227031,probe,baseball bat,,0.0449,1,144,0.2500,0,0.000e+00,sam,-6.81507,-7.49098,0.67591,-0.09375,0.40829,2.23438,0.97881,0.10938,49.131,-0.02076,0.32131,0.30055,,GT_ABSENT,
COCO_val2014_000000227031.jpg,227031,probe,keyboard,,0.0851,1,52,0.0903,0,0.000e+00,sam,-11.78856,-11.27351,-0.51506,-0.03125,-0.48014,3.17188,-0.42609,-0.09375,-67.373,-0.02076,0.32131,0.30055,,GT_ABSENT,
COCO_val2014_000000227031.jpg,227031,probe,hot dog,,0.0527,1,25,0.0434,0,0.000e+00,sam,-6.98604,-7.11382,0.12778,-0.03125,1.64094,2.92188,0.07984,0.00000,11.995,-0.02076,0.32131,0.30055,,GT_ABSENT,
COCO_val2014_000000227031.jpg,227031,probe,microwave,,0.0839,1,144,0.2500,0,0.000e+00,sam,-4.08049,-4.08629,0.00580,0.15625,-0.35004,1.35937,0.14079,0.04687,0.578,-0.02076,0.32131,0.30055,,GT_ABSENT,
COCO_val2014_000000227031.jpg,227031,probe,surfboard,,0.0293,1,54,0.0938,0,0.000e+00,sam,-4.83015,-4.47160,-0.35855,-0.09375,-0.60538,2.45312,-0.36404,-0.03125,-43.126,-0.02076,0.32131,0.30055,,GT_ABSENT,
COCO_val2014_000000227031.jpg,227031,probe,kite,,0.0850,1,144,0.2500,0,0.000e+00,sam,-7.07189,-7.27658,0.20470,-0.09375,2.09462,1.73437,1.36373,0.12500,18.510,-0.02076,0.32131,0.30055,,GT_ABSENT,
COCO_val2014_000000227031.jpg,227031,probe,frisbee,,0.0410,1,53,0.0920,0,0.000e+00,sam,-3.76249,-3.84111,0.07862,-0.03125,0.75493,3.07812,-0.09478,-0.12500,7.561,-0.02076,0.32131,0.30055,,GT_ABSENT,
COCO_val2014_000000227031.jpg,227031,probe,boat,,0.0988,1,145,0.2517,0,0.000e+00,sam,-11.02685,-10.46345,-0.56340,-0.01563,0.04998,2.29688,-0.54389,0.59375,-75.663,-0.02076,0.32131,0.30055,,GT_ABSENT,
COCO_val2014_000000227031.jpg,227031,probe,fire hydrant,,0.0786,1,144,0.2500,0,0.000e+00,sam,-4.41178,-4.29783,-0.11395,-0.03125,0.54156,1.17188,0.17198,0.03125,-12.070,-0.02076,0.32131,0.30055,,GT_ABSENT,
COCO_val2014_000000209347.jpg,209347,candidate,person,woman,0.5725,5,304,0.5278,0,0.000e+00,sam,-2.46288,-5.35543,2.89255,4.31250,3.06124,4.12500,3.54851,3.98437,94.457,-0.13383,0.36682,0.23299,VERIFIED,REAL,TN
COCO_val2014_000000209347.jpg,209347,candidate,train,train,0.5724,1,221,0.3837,0,0.000e+00,sam,-1.59569,-2.69915,1.10346,1.98437,-0.02982,0.95312,0.72449,1.23437,66.828,-0.13383,0.36682,0.23299,VERIFIED,REAL,TN
COCO_val2014_000000209347.jpg,209347,candidate,cell phone,cell phone,0.2972,3,6,0.0104,0,0.000e+00,sam,-2.05429,-2.85648,0.80219,0.65625,-0.31610,-4.82813,0.76351,0.71875,55.166,-0.13383,0.36682,0.23299,VERIFIED,REAL,TN
COCO_val2014_000000209347.jpg,209347,candidate,leather jacket,leather jacket,0.5319,1,214,0.3715,0,0.000e+00,sam,-1.40542,-3.26680,1.86138,4.43750,1.87900,4.15625,2.05409,4.03125,84.454,-0.13383,0.36682,0.23299,VERIFIED,UNKNOWN,TN
COCO_val2014_000000209347.jpg,209347,candidate,phone,phone,0.2373,1,3,0.0052,0,0.000e+00,sam,-7.04101,-8.43295,1.39194,0.64063,-1.05363,-3.14062,1.39276,0.68750,75.141,-0.13383,0.36682,0.23299,VERIFIED,UNKNOWN,TN
COCO_val2014_000000209347.jpg,209347,candidate,man,man,0.3866,2,56,0.0972,0,0.000e+00,sam,-4.18163,-5.67516,1.49353,2.14063,2.60389,1.10938,2.00636,2.34375,77.542,-0.13383,0.36682,0.23299,VERIFIED,UNKNOWN,TN
COCO_val2014_000000209347.jpg,209347,probe,mouse,,0.1415,1,214,0.3715,0,0.000e+00,sam,-12.33397,-12.67420,0.34023,-0.35937,0.81029,-0.43750,0.13248,-0.20313,28.839,-0.13383,0.36682,0.23299,,GT_ABSENT,
COCO_val2014_000000209347.jpg,209347,probe,motorcycle,,0.1078,1,214,0.3715,0,0.000e+00,sam,-4.86480,-5.12391,0.25911,-0.03125,-0.05739,0.71875,0.47163,0.12500,22.826,-0.13383,0.36682,0.23299,,GT_ABSENT,
COCO_val2014_000000209347.jpg,209347,probe,umbrella,,0.1149,1,226,0.3924,0,0.000e+00,sam,-5.04562,-4.96389,-0.08173,-0.57812,-0.16486,-1.65625,-0.18514,-0.78125,-8.516,-0.13383,0.36682,0.23299,,GT_ABSENT,
COCO_val2014_000000209347.jpg,209347,probe,cake,,0.1125,1,214,0.3715,0,0.000e+00,sam,-7.92926,-7.88837,-0.04089,-0.04687,0.24760,-0.01563,0.29733,-0.04688,-4.174,-0.13383,0.36682,0.23299,,GT_ABSENT,
COCO_val2014_000000209347.jpg,209347,probe,kite,,0.0633,1,214,0.3715,0,0.000e+00,sam,-7.11673,-6.00477,-1.11196,0.01562,-1.03305,0.06250,-1.22856,-0.01563,-204.032,-0.13383,0.36682,0.23299,,GT_ABSENT,
COCO_val2014_000000209347.jpg,209347,probe,sports ball,,0.0878,1,12,0.0208,0,0.000e+00,sam,-6.77485,-7.04955,0.27470,0.25000,2.99249,4.40625,0.22108,0.23438,24.020,-0.13383,0.36682,0.23299,,GT_ABSENT,
COCO_val2014_000000209347.jpg,209347,probe,stop sign,,0.0970,1,0,0.0000,1,0.000e+00,sam,-5.15056,-5.15056,0.00000,0.00000,,,,,0.000,-0.13383,0.36682,0.23299,,GT_ABSENT,
COCO_val2014_000000209347.jpg,209347,probe,bowl,,0.0861,1,12,0.0208,0,0.000e+00,sam,-6.32447,-6.28593,-0.03854,0.04688,2.87240,3.78125,-0.00722,0.06250,-3.929,-0.13383,0.36682,0.23299,,GT_ABSENT,
COCO_val2014_000000209347.jpg,209347,probe,baseball glove,,0.0511,1,5,0.0087,0,0.000e+00,sam,-4.87630,-4.93824,0.06194,0.06250,2.01951,2.70312,0.01972,0.07812,6.006,-0.13383,0.36682,0.23299,,GT_ABSENT,
COCO_val2014_000000209347.jpg,209347,probe,potted plant,,0.0757,1,214,0.3715,0,0.000e+00,sam,-3.99057,-3.77415,-0.21642,-0.00000,-0.43383,-0.31250,0.09529,-0.17188,-24.163,-0.13383,0.36682,0.23299,,GT_ABSENT,
COCO_val2014_000000209347.jpg,209347,probe,toaster,,0.0526,1,3,0.0052,0,0.000e+00,sam,-7.77068,-7.66306,-0.10762,-0.01562,3.00698,4.17187,-0.11196,-0.01563,-11.362,-0.13383,0.36682,0.23299,,GT_ABSENT,
COCO_val2014_000000209347.jpg,209347,probe,skateboard,,0.0854,1,214,0.3715,0,0.000e+00,sam,-4.31259,-3.73182,-0.58077,-0.25000,-0.22054,-0.34375,-0.53804,-0.17188,-78.741,-0.13383,0.36682,0.23299,,GT_ABSENT,
COCO_val2014_000000209347.jpg,209347,probe,sink,,0.0556,1,225,0.3906,0,0.000e+00,sam,-10.04882,-9.41180,-0.63702,-0.18750,0.14474,0.92188,-0.40758,-0.20312,-89.083,-0.13383,0.36682,0.23299,,GT_ABSENT,
COCO_val2014_000000209347.jpg,209347,probe,tennis racket,,0.0476,1,3,0.0052,0,0.000e+00,sam,-4.21003,-4.18514,-0.02489,-0.07813,0.81510,4.79687,-0.00601,-0.06250,-2.520,-0.13383,0.36682,0.23299,,GT_ABSENT,
COCO_val2014_000000209347.jpg,209347,probe,spoon,,0.1452,1,214,0.3715,0,0.000e+00,sam,-7.92737,-8.04645,0.11908,-0.32813,0.63395,-0.50000,0.40179,-0.07813,11.227,-0.13383,0.36682,0.23299,,GT_ABSENT,
COCO_val2014_000000209347.jpg,209347,probe,pizza,,0.0845,1,214,0.3715,0,0.000e+00,sam,-7.42683,-6.93355,-0.49328,-0.06250,-0.33153,-0.25000,-0.06056,-0.10938,-63.767,-0.13383,0.36682,0.23299,,GT_ABSENT,
COCO_val2014_000000209347.jpg,209347,probe,sandwich,,0.1426,1,214,0.3715,0,0.000e+00,sam,-5.95126,-5.54921,-0.40205,-0.50000,-0.44838,-1.03125,-0.03684,-0.53125,-49.489,-0.13383,0.36682,0.23299,,GT_ABSENT,
COCO_val2014_000000209347.jpg,209347,probe,dog,,0.0993,1,214,0.3715,0,0.000e+00,sam,-10.09569,-9.78358,-0.31211,0.03125,-0.26002,-0.34375,0.71061,-0.14063,-36.631,-0.13383,0.36682,0.23299,,GT_ABSENT,
COCO_val2014_000000209347.jpg,209347,probe,giraffe,,0.0424,1,214,0.3715,0,0.000e+00,sam,-5.23639,-5.53175,0.29536,0.15625,0.81894,-0.00000,0.53214,0.03125,25.573,-0.13383,0.36682,0.23299,,GT_ABSENT,
COCO_val2014_000000209347.jpg,209347,probe,skis,,0.0607,1,227,0.3941,0,0.000e+00,sam,-9.50139,-9.52156,0.02017,-0.00000,0.20237,0.20312,-0.45612,-0.01562,1.996,-0.13383,0.36682,0.23299,,GT_ABSENT,
COCO_val2014_000000523292.jpg,523292,candidate,cat,cat,0.8347,1,214,0.3715,0,0.000e+00,sam,-0.45612,-3.12019,2.66407,4.06250,2.63043,2.18750,2.62805,3.04688,93.034,-0.34868,0.44030,0.09162,VERIFIED,REAL,TN
COCO_val2014_000000523292.jpg,523292,candidate,laptop,laptop computer,0.6887,1,123,0.2135,0,0.000e+00,sam,-1.50299,-6.47216,4.96917,1.70313,5.88052,0.98438,5.19821,1.93750,99.305,-0.34868,0.44030,0.09162,VERIFIED,REAL,TN
COCO_val2014_000000523292.jpg,523292,candidate,bottle,bottle,0.2680,1,11,0.0191,0,0.000e+00,sam,-6.00504,-6.19465,0.18961,4.67187,2.34013,3.25000,0.15588,4.75000,17.272,-0.34868,0.44030,0.09162,VERIFIED,HALLUCINATED,FN
COCO_val2014_000000523292.jpg,523292,candidate,computer,computer,0.6868,1,117,0.2031,0,0.000e+00,sam,-3.48737,-6.87522,3.38785,1.84375,5.26563,1.01563,3.46847,1.95313,96.622,-0.34868,0.44030,0.09162,VERIFIED,UNKNOWN,TN
COCO_val2014_000000523292.jpg,523292,probe,parking meter,,0.1175,1,114,0.1979,0,0.000e+00,sam,-5.47922,-4.68243,-0.79679,-0.21875,0.35702,-0.31250,-0.90148,-0.23437,-121.840,-0.34868,0.44030,0.09162,,GT_ABSENT,
COCO_val2014_000000523292.jpg,523292,probe,bowl,,0.2252,1,114,0.1979,0,0.000e+00,sam,-5.93328,-5.50949,-0.42379,-1.00000,-0.37110,-3.48437,-0.42287,-2.89062,-52.774,-0.34868,0.44030,0.09162,,GT_ABSENT,
COCO_val2014_000000523292.jpg,523292,probe,stop sign,,0.0860,1,114,0.1979,0,0.000e+00,sam,-6.92813,-6.57369,-0.35444,0.07813,0.86733,0.23438,-0.29156,0.12500,-42.538,-0.34868,0.44030,0.09162,,GT_ABSENT,
COCO_val2014_000000523292.jpg,523292,probe,frisbee,,0.1818,1,111,0.1927,0,0.000e+00,sam,-3.87997,-3.62812,-0.25185,-0.35937,1.14488,0.03125,-0.13199,-0.37500,-28.640,-0.34868,0.44030,0.09162,,GT_ABSENT,
COCO_val2014_000000523292.jpg,523292,probe,book,,0.2080,1,14,0.0243,0,0.000e+00,sam,-10.40924,-10.42980,0.02056,0.25000,3.64893,3.18750,0.06986,0.15625,2.035,-0.34868,0.44030,0.09162,,GT_ABSENT,
COCO_val2014_000000523292.jpg,523292,probe,cup,,0.2099,1,10,0.0174,0,0.000e+00,sam,-11.20612,-11.43270,0.22658,2.46875,4.08779,2.76562,0.27453,2.40625,20.275,-0.34868,0.44030,0.09162,,GT_ABSENT,
COCO_val2014_000000523292.jpg,523292,probe,motorcycle,,0.1644,1,115,0.1997,0,0.000e+00,sam,-6.23486,-5.94694,-0.28793,-0.18750,0.23940,-0.06250,-0.21862,-0.12500,-33.366,-0.34868,0.44030,0.09162,,GT_ABSENT,
COCO_val2014_000000523292.jpg,523292,probe,backpack,,0.2206,1,115,0.1997,0,0.000e+00,sam,-6.33350,-6.88739,0.55389,-0.04687,2.76250,0.81250,0.55730,0.31250,42.529,-0.34868,0.44030,0.09162,,GT_ABSENT,
COCO_val2014_000000523292.jpg,523292,probe,vase,,0.2282,1,214,0.3715,0,0.000e+00,sam,-5.02363,-4.07256,-0.95106,0.85937,-0.57186,-2.68750,-0.77855,-0.18750,-158.846,-0.34868,0.44030,0.09162,,GT_ABSENT,
COCO_val2014_000000523292.jpg,523292,probe,sports ball,,0.1481,1,115,0.1997,0,0.000e+00,sam,-6.99354,-6.46116,-0.53238,-0.23438,-0.05902,-0.03125,-0.51342,-0.18750,-70.298,-0.34868,0.44030,0.09162,,GT_ABSENT,
COCO_val2014_000000523292.jpg,523292,probe,hair drier,,0.1124,1,214,0.3715,0,0.000e+00,sam,-4.95074,-3.66110,-1.28964,-0.62500,-0.15708,-0.57813,-1.47601,-0.50000,-263.148,-0.34868,0.44030,0.09162,,GT_ABSENT,
COCO_val2014_000000523292.jpg,523292,probe,baseball glove,,0.1271,1,214,0.3715,0,0.000e+00,sam,-5.54793,-5.06011,-0.48783,-0.42187,0.13019,0.35937,-0.29482,-0.42188,-62.877,-0.34868,0.44030,0.09162,,GT_ABSENT,
COCO_val2014_000000523292.jpg,523292,probe,potted plant,,0.1307,1,51,0.0885,0,0.000e+00,sam,-3.04896,-3.05000,0.00104,0.04688,0.04583,-0.04687,0.05223,0.06250,0.104,-0.34868,0.44030,0.09162,,GT_ABSENT,
COCO_val2014_000000523292.jpg,523292,probe,skateboard,,0.2032,1,113,0.1962,0,0.000e+00,sam,-4.21582,-4.45697,0.24114,-0.37500,0.62795,0.06250,0.30323,-0.28125,21.427,-0.34868,0.44030,0.09162,,GT_ABSENT,
COCO_val2014_000000523292.jpg,523292,probe,knife,,0.2205,1,214,0.3715,0,0.000e+00,sam,-8.65669,-7.87188,-0.78481,-0.20313,-1.10019,0.37500,-0.70762,0.14062,-119.198,-0.34868,0.44030,0.09162,,GT_ABSENT,
COCO_val2014_000000523292.jpg,523292,probe,baseball bat,,0.2094,1,214,0.3715,0,0.000e+00,sam,-7.80607,-7.51191,-0.29416,-0.21875,0.65626,0.51563,0.01036,-0.18750,-34.200,-0.34868,0.44030,0.09162,,GT_ABSENT,
COCO_val2014_000000523292.jpg,523292,probe,tennis racket,,0.2065,1,116,0.2014,0,0.000e+00,sam,-5.67218,-5.21165,-0.46053,-0.31250,1.17139,-0.21875,-0.49720,-0.32812,-58.491,-0.34868,0.44030,0.09162,,GT_ABSENT,
COCO_val2014_000000523292.jpg,523292,probe,fire hydrant,,0.1753,1,214,0.3715,0,0.000e+00,sam,-5.38022,-4.69964,-0.68059,-0.14062,0.75215,0.21875,-0.38250,-0.04687,-97.504,-0.34868,0.44030,0.09162,,GT_ABSENT,
COCO_val2014_000000523292.jpg,523292,probe,traffic light,,0.1088,1,214,0.3715,0,0.000e+00,sam,-7.74512,-7.70245,-0.04267,-0.03125,0.37384,0.03125,0.17535,0.15625,-4.360,-0.34868,0.44030,0.09162,,GT_ABSENT,
COCO_val2014_000000523292.jpg,523292,probe,,,0.0482,1,122,0.2118,0,0.000e+00,sam,-11.39362,-11.01522,-0.37840,0.48438,0.96507,0.20312,-0.26022,0.45312,-45.995,-0.34868,0.44030,0.09162,,GT_ABSENT,
COCO_val2014_000000012375.jpg,12375,candidate,carrot,carrot,0.3914,2,55,0.0955,0,0.000e+00,sam,-4.72274,-5.56778,0.84504,4.32812,2.53582,1.64062,1.17415,4.34375,57.046,-0.45478,0.71546,0.26068,VERIFIED,REAL,TN
COCO_val2014_000000012375.jpg,12375,candidate,bird,turkey,0.1806,1,369,0.6406,0,0.000e+00,sam,-8.87464,-6.45898,-2.41565,2.64062,-2.06099,1.81250,-1.58602,1.09375,-1019.709,-0.45478,0.71546,0.26068,HALLUCINATED,HALLUCINATED,TP
COCO_val2014_000000012375.jpg,12375,candidate,dining table,table,0.7242,1,265,0.4601,0,0.000e+00,sam,-1.68842,-1.54224,-0.14618,1.26563,-0.22794,1.01562,0.00000,0.00000,-15.741,-0.45478,0.71546,0.26068,HALLUCINATED,REAL,FP
COCO_val2014_000000012375.jpg,12375,candidate,lettuce,lettuce,0.5206,1,127,0.2205,0,0.000e+00,sam,-5.52718,-7.04591,1.51872,8.10937,4.23229,6.90625,1.84065,8.01563,78.101,-0.45478,0.71546,0.26068,VERIFIED,UNKNOWN,TN
COCO_val2014_000000012375.jpg,12375,candidate,variety,variety,0.5892,1,367,0.6372,0,0.000e+00,sam,-3.64026,-6.67420,3.03394,3.93750,4.74065,3.34375,2.41012,2.87500,95.187,-0.45478,0.71546,0.26068,VERIFIED,UNKNOWN,TN
COCO_val2014_000000012375.jpg,12375,candidate,plate,plate,0.7859,1,265,0.4601,0,0.000e+00,sam,-0.28089,-0.58379,0.30290,0.98437,0.04991,-0.37500,0.00000,0.00000,26.133,-0.45478,0.71546,0.26068,VERIFIED,UNKNOWN,TN
COCO_val2014_000000012375.jpg,12375,candidate,food,food,0.5287,3,376,0.6528,0,0.000e+00,sam,-6.19495,-6.59130,0.39635,8.75000,1.06756,7.56250,1.59411,6.23438,32.723,-0.45478,0.71546,0.26068,VERIFIED,UNKNOWN,TN
COCO_val2014_000000012375.jpg,12375,candidate,meat,meat,0.4454,1,121,0.2101,0,0.000e+00,sam,-7.67151,-8.54040,0.86888,3.12500,2.16381,1.87500,1.04013,3.43750,58.058,-0.45478,0.71546,0.26068,VERIFIED,UNKNOWN,TN
COCO_val2014_000000012375.jpg,12375,probe,parking meter,,0.0319,1,265,0.4601,0,0.000e+00,sam,-6.31253,-6.57052,0.25799,-0.96875,1.36102,-1.04687,0.00000,0.00000,22.740,-0.45478,0.71546,0.26068,,GT_ABSENT,
COCO_val2014_000000012375.jpg,12375,probe,kite,,0.1433,1,263,0.4566,0,0.000e+00,sam,-7.65525,-7.60225,-0.05300,-0.68750,1.74885,0.18750,0.00000,0.00000,-5.443,-0.45478,0.71546,0.26068,,GT_ABSENT,
COCO_val2014_000000012375.jpg,12375,probe,fire hydrant,,0.1283,1,265,0.4601,0,0.000e+00,sam,-6.80914,-6.54141,-0.26773,-0.51562,0.84274,-0.56250,0.00000,0.00000,-30.700,-0.45478,0.71546,0.26068,,GT_ABSENT,
COCO_val2014_000000012375.jpg,12375,probe,motorcycle,,0.0947,1,264,0.4583,0,0.000e+00,sam,-6.94682,-6.74218,-0.20465,-0.54687,0.54922,-0.65625,0.00000,0.00000,-22.709,-0.45478,0.71546,0.26068,,GT_ABSENT,
COCO_val2014_000000012375.jpg,12375,probe,skateboard,,0.0807,1,265,0.4601,0,0.000e+00,sam,-6.35403,-6.47045,0.11642,-0.56250,1.40322,-0.51562,0.00000,0.00000,10.990,-0.45478,0.71546,0.26068,,GT_ABSENT,
COCO_val2014_000000012375.jpg,12375,probe,handbag,,0.1468,1,127,0.2205,0,0.000e+00,sam,-8.33748,-8.57380,0.23631,0.07813,1.46350,1.87500,0.19464,0.17188,21.047,-0.45478,0.71546,0.26068,,GT_ABSENT,
COCO_val2014_000000012375.jpg,12375,probe,backpack,,0.1177,1,263,0.4566,0,0.000e+00,sam,-9.18101,-8.80837,-0.37265,-0.85938,0.70247,-0.73438,0.00000,0.00000,-45.157,-0.45478,0.71546,0.26068,,GT_ABSENT,
COCO_val2014_000000012375.jpg,12375,probe,bottle,,0.1423,1,30,0.0521,0,0.000e+00,sam,-6.60585,-6.58272,-0.02313,-0.01563,2.89539,4.42187,0.03158,-0.03125,-2.340,-0.45478,0.71546,0.26068,,GT_ABSENT,
COCO_val2014_000000012375.jpg,12375,probe,frisbee,,0.1320,1,265,0.4601,0,0.000e+00,sam,-3.95796,-3.52278,-0.43518,-0.82813,0.90280,0.32813,0.00000,0.00000,-54.524,-0.45478,0.71546,0.26068,,GT_ABSENT,
COCO_val2014_000000012375.jpg,12375,probe,,,0.0369,1,359,0.6233,0,0.000e+00,sam,-11.99183,-9.85516,-2.13666,0.15625,-1.43903,0.45312,-0.97374,-0.01562,-747.112,-0.45478,0.71546,0.26068,,GT_ABSENT,
COCO_val2014_000000012375.jpg,12375,probe,tennis racket,,0.0514,1,265,0.4601,0,0.000e+00,sam,-5.80010,-5.75135,-0.04875,-0.64063,1.07650,-0.59375,0.00000,0.00000,-4.996,-0.45478,0.71546,0.26068,,GT_ABSENT,
COCO_val2014_000000012375.jpg,12375,probe,potted plant,,0.1297,1,265,0.4601,0,0.000e+00,sam,-4.55062,-4.07353,-0.47709,-0.42188,-0.13087,-0.50000,0.00000,0.00000,-61.138,-0.45478,0.71546,0.26068,,GT_ABSENT,
COCO_val2014_000000012375.jpg,12375,probe,toothbrush,,0.0684,1,265,0.4601,0,0.000e+00,sam,-5.21491,-5.23891,0.02399,-0.95312,1.20627,-0.75000,0.00000,0.00000,2.371,-0.45478,0.71546,0.26068,,GT_ABSENT,
COCO_val2014_000000012375.jpg,12375,probe,baseball glove,,0.0839,1,44,0.0764,0,0.000e+00,sam,-6.36689,-6.50551,0.13862,0.01563,2.00130,2.93750,0.15374,0.00000,12.944,-0.45478,0.71546,0.26068,,GT_ABSENT,
COCO_val2014_000000012375.jpg,12375,probe,stop sign,,0.0465,1,264,0.4583,0,0.000e+00,sam,-8.15129,-7.53640,-0.61490,-1.06250,0.98010,-1.07813,0.00000,0.00000,-84.947,-0.45478,0.71546,0.26068,,GT_ABSENT,
COCO_val2014_000000012375.jpg,12375,probe,hair drier,,0.0276,1,355,0.6163,0,0.000e+00,sam,-6.51090,-4.64216,-1.86874,-1.03125,-2.06387,-0.53125,-0.94940,-0.98438,-548.012,-0.45478,0.71546,0.26068,,GT_ABSENT,
COCO_val2014_000000012375.jpg,12375,probe,bench,,0.1475,1,265,0.4601,0,0.000e+00,sam,-7.01917,-6.19304,-0.82612,-0.56250,-0.16141,-0.46875,0.00000,0.00000,-128.445,-0.45478,0.71546,0.26068,,GT_ABSENT,
COCO_val2014_000000012375.jpg,12375,probe,suitcase,,0.1240,1,263,0.4566,0,0.000e+00,sam,-6.89984,-6.47273,-0.42711,-0.89062,-0.17168,-0.84375,0.00000,0.00000,-53.282,-0.45478,0.71546,0.26068,,GT_ABSENT,
COCO_val2014_000000012375.jpg,12375,probe,snowboard,,0.0297,1,265,0.4601,0,0.000e+00,sam,-8.87910,-8.68788,-0.19122,-0.54687,1.60884,-0.23437,0.00000,0.00000,-21.073,-0.45478,0.71546,0.26068,,GT_ABSENT,
COCO_val2014_000000012375.jpg,12375,probe,traffic light,,0.0344,1,365,0.6337,0,0.000e+00,sam,-8.64548,-6.72344,-1.92204,0.17188,-1.32574,0.42188,-0.55605,0.37500,-583.489,-0.45478,0.71546,0.26068,,GT_ABSENT,
COCO_val2014_000000013550.jpg,13550,candidate,person,woman,0.8017,1,89,0.1545,0,0.000e+00,sam,-2.72223,-8.40530,5.68307,7.64063,4.40330,5.28125,5.76797,7.62500,99.660,-0.05366,0.32073,0.26708,VERIFIED,REAL,TN
COCO_val2014_000000013550.jpg,13550,candidate,elephant,elephant,0.7438,10,236,0.4097,0,0.000e+00,sam,-2.29309,-4.60442,2.31134,10.31250,2.02336,8.43750,2.30214,9.82812,90.087,-0.05366,0.32073,0.26708,VERIFIED,REAL,TN
COCO_val2014_000000013550.jpg,13550,candidate,hat,hat,0.3310,1,89,0.1545,0,0.000e+00,sam,-11.07379,-12.54202,1.46822,3.96875,1.93064,3.43750,1.28915,3.96875,76.967,-0.05366,0.32073,0.26708,VERIFIED,UNKNOWN,TN
COCO_val2014_000000013550.jpg,13550,probe,oven,,0.1645,1,160,0.2778,0,0.000e+00,sam,-10.12730,-10.40050,0.27320,-0.10937,-0.04384,-0.00000,0.20339,-0.17188,23.906,-0.05366,0.32073,0.26708,,GT_ABSENT,
COCO_val2014_000000013550.jpg,13550,probe,hair drier,,0.1026,1,160,0.2778,0,0.000e+00,sam,-6.17643,-6.03642,-0.14001,-0.23437,-1.12331,-0.07812,-0.15394,-0.12500,-15.028,-0.05366,0.32073,0.26708,,GT_ABSENT,
COCO_val2014_000000013550.jpg,13550,probe,baseball glove,,0.1555,1,160,0.2778,0,0.000e+00,sam,-5.22984,-5.01118,-0.21866,-0.04688,-0.78537,-0.35938,-0.48105,-0.64062,-24.441,-0.05366,0.32073,0.26708,,GT_ABSENT,
COCO_val2014_000000013550.jpg,13550,probe,sports ball,,0.1673,1,7,0.0122,0,0.000e+00,sam,-6.44944,-6.59951,0.15007,0.14063,2.17419,3.84375,0.15367,0.17188,13.935,-0.05366,0.32073,0.26708,,GT_ABSENT,
COCO_val2014_000000013550.jpg,13550,probe,skis,,0.1383,1,160,0.2778,0,0.000e+00,sam,-10.24666,-10.17325,-0.07341,-0.03125,0.05397,0.25000,0.34723,-0.18750,-7.618,-0.05366,0.32073,0.26708,,GT_ABSENT,
COCO_val2014_000000013550.jpg,13550,probe,suitcase,,0.1504,1,160,0.2778,0,0.000e+00,sam,-5.87888,-5.79010,-0.08878,-0.03125,-1.06927,0.32813,0.39620,-0.03125,-9.284,-0.05366,0.32073,0.26708,,GT_ABSENT,
COCO_val2014_000000013550.jpg,13550,probe,stop sign,,0.0860,1,160,0.2778,0,0.000e+00,sam,-5.36103,-5.55175,0.19072,-0.01562,-0.82058,0.84375,0.37957,-0.07812,17.364,-0.05366,0.32073,0.26708,,GT_ABSENT,
COCO_val2014_000000013550.jpg,13550,probe,tennis racket,,0.1055,1,160,0.2778,0,0.000e+00,sam,-5.04542,-4.75631,-0.28910,-0.18750,-0.68730,0.14062,-0.46205,0.06250,-33.523,-0.05366,0.32073,0.26708,,GT_ABSENT,
COCO_val2014_000000013550.jpg,13550,probe,snowboard,,0.1040,1,160,0.2778,0,0.000e+00,sam,-6.54038,-6.10963,-0.43075,-0.14063,-2.27311,-0.10938,-0.14018,-0.17188,-53.842,-0.05366,0.32073,0.26708,,GT_ABSENT,
COCO_val2014_000000013550.jpg,13550,probe,bowl,,0.1254,1,160,0.2778,0,0.000e+00,sam,-5.59403,-5.68513,0.09110,-0.01562,-0.47421,0.37500,0.15144,-0.31250,8.708,-0.05366,0.32073,0.26708,,GT_ABSENT,
COCO_val2014_000000013550.jpg,13550,probe,baseball bat,,0.1299,1,160,0.2778,0,0.000e+00,sam,-7.13367,-7.15732,0.02365,-0.04687,-0.19356,0.35938,-0.11997,-0.03125,2.338,-0.05366,0.32073,0.26708,,GT_ABSENT,
COCO_val2014_000000013550.jpg,13550,probe,motorcycle,,0.1104,1,160,0.2778,0,0.000e+00,sam,-5.79190,-5.60497,-0.18692,-0.07812,-0.89597,0.14062,-0.01489,-0.09375,-20.554,-0.05366,0.32073,0.26708,,GT_ABSENT,
COCO_val2014_000000013550.jpg,13550,probe,,,0.0654,1,160,0.2778,0,0.000e+00,sam,-10.95661,-10.80529,-0.15131,0.09375,-0.45569,0.25000,0.19195,0.03125,-16.336,-0.05366,0.32073,0.26708,,GT_ABSENT,
COCO_val2014_000000013550.jpg,13550,probe,tv,,0.0905,1,160,0.2778,0,0.000e+00,sam,-16.00739,-15.68420,-0.32319,-0.01562,-1.22327,0.28125,0.05030,-0.18750,-38.153,-0.05366,0.32073,0.26708,,GT_ABSENT,
COCO_val2014_000000013550.jpg,13550,probe,toaster,,0.0622,1,160,0.2778,0,0.000e+00,sam,-8.22106,-8.69291,0.47185,-0.06250,-0.95640,0.23437,0.54576,-0.04687,37.615,-0.05366,0.32073,0.26708,,GT_ABSENT,
COCO_val2014_000000013550.jpg,13550,probe,wine glass,,0.1256,1,7,0.0122,0,0.000e+00,sam,-6.59997,-6.66238,0.06241,0.09375,1.83534,4.29688,0.01082,0.10938,6.051,-0.05366,0.32073,0.26708,,GT_ABSENT,
COCO_val2014_000000013550.jpg,13550,probe,parking meter,,0.1015,1,160,0.2778,0,0.000e+00,sam,-4.50348,-4.76730,0.26382,-0.09375,-1.07468,0.56250,-0.20933,-0.10938,23.189,-0.05366,0.32073,0.26708,,GT_ABSENT,
COCO_val2014_000000013550.jpg,13550,probe,sink,,0.1483,1,160,0.2778,0,0.000e+00,sam,-10.23786,-9.25060,-0.98725,0.57813,-3.43616,0.92188,-1.34711,1.85938,-168.385,-0.05366,0.32073,0.26708,,GT_ABSENT,
COCO_val2014_000000013550.jpg,13550,probe,microwave,,0.1653,1,160,0.2778,0,0.000e+00,sam,-4.52113,-4.51587,-0.00526,-0.12500,-0.93013,-0.15625,-0.12956,-0.17188,-0.527,-0.05366,0.32073,0.26708,,GT_ABSENT,
COCO_val2014_000000013550.jpg,13550,probe,traffic light,,0.0809,1,160,0.2778,0,0.000e+00,sam,-6.35697,-6.65160,0.29463,-0.14063,-0.49921,0.40625,0.16794,-0.28125,25.519,-0.05366,0.32073,0.26708,,GT_ABSENT,
